"","phase","year","plot","plot_num","plot_dir","rotation","corn","crop","variety","all_corn","yield_bush","yield_ton","treated","treatment","manure","lime","nit","p205","k20","stover","population","plant_date","plant_day","soil_sample","damage","notes"
"1",1,1888,"3NA",3,"NW",1,TRUE,"CC","Burr's White",FALSE,54.3,NA,FALSE,"none",NA,NA,NA,NA,NA,NA,NA,"1888-05-04",125,FALSE,NA,NA
"2",1,1888,"3NB",3,"NW",1,TRUE,"CC","Burr's White",FALSE,54.3,NA,FALSE,"none",NA,NA,NA,NA,NA,NA,NA,"1888-05-04",125,FALSE,NA,NA
"3",1,1888,"3NC",3,"NE",1,TRUE,"CC","Burr's White",FALSE,54.3,NA,FALSE,"none",NA,NA,NA,NA,NA,NA,NA,"1888-05-04",125,FALSE,NA,NA
"4",1,1888,"3ND",3,"NE",1,TRUE,"CC","Burr's White",FALSE,54.3,NA,FALSE,"none",NA,NA,NA,NA,NA,NA,NA,"1888-05-04",125,FALSE,NA,NA
"5",1,1888,"3SA",3,"SW",1,TRUE,"CC","Burr's White",FALSE,54.3,NA,FALSE,"none",NA,NA,NA,NA,NA,NA,NA,"1888-05-04",125,FALSE,NA,NA
"6",1,1888,"3SB",3,"SW",1,TRUE,"CC","Burr's White",FALSE,54.3,NA,FALSE,"none",NA,NA,NA,NA,NA,NA,NA,"1888-05-04",125,FALSE,NA,NA
"7",1,1888,"3SC",3,"SE",1,TRUE,"CC","Burr's White",FALSE,54.3,NA,FALSE,"none",NA,NA,NA,NA,NA,NA,NA,"1888-05-04",125,FALSE,NA,NA
"8",1,1888,"3SD",3,"SE",1,TRUE,"CC","Burr's White",FALSE,54.3,NA,FALSE,"none",NA,NA,NA,NA,NA,NA,NA,"1888-05-04",125,FALSE,NA,NA
"9",1,1888,"4NA",4,"NW",2,TRUE,"C","Burr's White",FALSE,49.5,NA,FALSE,"none",NA,NA,NA,NA,NA,NA,NA,"1888-05-04",125,FALSE,NA,NA
"10",1,1888,"4NB",4,"NW",2,TRUE,"C","Burr's White",FALSE,49.5,NA,FALSE,"none",NA,NA,NA,NA,NA,NA,NA,"1888-05-04",125,FALSE,NA,NA
"11",1,1888,"4NC",4,"NE",2,TRUE,"C","Burr's White",FALSE,49.5,NA,FALSE,"none",NA,NA,NA,NA,NA,NA,NA,"1888-05-04",125,FALSE,NA,NA
"12",1,1888,"4ND",4,"NE",2,TRUE,"C","Burr's White",FALSE,49.5,NA,FALSE,"none",NA,NA,NA,NA,NA,NA,NA,"1888-05-04",125,FALSE,NA,NA
"13",1,1888,"4SA",4,"SW",2,TRUE,"C","Burr's White",FALSE,49.5,NA,FALSE,"none",NA,NA,NA,NA,NA,NA,NA,"1888-05-04",125,FALSE,NA,NA
"14",1,1888,"4SB",4,"SW",2,TRUE,"C","Burr's White",FALSE,49.5,NA,FALSE,"none",NA,NA,NA,NA,NA,NA,NA,"1888-05-04",125,FALSE,NA,NA
"15",1,1888,"4SC",4,"SE",2,TRUE,"C","Burr's White",FALSE,49.5,NA,FALSE,"none",NA,NA,NA,NA,NA,NA,NA,"1888-05-04",125,FALSE,NA,NA
"16",1,1888,"4SD",4,"SE",2,TRUE,"C","Burr's White",FALSE,49.5,NA,FALSE,"none",NA,NA,NA,NA,NA,NA,NA,"1888-05-04",125,FALSE,NA,NA
"17",1,1888,"5NA",5,"NW",3,FALSE,"O","Welcome",FALSE,48.6,NA,FALSE,"none",NA,NA,NA,NA,NA,NA,NA,"1888-04-05",96,FALSE,NA,NA
"18",1,1888,"5NB",5,"NW",3,FALSE,"O","Welcome",FALSE,48.6,NA,FALSE,"none",NA,NA,NA,NA,NA,NA,NA,"1888-04-05",96,FALSE,NA,NA
"19",1,1888,"5NC",5,"NE",3,FALSE,"O","Welcome",FALSE,48.6,NA,FALSE,"none",NA,NA,NA,NA,NA,NA,NA,"1888-04-05",96,FALSE,NA,NA
"20",1,1888,"5ND",5,"NE",3,FALSE,"O","Welcome",FALSE,48.6,NA,FALSE,"none",NA,NA,NA,NA,NA,NA,NA,"1888-04-05",96,FALSE,NA,NA
"21",1,1888,"5SA",5,"SW",3,FALSE,"O","Welcome",FALSE,48.6,NA,FALSE,"none",NA,NA,NA,NA,NA,NA,NA,"1888-04-05",96,FALSE,NA,NA
"22",1,1888,"5SB",5,"SW",3,FALSE,"O","Welcome",FALSE,48.6,NA,FALSE,"none",NA,NA,NA,NA,NA,NA,NA,"1888-04-05",96,FALSE,NA,NA
"23",1,1888,"5SC",5,"SE",3,FALSE,"O","Welcome",FALSE,48.6,NA,FALSE,"none",NA,NA,NA,NA,NA,NA,NA,"1888-04-05",96,FALSE,NA,NA
"24",1,1888,"5SD",5,"SE",3,FALSE,"O","Welcome",FALSE,48.6,NA,FALSE,"none",NA,NA,NA,NA,NA,NA,NA,"1888-04-05",96,FALSE,NA,NA
"25",1,1889,"3NA",3,"NW",1,TRUE,"CC","Burr's White",FALSE,43.2,NA,FALSE,"none",NA,NA,NA,NA,NA,NA,NA,"1889-04-30",120,FALSE,NA,NA
"26",1,1889,"3NB",3,"NW",1,TRUE,"CC","Burr's White",FALSE,43.2,NA,FALSE,"none",NA,NA,NA,NA,NA,NA,NA,"1889-04-30",120,FALSE,NA,NA
"27",1,1889,"3NC",3,"NE",1,TRUE,"CC","Burr's White",FALSE,43.2,NA,FALSE,"none",NA,NA,NA,NA,NA,NA,NA,"1889-04-30",120,FALSE,NA,NA
"28",1,1889,"3ND",3,"NE",1,TRUE,"CC","Burr's White",FALSE,43.2,NA,FALSE,"none",NA,NA,NA,NA,NA,NA,NA,"1889-04-30",120,FALSE,NA,NA
"29",1,1889,"3SA",3,"SW",1,TRUE,"CC","Burr's White",FALSE,43.2,NA,FALSE,"none",NA,NA,NA,NA,NA,NA,NA,"1889-04-30",120,FALSE,NA,NA
"30",1,1889,"3SB",3,"SW",1,TRUE,"CC","Burr's White",FALSE,43.2,NA,FALSE,"none",NA,NA,NA,NA,NA,NA,NA,"1889-04-30",120,FALSE,NA,NA
"31",1,1889,"3SC",3,"SE",1,TRUE,"CC","Burr's White",FALSE,43.2,NA,FALSE,"none",NA,NA,NA,NA,NA,NA,NA,"1889-04-30",120,FALSE,NA,NA
"32",1,1889,"3SD",3,"SE",1,TRUE,"CC","Burr's White",FALSE,43.2,NA,FALSE,"none",NA,NA,NA,NA,NA,NA,NA,"1889-04-30",120,FALSE,NA,NA
"33",1,1889,"4NA",4,"NW",2,FALSE,"O","Welcome",FALSE,37.4,NA,FALSE,"none",NA,NA,NA,NA,NA,NA,NA,"1889-03-22",81,FALSE,NA,NA
"34",1,1889,"4NB",4,"NW",2,FALSE,"O","Welcome",FALSE,37.4,NA,FALSE,"none",NA,NA,NA,NA,NA,NA,NA,"1889-03-22",81,FALSE,NA,NA
"35",1,1889,"4NC",4,"NE",2,FALSE,"O","Welcome",FALSE,37.4,NA,FALSE,"none",NA,NA,NA,NA,NA,NA,NA,"1889-03-22",81,FALSE,NA,NA
"36",1,1889,"4ND",4,"NE",2,FALSE,"O","Welcome",FALSE,37.4,NA,FALSE,"none",NA,NA,NA,NA,NA,NA,NA,"1889-03-22",81,FALSE,NA,NA
"37",1,1889,"4SA",4,"SW",2,FALSE,"O","Welcome",FALSE,37.4,NA,FALSE,"none",NA,NA,NA,NA,NA,NA,NA,"1889-03-22",81,FALSE,NA,NA
"38",1,1889,"4SB",4,"SW",2,FALSE,"O","Welcome",FALSE,37.4,NA,FALSE,"none",NA,NA,NA,NA,NA,NA,NA,"1889-03-22",81,FALSE,NA,NA
"39",1,1889,"4SC",4,"SE",2,FALSE,"O","Welcome",FALSE,37.4,NA,FALSE,"none",NA,NA,NA,NA,NA,NA,NA,"1889-03-22",81,FALSE,NA,NA
"40",1,1889,"4SD",4,"SE",2,FALSE,"O","Welcome",FALSE,37.4,NA,FALSE,"none",NA,NA,NA,NA,NA,NA,NA,"1889-03-22",81,FALSE,NA,NA
"41",1,1889,"5NA",5,"NW",3,FALSE,"H","Medium clover",FALSE,NA,4.04,FALSE,"none",NA,NA,NA,NA,NA,NA,NA,"1889-04-06",96,FALSE,NA,NA
"42",1,1889,"5NB",5,"NW",3,FALSE,"H","Medium clover",FALSE,NA,4.04,FALSE,"none",NA,NA,NA,NA,NA,NA,NA,"1889-04-06",96,FALSE,NA,NA
"43",1,1889,"5NC",5,"NE",3,FALSE,"H","Medium clover",FALSE,NA,4.04,FALSE,"none",NA,NA,NA,NA,NA,NA,NA,"1889-04-06",96,FALSE,NA,NA
"44",1,1889,"5ND",5,"NE",3,FALSE,"H","Medium clover",FALSE,NA,4.04,FALSE,"none",NA,NA,NA,NA,NA,NA,NA,"1889-04-06",96,FALSE,NA,NA
"45",1,1889,"5SA",5,"SW",3,FALSE,"H","Medium clover",FALSE,NA,4.04,FALSE,"none",NA,NA,NA,NA,NA,NA,NA,"1889-04-06",96,FALSE,NA,NA
"46",1,1889,"5SB",5,"SW",3,FALSE,"H","Medium clover",FALSE,NA,4.04,FALSE,"none",NA,NA,NA,NA,NA,NA,NA,"1889-04-06",96,FALSE,NA,NA
"47",1,1889,"5SC",5,"SE",3,FALSE,"H","Medium clover",FALSE,NA,4.04,FALSE,"none",NA,NA,NA,NA,NA,NA,NA,"1889-04-06",96,FALSE,NA,NA
"48",1,1889,"5SD",5,"SE",3,FALSE,"H","Medium clover",FALSE,NA,4.04,FALSE,"none",NA,NA,NA,NA,NA,NA,NA,"1889-04-06",96,FALSE,NA,NA
"49",1,1890,"3NA",3,"NW",1,TRUE,"CC","Burr's White",FALSE,48.7,NA,FALSE,"none",NA,NA,NA,NA,NA,NA,NA,"1890-05-03",123,FALSE,NA,NA
"50",1,1890,"3NB",3,"NW",1,TRUE,"CC","Burr's White",FALSE,48.7,NA,FALSE,"none",NA,NA,NA,NA,NA,NA,NA,"1890-05-03",123,FALSE,NA,NA
"51",1,1890,"3NC",3,"NE",1,TRUE,"CC","Burr's White",FALSE,48.7,NA,FALSE,"none",NA,NA,NA,NA,NA,NA,NA,"1890-05-03",123,FALSE,NA,NA
"52",1,1890,"3ND",3,"NE",1,TRUE,"CC","Burr's White",FALSE,48.7,NA,FALSE,"none",NA,NA,NA,NA,NA,NA,NA,"1890-05-03",123,FALSE,NA,NA
"53",1,1890,"3SA",3,"SW",1,TRUE,"CC","Burr's White",FALSE,48.7,NA,FALSE,"none",NA,NA,NA,NA,NA,NA,NA,"1890-05-03",123,FALSE,NA,NA
"54",1,1890,"3SB",3,"SW",1,TRUE,"CC","Burr's White",FALSE,48.7,NA,FALSE,"none",NA,NA,NA,NA,NA,NA,NA,"1890-05-03",123,FALSE,NA,NA
"55",1,1890,"3SC",3,"SE",1,TRUE,"CC","Burr's White",FALSE,48.7,NA,FALSE,"none",NA,NA,NA,NA,NA,NA,NA,"1890-05-03",123,FALSE,NA,NA
"56",1,1890,"3SD",3,"SE",1,TRUE,"CC","Burr's White",FALSE,48.7,NA,FALSE,"none",NA,NA,NA,NA,NA,NA,NA,"1890-05-03",123,FALSE,NA,NA
"57",1,1890,"4NA",4,"NW",2,TRUE,"C","Burr's White",FALSE,54.3,NA,FALSE,"none",NA,NA,NA,NA,NA,NA,NA,"1890-05-03",123,FALSE,NA,NA
"58",1,1890,"4NB",4,"NW",2,TRUE,"C","Burr's White",FALSE,54.3,NA,FALSE,"none",NA,NA,NA,NA,NA,NA,NA,"1890-05-03",123,FALSE,NA,NA
"59",1,1890,"4NC",4,"NE",2,TRUE,"C","Burr's White",FALSE,54.3,NA,FALSE,"none",NA,NA,NA,NA,NA,NA,NA,"1890-05-03",123,FALSE,NA,NA
"60",1,1890,"4ND",4,"NE",2,TRUE,"C","Burr's White",FALSE,54.3,NA,FALSE,"none",NA,NA,NA,NA,NA,NA,NA,"1890-05-03",123,FALSE,NA,NA
"61",1,1890,"4SA",4,"SW",2,TRUE,"C","Burr's White",FALSE,54.3,NA,FALSE,"none",NA,NA,NA,NA,NA,NA,NA,"1890-05-03",123,FALSE,NA,NA
"62",1,1890,"4SB",4,"SW",2,TRUE,"C","Burr's White",FALSE,54.3,NA,FALSE,"none",NA,NA,NA,NA,NA,NA,NA,"1890-05-03",123,FALSE,NA,NA
"63",1,1890,"4SC",4,"SE",2,TRUE,"C","Burr's White",FALSE,54.3,NA,FALSE,"none",NA,NA,NA,NA,NA,NA,NA,"1890-05-03",123,FALSE,NA,NA
"64",1,1890,"4SD",4,"SE",2,TRUE,"C","Burr's White",FALSE,54.3,NA,FALSE,"none",NA,NA,NA,NA,NA,NA,NA,"1890-05-03",123,FALSE,NA,NA
"65",1,1890,"5NA",5,"NW",3,FALSE,"H","Medium clover",FALSE,NA,1.51,FALSE,"none",NA,NA,NA,NA,NA,NA,NA,NA,NA,FALSE,NA,NA
"66",1,1890,"5NB",5,"NW",3,FALSE,"H","Medium clover",FALSE,NA,1.51,FALSE,"none",NA,NA,NA,NA,NA,NA,NA,NA,NA,FALSE,NA,NA
"67",1,1890,"5NC",5,"NE",3,FALSE,"H","Medium clover",FALSE,NA,1.51,FALSE,"none",NA,NA,NA,NA,NA,NA,NA,NA,NA,FALSE,NA,NA
"68",1,1890,"5ND",5,"NE",3,FALSE,"H","Medium clover",FALSE,NA,1.51,FALSE,"none",NA,NA,NA,NA,NA,NA,NA,NA,NA,FALSE,NA,NA
"69",1,1890,"5SA",5,"SW",3,FALSE,"H","Medium clover",FALSE,NA,1.51,FALSE,"none",NA,NA,NA,NA,NA,NA,NA,NA,NA,FALSE,NA,NA
"70",1,1890,"5SB",5,"SW",3,FALSE,"H","Medium clover",FALSE,NA,1.51,FALSE,"none",NA,NA,NA,NA,NA,NA,NA,NA,NA,FALSE,NA,NA
"71",1,1890,"5SC",5,"SE",3,FALSE,"H","Medium clover",FALSE,NA,1.51,FALSE,"none",NA,NA,NA,NA,NA,NA,NA,NA,NA,FALSE,NA,NA
"72",1,1890,"5SD",5,"SE",3,FALSE,"H","Medium clover",FALSE,NA,1.51,FALSE,"none",NA,NA,NA,NA,NA,NA,NA,NA,NA,FALSE,NA,NA
"73",1,1891,"3NA",3,"NW",1,TRUE,"CC","Burr's White",FALSE,28.6,NA,FALSE,"none",NA,NA,NA,NA,NA,NA,NA,"1891-05-05",125,FALSE,NA,NA
"74",1,1891,"3NB",3,"NW",1,TRUE,"CC","Burr's White",FALSE,28.6,NA,FALSE,"none",NA,NA,NA,NA,NA,NA,NA,"1891-05-05",125,FALSE,NA,NA
"75",1,1891,"3NC",3,"NE",1,TRUE,"CC","Burr's White",FALSE,28.6,NA,FALSE,"none",NA,NA,NA,NA,NA,NA,NA,"1891-05-05",125,FALSE,NA,NA
"76",1,1891,"3ND",3,"NE",1,TRUE,"CC","Burr's White",FALSE,28.6,NA,FALSE,"none",NA,NA,NA,NA,NA,NA,NA,"1891-05-05",125,FALSE,NA,NA
"77",1,1891,"3SA",3,"SW",1,TRUE,"CC","Burr's White",FALSE,28.6,NA,FALSE,"none",NA,NA,NA,NA,NA,NA,NA,"1891-05-05",125,FALSE,NA,NA
"78",1,1891,"3SB",3,"SW",1,TRUE,"CC","Burr's White",FALSE,28.6,NA,FALSE,"none",NA,NA,NA,NA,NA,NA,NA,"1891-05-05",125,FALSE,NA,NA
"79",1,1891,"3SC",3,"SE",1,TRUE,"CC","Burr's White",FALSE,28.6,NA,FALSE,"none",NA,NA,NA,NA,NA,NA,NA,"1891-05-05",125,FALSE,NA,NA
"80",1,1891,"3SD",3,"SE",1,TRUE,"CC","Burr's White",FALSE,28.6,NA,FALSE,"none",NA,NA,NA,NA,NA,NA,NA,"1891-05-05",125,FALSE,NA,NA
"81",1,1891,"4NA",4,"NW",2,TRUE,"C","Burr's White",FALSE,33.2,NA,FALSE,"none",NA,NA,NA,NA,NA,NA,NA,"1891-05-06",126,FALSE,NA,NA
"82",1,1891,"4NB",4,"NW",2,TRUE,"C","Burr's White",FALSE,33.2,NA,FALSE,"none",NA,NA,NA,NA,NA,NA,NA,"1891-05-06",126,FALSE,NA,NA
"83",1,1891,"4NC",4,"NE",2,TRUE,"C","Burr's White",FALSE,33.2,NA,FALSE,"none",NA,NA,NA,NA,NA,NA,NA,"1891-05-06",126,FALSE,NA,NA
"84",1,1891,"4ND",4,"NE",2,TRUE,"C","Burr's White",FALSE,33.2,NA,FALSE,"none",NA,NA,NA,NA,NA,NA,NA,"1891-05-06",126,FALSE,NA,NA
"85",1,1891,"4SA",4,"SW",2,TRUE,"C","Burr's White",FALSE,33.2,NA,FALSE,"none",NA,NA,NA,NA,NA,NA,NA,"1891-05-06",126,FALSE,NA,NA
"86",1,1891,"4SB",4,"SW",2,TRUE,"C","Burr's White",FALSE,33.2,NA,FALSE,"none",NA,NA,NA,NA,NA,NA,NA,"1891-05-06",126,FALSE,NA,NA
"87",1,1891,"4SC",4,"SE",2,TRUE,"C","Burr's White",FALSE,33.2,NA,FALSE,"none",NA,NA,NA,NA,NA,NA,NA,"1891-05-06",126,FALSE,NA,NA
"88",1,1891,"4SD",4,"SE",2,TRUE,"C","Burr's White",FALSE,33.2,NA,FALSE,"none",NA,NA,NA,NA,NA,NA,NA,"1891-05-06",126,FALSE,NA,NA
"89",1,1891,"5NA",5,"NW",3,FALSE,"H","Medium clover",FALSE,NA,1.46,FALSE,"none",NA,NA,NA,NA,NA,NA,NA,NA,NA,FALSE,NA,NA
"90",1,1891,"5NB",5,"NW",3,FALSE,"H","Medium clover",FALSE,NA,1.46,FALSE,"none",NA,NA,NA,NA,NA,NA,NA,NA,NA,FALSE,NA,NA
"91",1,1891,"5NC",5,"NE",3,FALSE,"H","Medium clover",FALSE,NA,1.46,FALSE,"none",NA,NA,NA,NA,NA,NA,NA,NA,NA,FALSE,NA,NA
"92",1,1891,"5ND",5,"NE",3,FALSE,"H","Medium clover",FALSE,NA,1.46,FALSE,"none",NA,NA,NA,NA,NA,NA,NA,NA,NA,FALSE,NA,NA
"93",1,1891,"5SA",5,"SW",3,FALSE,"H","Medium clover",FALSE,NA,1.46,FALSE,"none",NA,NA,NA,NA,NA,NA,NA,NA,NA,FALSE,NA,NA
"94",1,1891,"5SB",5,"SW",3,FALSE,"H","Medium clover",FALSE,NA,1.46,FALSE,"none",NA,NA,NA,NA,NA,NA,NA,NA,NA,FALSE,NA,NA
"95",1,1891,"5SC",5,"SE",3,FALSE,"H","Medium clover",FALSE,NA,1.46,FALSE,"none",NA,NA,NA,NA,NA,NA,NA,NA,NA,FALSE,NA,NA
"96",1,1891,"5SD",5,"SE",3,FALSE,"H","Medium clover",FALSE,NA,1.46,FALSE,"none",NA,NA,NA,NA,NA,NA,NA,NA,NA,FALSE,NA,NA
"97",1,1892,"3NA",3,"NW",1,TRUE,"CC","Burr's White",FALSE,33.1,NA,FALSE,"none",NA,NA,NA,NA,NA,NA,NA,"1892-05-26",147,FALSE,NA,NA
"98",1,1892,"3NB",3,"NW",1,TRUE,"CC","Burr's White",FALSE,33.1,NA,FALSE,"none",NA,NA,NA,NA,NA,NA,NA,"1892-05-26",147,FALSE,NA,NA
"99",1,1892,"3NC",3,"NE",1,TRUE,"CC","Burr's White",FALSE,33.1,NA,FALSE,"none",NA,NA,NA,NA,NA,NA,NA,"1892-05-26",147,FALSE,NA,NA
"100",1,1892,"3ND",3,"NE",1,TRUE,"CC","Burr's White",FALSE,33.1,NA,FALSE,"none",NA,NA,NA,NA,NA,NA,NA,"1892-05-26",147,FALSE,NA,NA
"101",1,1892,"3SA",3,"SW",1,TRUE,"CC","Burr's White",FALSE,33.1,NA,FALSE,"none",NA,NA,NA,NA,NA,NA,NA,"1892-05-26",147,FALSE,NA,NA
"102",1,1892,"3SB",3,"SW",1,TRUE,"CC","Burr's White",FALSE,33.1,NA,FALSE,"none",NA,NA,NA,NA,NA,NA,NA,"1892-05-26",147,FALSE,NA,NA
"103",1,1892,"3SC",3,"SE",1,TRUE,"CC","Burr's White",FALSE,33.1,NA,FALSE,"none",NA,NA,NA,NA,NA,NA,NA,"1892-05-26",147,FALSE,NA,NA
"104",1,1892,"3SD",3,"SE",1,TRUE,"CC","Burr's White",FALSE,33.1,NA,FALSE,"none",NA,NA,NA,NA,NA,NA,NA,"1892-05-26",147,FALSE,NA,NA
"105",1,1892,"4NA",4,"NW",2,FALSE,"O","New Dakota Gray",FALSE,37.2,NA,FALSE,"none",NA,NA,NA,NA,NA,NA,NA,"1892-04-06",97,FALSE,NA,NA
"106",1,1892,"4NB",4,"NW",2,FALSE,"O","New Dakota Gray",FALSE,37.2,NA,FALSE,"none",NA,NA,NA,NA,NA,NA,NA,"1892-04-06",97,FALSE,NA,NA
"107",1,1892,"4NC",4,"NE",2,FALSE,"O","New Dakota Gray",FALSE,37.2,NA,FALSE,"none",NA,NA,NA,NA,NA,NA,NA,"1892-04-06",97,FALSE,NA,NA
"108",1,1892,"4ND",4,"NE",2,FALSE,"O","New Dakota Gray",FALSE,37.2,NA,FALSE,"none",NA,NA,NA,NA,NA,NA,NA,"1892-04-06",97,FALSE,NA,NA
"109",1,1892,"4SA",4,"SW",2,FALSE,"O","New Dakota Gray",FALSE,37.2,NA,FALSE,"none",NA,NA,NA,NA,NA,NA,NA,"1892-04-06",97,FALSE,NA,NA
"110",1,1892,"4SB",4,"SW",2,FALSE,"O","New Dakota Gray",FALSE,37.2,NA,FALSE,"none",NA,NA,NA,NA,NA,NA,NA,"1892-04-06",97,FALSE,NA,NA
"111",1,1892,"4SC",4,"SE",2,FALSE,"O","New Dakota Gray",FALSE,37.2,NA,FALSE,"none",NA,NA,NA,NA,NA,NA,NA,"1892-04-06",97,FALSE,NA,NA
"112",1,1892,"4SD",4,"SE",2,FALSE,"O","New Dakota Gray",FALSE,37.2,NA,FALSE,"none",NA,NA,NA,NA,NA,NA,NA,"1892-04-06",97,FALSE,NA,NA
"113",1,1892,"5NA",5,"NW",3,TRUE,"C","Burr's White",FALSE,70.2,NA,FALSE,"none",NA,NA,NA,NA,NA,NA,NA,"1892-05-28",149,FALSE,NA,NA
"114",1,1892,"5NB",5,"NW",3,TRUE,"C","Burr's White",FALSE,70.2,NA,FALSE,"none",NA,NA,NA,NA,NA,NA,NA,"1892-05-28",149,FALSE,NA,NA
"115",1,1892,"5NC",5,"NE",3,TRUE,"C","Burr's White",FALSE,70.2,NA,FALSE,"none",NA,NA,NA,NA,NA,NA,NA,"1892-05-28",149,FALSE,NA,NA
"116",1,1892,"5ND",5,"NE",3,TRUE,"C","Burr's White",FALSE,70.2,NA,FALSE,"none",NA,NA,NA,NA,NA,NA,NA,"1892-05-28",149,FALSE,NA,NA
"117",1,1892,"5SA",5,"SW",3,TRUE,"C","Burr's White",FALSE,70.2,NA,FALSE,"none",NA,NA,NA,NA,NA,NA,NA,"1892-05-28",149,FALSE,NA,NA
"118",1,1892,"5SB",5,"SW",3,TRUE,"C","Burr's White",FALSE,70.2,NA,FALSE,"none",NA,NA,NA,NA,NA,NA,NA,"1892-05-28",149,FALSE,NA,NA
"119",1,1892,"5SC",5,"SE",3,TRUE,"C","Burr's White",FALSE,70.2,NA,FALSE,"none",NA,NA,NA,NA,NA,NA,NA,"1892-05-28",149,FALSE,NA,NA
"120",1,1892,"5SD",5,"SE",3,TRUE,"C","Burr's White",FALSE,70.2,NA,FALSE,"none",NA,NA,NA,NA,NA,NA,NA,"1892-05-28",149,FALSE,NA,NA
"121",1,1893,"3NA",3,"NW",1,TRUE,"CC","Burr's White",TRUE,21.7,NA,FALSE,"none",NA,NA,NA,NA,NA,NA,NA,"1893-05-12",132,FALSE,NA,NA
"122",1,1893,"3NB",3,"NW",1,TRUE,"CC","Burr's White",TRUE,21.7,NA,FALSE,"none",NA,NA,NA,NA,NA,NA,NA,"1893-05-12",132,FALSE,NA,NA
"123",1,1893,"3NC",3,"NE",1,TRUE,"CC","Burr's White",TRUE,21.7,NA,FALSE,"none",NA,NA,NA,NA,NA,NA,NA,"1893-05-12",132,FALSE,NA,NA
"124",1,1893,"3ND",3,"NE",1,TRUE,"CC","Burr's White",TRUE,21.7,NA,FALSE,"none",NA,NA,NA,NA,NA,NA,NA,"1893-05-12",132,FALSE,NA,NA
"125",1,1893,"3SA",3,"SW",1,TRUE,"CC","Burr's White",TRUE,21.7,NA,FALSE,"none",NA,NA,NA,NA,NA,NA,NA,"1893-05-12",132,FALSE,NA,NA
"126",1,1893,"3SB",3,"SW",1,TRUE,"CC","Burr's White",TRUE,21.7,NA,FALSE,"none",NA,NA,NA,NA,NA,NA,NA,"1893-05-12",132,FALSE,NA,NA
"127",1,1893,"3SC",3,"SE",1,TRUE,"CC","Burr's White",TRUE,21.7,NA,FALSE,"none",NA,NA,NA,NA,NA,NA,NA,"1893-05-12",132,FALSE,NA,NA
"128",1,1893,"3SD",3,"SE",1,TRUE,"CC","Burr's White",TRUE,21.7,NA,FALSE,"none",NA,NA,NA,NA,NA,NA,NA,"1893-05-12",132,FALSE,NA,NA
"129",1,1893,"4NA",4,"NW",2,TRUE,"C","Burr's White",TRUE,29.6,NA,FALSE,"none",NA,NA,NA,NA,NA,NA,NA,"1893-05-13",133,FALSE,NA,NA
"130",1,1893,"4NB",4,"NW",2,TRUE,"C","Burr's White",TRUE,29.6,NA,FALSE,"none",NA,NA,NA,NA,NA,NA,NA,"1893-05-13",133,FALSE,NA,NA
"131",1,1893,"4NC",4,"NE",2,TRUE,"C","Burr's White",TRUE,29.6,NA,FALSE,"none",NA,NA,NA,NA,NA,NA,NA,"1893-05-13",133,FALSE,NA,NA
"132",1,1893,"4ND",4,"NE",2,TRUE,"C","Burr's White",TRUE,29.6,NA,FALSE,"none",NA,NA,NA,NA,NA,NA,NA,"1893-05-13",133,FALSE,NA,NA
"133",1,1893,"4SA",4,"SW",2,TRUE,"C","Burr's White",TRUE,29.6,NA,FALSE,"none",NA,NA,NA,NA,NA,NA,NA,"1893-05-13",133,FALSE,NA,NA
"134",1,1893,"4SB",4,"SW",2,TRUE,"C","Burr's White",TRUE,29.6,NA,FALSE,"none",NA,NA,NA,NA,NA,NA,NA,"1893-05-13",133,FALSE,NA,NA
"135",1,1893,"4SC",4,"SE",2,TRUE,"C","Burr's White",TRUE,29.6,NA,FALSE,"none",NA,NA,NA,NA,NA,NA,NA,"1893-05-13",133,FALSE,NA,NA
"136",1,1893,"4SD",4,"SE",2,TRUE,"C","Burr's White",TRUE,29.6,NA,FALSE,"none",NA,NA,NA,NA,NA,NA,NA,"1893-05-13",133,FALSE,NA,NA
"137",1,1893,"5NA",5,"NW",3,TRUE,"C","Burr's White",TRUE,34.1,NA,FALSE,"none",NA,NA,NA,NA,NA,NA,NA,"1893-05-13",133,FALSE,NA,NA
"138",1,1893,"5NB",5,"NW",3,TRUE,"C","Burr's White",TRUE,34.1,NA,FALSE,"none",NA,NA,NA,NA,NA,NA,NA,"1893-05-13",133,FALSE,NA,NA
"139",1,1893,"5NC",5,"NE",3,TRUE,"C","Burr's White",TRUE,34.1,NA,FALSE,"none",NA,NA,NA,NA,NA,NA,NA,"1893-05-13",133,FALSE,NA,NA
"140",1,1893,"5ND",5,"NE",3,TRUE,"C","Burr's White",TRUE,34.1,NA,FALSE,"none",NA,NA,NA,NA,NA,NA,NA,"1893-05-13",133,FALSE,NA,NA
"141",1,1893,"5SA",5,"SW",3,TRUE,"C","Burr's White",TRUE,34.1,NA,FALSE,"none",NA,NA,NA,NA,NA,NA,NA,"1893-05-13",133,FALSE,NA,NA
"142",1,1893,"5SB",5,"SW",3,TRUE,"C","Burr's White",TRUE,34.1,NA,FALSE,"none",NA,NA,NA,NA,NA,NA,NA,"1893-05-13",133,FALSE,NA,NA
"143",1,1893,"5SC",5,"SE",3,TRUE,"C","Burr's White",TRUE,34.1,NA,FALSE,"none",NA,NA,NA,NA,NA,NA,NA,"1893-05-13",133,FALSE,NA,NA
"144",1,1893,"5SD",5,"SE",3,TRUE,"C","Burr's White",TRUE,34.1,NA,FALSE,"none",NA,NA,NA,NA,NA,NA,NA,"1893-05-13",133,FALSE,NA,NA
"145",1,1894,"3NA",3,"NW",1,TRUE,"CC","Boone County White",FALSE,34.8,NA,FALSE,"none",NA,NA,NA,NA,NA,NA,NA,"1894-05-03",123,FALSE,NA,NA
"146",1,1894,"3NB",3,"NW",1,TRUE,"CC","Boone County White",FALSE,34.8,NA,FALSE,"none",NA,NA,NA,NA,NA,NA,NA,"1894-05-03",123,FALSE,NA,NA
"147",1,1894,"3NC",3,"NE",1,TRUE,"CC","Boone County White",FALSE,34.8,NA,FALSE,"none",NA,NA,NA,NA,NA,NA,NA,"1894-05-03",123,FALSE,NA,NA
"148",1,1894,"3ND",3,"NE",1,TRUE,"CC","Boone County White",FALSE,34.8,NA,FALSE,"none",NA,NA,NA,NA,NA,NA,NA,"1894-05-03",123,FALSE,NA,NA
"149",1,1894,"3SA",3,"SW",1,TRUE,"CC","Boone County White",FALSE,34.8,NA,FALSE,"none",NA,NA,NA,NA,NA,NA,NA,"1894-05-03",123,FALSE,NA,NA
"150",1,1894,"3SB",3,"SW",1,TRUE,"CC","Boone County White",FALSE,34.8,NA,FALSE,"none",NA,NA,NA,NA,NA,NA,NA,"1894-05-03",123,FALSE,NA,NA
"151",1,1894,"3SC",3,"SE",1,TRUE,"CC","Boone County White",FALSE,34.8,NA,FALSE,"none",NA,NA,NA,NA,NA,NA,NA,"1894-05-03",123,FALSE,NA,NA
"152",1,1894,"3SD",3,"SE",1,TRUE,"CC","Boone County White",FALSE,34.8,NA,FALSE,"none",NA,NA,NA,NA,NA,NA,NA,"1894-05-03",123,FALSE,NA,NA
"153",1,1894,"4NA",4,"NW",2,FALSE,"O","Pringle's Progress",FALSE,57.2,NA,FALSE,"none",NA,NA,NA,NA,NA,NA,NA,"1894-03-21",80,FALSE,NA,NA
"154",1,1894,"4NB",4,"NW",2,FALSE,"O","Pringle's Progress",FALSE,57.2,NA,FALSE,"none",NA,NA,NA,NA,NA,NA,NA,"1894-03-21",80,FALSE,NA,NA
"155",1,1894,"4NC",4,"NE",2,FALSE,"O","Pringle's Progress",FALSE,57.2,NA,FALSE,"none",NA,NA,NA,NA,NA,NA,NA,"1894-03-21",80,FALSE,NA,NA
"156",1,1894,"4ND",4,"NE",2,FALSE,"O","Pringle's Progress",FALSE,57.2,NA,FALSE,"none",NA,NA,NA,NA,NA,NA,NA,"1894-03-21",80,FALSE,NA,NA
"157",1,1894,"4SA",4,"SW",2,FALSE,"O","Pringle's Progress",FALSE,57.2,NA,FALSE,"none",NA,NA,NA,NA,NA,NA,NA,"1894-03-21",80,FALSE,NA,NA
"158",1,1894,"4SB",4,"SW",2,FALSE,"O","Pringle's Progress",FALSE,57.2,NA,FALSE,"none",NA,NA,NA,NA,NA,NA,NA,"1894-03-21",80,FALSE,NA,NA
"159",1,1894,"4SC",4,"SE",2,FALSE,"O","Pringle's Progress",FALSE,57.2,NA,FALSE,"none",NA,NA,NA,NA,NA,NA,NA,"1894-03-21",80,FALSE,NA,NA
"160",1,1894,"4SD",4,"SE",2,FALSE,"O","Pringle's Progress",FALSE,57.2,NA,FALSE,"none",NA,NA,NA,NA,NA,NA,NA,"1894-03-21",80,FALSE,NA,NA
"161",1,1894,"5NA",5,"NW",3,FALSE,"O","Pringle's Progress",FALSE,65.1,NA,FALSE,"none",NA,NA,NA,NA,NA,NA,NA,"1894-03-21",80,FALSE,NA,NA
"162",1,1894,"5NB",5,"NW",3,FALSE,"O","Pringle's Progress",FALSE,65.1,NA,FALSE,"none",NA,NA,NA,NA,NA,NA,NA,"1894-03-21",80,FALSE,NA,NA
"163",1,1894,"5NC",5,"NE",3,FALSE,"O","Pringle's Progress",FALSE,65.1,NA,FALSE,"none",NA,NA,NA,NA,NA,NA,NA,"1894-03-21",80,FALSE,NA,NA
"164",1,1894,"5ND",5,"NE",3,FALSE,"O","Pringle's Progress",FALSE,65.1,NA,FALSE,"none",NA,NA,NA,NA,NA,NA,NA,"1894-03-21",80,FALSE,NA,NA
"165",1,1894,"5SA",5,"SW",3,FALSE,"O","Pringle's Progress",FALSE,65.1,NA,FALSE,"none",NA,NA,NA,NA,NA,NA,NA,"1894-03-21",80,FALSE,NA,NA
"166",1,1894,"5SB",5,"SW",3,FALSE,"O","Pringle's Progress",FALSE,65.1,NA,FALSE,"none",NA,NA,NA,NA,NA,NA,NA,"1894-03-21",80,FALSE,NA,NA
"167",1,1894,"5SC",5,"SE",3,FALSE,"O","Pringle's Progress",FALSE,65.1,NA,FALSE,"none",NA,NA,NA,NA,NA,NA,NA,"1894-03-21",80,FALSE,NA,NA
"168",1,1894,"5SD",5,"SE",3,FALSE,"O","Pringle's Progress",FALSE,65.1,NA,FALSE,"none",NA,NA,NA,NA,NA,NA,NA,"1894-03-21",80,FALSE,NA,NA
"169",1,1895,"3NA",3,"NW",1,TRUE,"CC","Boone County White",FALSE,42.2,NA,FALSE,"none",NA,NA,NA,NA,NA,NA,NA,"1895-05-03",123,FALSE,NA,NA
"170",1,1895,"3NB",3,"NW",1,TRUE,"CC","Boone County White",FALSE,42.2,NA,FALSE,"none",NA,NA,NA,NA,NA,NA,NA,"1895-05-03",123,FALSE,NA,NA
"171",1,1895,"3NC",3,"NE",1,TRUE,"CC","Boone County White",FALSE,42.2,NA,FALSE,"none",NA,NA,NA,NA,NA,NA,NA,"1895-05-03",123,FALSE,NA,NA
"172",1,1895,"3ND",3,"NE",1,TRUE,"CC","Boone County White",FALSE,42.2,NA,FALSE,"none",NA,NA,NA,NA,NA,NA,NA,"1895-05-03",123,FALSE,NA,NA
"173",1,1895,"3SA",3,"SW",1,TRUE,"CC","Boone County White",FALSE,42.2,NA,FALSE,"none",NA,NA,NA,NA,NA,NA,NA,"1895-05-03",123,FALSE,NA,NA
"174",1,1895,"3SB",3,"SW",1,TRUE,"CC","Boone County White",FALSE,42.2,NA,FALSE,"none",NA,NA,NA,NA,NA,NA,NA,"1895-05-03",123,FALSE,NA,NA
"175",1,1895,"3SC",3,"SE",1,TRUE,"CC","Boone County White",FALSE,42.2,NA,FALSE,"none",NA,NA,NA,NA,NA,NA,NA,"1895-05-03",123,FALSE,NA,NA
"176",1,1895,"3SD",3,"SE",1,TRUE,"CC","Boone County White",FALSE,42.2,NA,FALSE,"none",NA,NA,NA,NA,NA,NA,NA,"1895-05-03",123,FALSE,NA,NA
"177",1,1895,"4NA",4,"NW",2,TRUE,"C","Boone County White",FALSE,41.6,NA,FALSE,"none",NA,NA,NA,NA,NA,NA,NA,"1895-05-03",123,FALSE,NA,NA
"178",1,1895,"4NB",4,"NW",2,TRUE,"C","Boone County White",FALSE,41.6,NA,FALSE,"none",NA,NA,NA,NA,NA,NA,NA,"1895-05-03",123,FALSE,NA,NA
"179",1,1895,"4NC",4,"NE",2,TRUE,"C","Boone County White",FALSE,41.6,NA,FALSE,"none",NA,NA,NA,NA,NA,NA,NA,"1895-05-03",123,FALSE,NA,NA
"180",1,1895,"4ND",4,"NE",2,TRUE,"C","Boone County White",FALSE,41.6,NA,FALSE,"none",NA,NA,NA,NA,NA,NA,NA,"1895-05-03",123,FALSE,NA,NA
"181",1,1895,"4SA",4,"SW",2,TRUE,"C","Boone County White",FALSE,41.6,NA,FALSE,"none",NA,NA,NA,NA,NA,NA,NA,"1895-05-03",123,FALSE,NA,NA
"182",1,1895,"4SB",4,"SW",2,TRUE,"C","Boone County White",FALSE,41.6,NA,FALSE,"none",NA,NA,NA,NA,NA,NA,NA,"1895-05-03",123,FALSE,NA,NA
"183",1,1895,"4SC",4,"SE",2,TRUE,"C","Boone County White",FALSE,41.6,NA,FALSE,"none",NA,NA,NA,NA,NA,NA,NA,"1895-05-03",123,FALSE,NA,NA
"184",1,1895,"4SD",4,"SE",2,TRUE,"C","Boone County White",FALSE,41.6,NA,FALSE,"none",NA,NA,NA,NA,NA,NA,NA,"1895-05-03",123,FALSE,NA,NA
"185",1,1895,"5NA",5,"NW",3,FALSE,"O","Pringle's Progress",FALSE,22.2,NA,FALSE,"none",NA,NA,NA,NA,NA,NA,NA,"1895-03-28",87,FALSE,NA,NA
"186",1,1895,"5NB",5,"NW",3,FALSE,"O","Pringle's Progress",FALSE,22.2,NA,FALSE,"none",NA,NA,NA,NA,NA,NA,NA,"1895-03-28",87,FALSE,NA,NA
"187",1,1895,"5NC",5,"NE",3,FALSE,"O","Pringle's Progress",FALSE,22.2,NA,FALSE,"none",NA,NA,NA,NA,NA,NA,NA,"1895-03-28",87,FALSE,NA,NA
"188",1,1895,"5ND",5,"NE",3,FALSE,"O","Pringle's Progress",FALSE,22.2,NA,FALSE,"none",NA,NA,NA,NA,NA,NA,NA,"1895-03-28",87,FALSE,NA,NA
"189",1,1895,"5SA",5,"SW",3,FALSE,"O","Pringle's Progress",FALSE,22.2,NA,FALSE,"none",NA,NA,NA,NA,NA,NA,NA,"1895-03-28",87,FALSE,NA,NA
"190",1,1895,"5SB",5,"SW",3,FALSE,"O","Pringle's Progress",FALSE,22.2,NA,FALSE,"none",NA,NA,NA,NA,NA,NA,NA,"1895-03-28",87,FALSE,NA,NA
"191",1,1895,"5SC",5,"SE",3,FALSE,"O","Pringle's Progress",FALSE,22.2,NA,FALSE,"none",NA,NA,NA,NA,NA,NA,NA,"1895-03-28",87,FALSE,NA,NA
"192",1,1895,"5SD",5,"SE",3,FALSE,"O","Pringle's Progress",FALSE,22.2,NA,FALSE,"none",NA,NA,NA,NA,NA,NA,NA,"1895-03-28",87,FALSE,NA,NA
"193",1,1896,"3NA",3,"NW",1,TRUE,"CC",NA,FALSE,62.3,NA,FALSE,"none",NA,NA,NA,NA,NA,NA,NA,NA,NA,FALSE,NA,NA
"194",1,1896,"3NB",3,"NW",1,TRUE,"CC",NA,FALSE,62.3,NA,FALSE,"none",NA,NA,NA,NA,NA,NA,NA,NA,NA,FALSE,NA,NA
"195",1,1896,"3NC",3,"NE",1,TRUE,"CC",NA,FALSE,62.3,NA,FALSE,"none",NA,NA,NA,NA,NA,NA,NA,NA,NA,FALSE,NA,NA
"196",1,1896,"3ND",3,"NE",1,TRUE,"CC",NA,FALSE,62.3,NA,FALSE,"none",NA,NA,NA,NA,NA,NA,NA,NA,NA,FALSE,NA,NA
"197",1,1896,"3SA",3,"SW",1,TRUE,"CC",NA,FALSE,62.3,NA,FALSE,"none",NA,NA,NA,NA,NA,NA,NA,NA,NA,FALSE,NA,NA
"198",1,1896,"3SB",3,"SW",1,TRUE,"CC",NA,FALSE,62.3,NA,FALSE,"none",NA,NA,NA,NA,NA,NA,NA,NA,NA,FALSE,NA,NA
"199",1,1896,"3SC",3,"SE",1,TRUE,"CC",NA,FALSE,62.3,NA,FALSE,"none",NA,NA,NA,NA,NA,NA,NA,NA,NA,FALSE,NA,NA
"200",1,1896,"3SD",3,"SE",1,TRUE,"CC",NA,FALSE,62.3,NA,FALSE,"none",NA,NA,NA,NA,NA,NA,NA,NA,NA,FALSE,NA,NA
"201",1,1896,"4NA",4,"NW",2,FALSE,"O",NA,FALSE,34.5,NA,FALSE,"none",NA,NA,NA,NA,NA,NA,NA,NA,NA,FALSE,NA,NA
"202",1,1896,"4NB",4,"NW",2,FALSE,"O",NA,FALSE,34.5,NA,FALSE,"none",NA,NA,NA,NA,NA,NA,NA,NA,NA,FALSE,NA,NA
"203",1,1896,"4NC",4,"NE",2,FALSE,"O",NA,FALSE,34.5,NA,FALSE,"none",NA,NA,NA,NA,NA,NA,NA,NA,NA,FALSE,NA,NA
"204",1,1896,"4ND",4,"NE",2,FALSE,"O",NA,FALSE,34.5,NA,FALSE,"none",NA,NA,NA,NA,NA,NA,NA,NA,NA,FALSE,NA,NA
"205",1,1896,"4SA",4,"SW",2,FALSE,"O",NA,FALSE,34.5,NA,FALSE,"none",NA,NA,NA,NA,NA,NA,NA,NA,NA,FALSE,NA,NA
"206",1,1896,"4SB",4,"SW",2,FALSE,"O",NA,FALSE,34.5,NA,FALSE,"none",NA,NA,NA,NA,NA,NA,NA,NA,NA,FALSE,NA,NA
"207",1,1896,"4SC",4,"SE",2,FALSE,"O",NA,FALSE,34.5,NA,FALSE,"none",NA,NA,NA,NA,NA,NA,NA,NA,NA,FALSE,NA,NA
"208",1,1896,"4SD",4,"SE",2,FALSE,"O",NA,FALSE,34.5,NA,FALSE,"none",NA,NA,NA,NA,NA,NA,NA,NA,NA,FALSE,NA,NA
"209",1,1896,"5NA",5,"NW",NA,NA,NA,NA,NA,NA,NA,NA,NA,NA,NA,NA,NA,NA,NA,NA,NA,NA,FALSE,NA,NA
"210",1,1896,"5NB",5,"NW",NA,NA,NA,NA,NA,NA,NA,NA,NA,NA,NA,NA,NA,NA,NA,NA,NA,NA,FALSE,NA,NA
"211",1,1896,"5NC",5,"NE",NA,NA,NA,NA,NA,NA,NA,NA,NA,NA,NA,NA,NA,NA,NA,NA,NA,NA,FALSE,NA,NA
"212",1,1896,"5ND",5,"NE",NA,NA,NA,NA,NA,NA,NA,NA,NA,NA,NA,NA,NA,NA,NA,NA,NA,NA,FALSE,NA,NA
"213",1,1896,"5SA",5,"SW",NA,NA,NA,NA,NA,NA,NA,NA,NA,NA,NA,NA,NA,NA,NA,NA,NA,NA,FALSE,NA,NA
"214",1,1896,"5SB",5,"SW",NA,NA,NA,NA,NA,NA,NA,NA,NA,NA,NA,NA,NA,NA,NA,NA,NA,NA,FALSE,NA,NA
"215",1,1896,"5SC",5,"SE",NA,NA,NA,NA,NA,NA,NA,NA,NA,NA,NA,NA,NA,NA,NA,NA,NA,NA,FALSE,NA,NA
"216",1,1896,"5SD",5,"SE",NA,NA,NA,NA,NA,NA,NA,NA,NA,NA,NA,NA,NA,NA,NA,NA,NA,NA,FALSE,NA,NA
"217",1,1897,"3NA",3,"NW",1,TRUE,"CC",NA,FALSE,40.1,NA,FALSE,"none",NA,NA,NA,NA,NA,NA,NA,"1897-05-19",139,FALSE,NA,NA
"218",1,1897,"3NB",3,"NW",1,TRUE,"CC",NA,FALSE,40.1,NA,FALSE,"none",NA,NA,NA,NA,NA,NA,NA,"1897-05-19",139,FALSE,NA,NA
"219",1,1897,"3NC",3,"NE",1,TRUE,"CC",NA,FALSE,40.1,NA,FALSE,"none",NA,NA,NA,NA,NA,NA,NA,"1897-05-19",139,FALSE,NA,NA
"220",1,1897,"3ND",3,"NE",1,TRUE,"CC",NA,FALSE,40.1,NA,FALSE,"none",NA,NA,NA,NA,NA,NA,NA,"1897-05-19",139,FALSE,NA,NA
"221",1,1897,"3SA",3,"SW",1,TRUE,"CC",NA,FALSE,40.1,NA,FALSE,"none",NA,NA,NA,NA,NA,NA,NA,"1897-05-19",139,FALSE,NA,NA
"222",1,1897,"3SB",3,"SW",1,TRUE,"CC",NA,FALSE,40.1,NA,FALSE,"none",NA,NA,NA,NA,NA,NA,NA,"1897-05-19",139,FALSE,NA,NA
"223",1,1897,"3SC",3,"SE",1,TRUE,"CC",NA,FALSE,40.1,NA,FALSE,"none",NA,NA,NA,NA,NA,NA,NA,"1897-05-19",139,FALSE,NA,NA
"224",1,1897,"3SD",3,"SE",1,TRUE,"CC",NA,FALSE,40.1,NA,FALSE,"none",NA,NA,NA,NA,NA,NA,NA,"1897-05-19",139,FALSE,NA,NA
"225",1,1897,"4NA",4,"NW",2,TRUE,"C",NA,FALSE,47,NA,FALSE,"none",NA,NA,NA,NA,NA,NA,NA,"1897-05-19",139,FALSE,NA,NA
"226",1,1897,"4NB",4,"NW",2,TRUE,"C",NA,FALSE,47,NA,FALSE,"none",NA,NA,NA,NA,NA,NA,NA,"1897-05-19",139,FALSE,NA,NA
"227",1,1897,"4NC",4,"NE",2,TRUE,"C",NA,FALSE,47,NA,FALSE,"none",NA,NA,NA,NA,NA,NA,NA,"1897-05-19",139,FALSE,NA,NA
"228",1,1897,"4ND",4,"NE",2,TRUE,"C",NA,FALSE,47,NA,FALSE,"none",NA,NA,NA,NA,NA,NA,NA,"1897-05-19",139,FALSE,NA,NA
"229",1,1897,"4SA",4,"SW",2,TRUE,"C",NA,FALSE,47,NA,FALSE,"none",NA,NA,NA,NA,NA,NA,NA,"1897-05-19",139,FALSE,NA,NA
"230",1,1897,"4SB",4,"SW",2,TRUE,"C",NA,FALSE,47,NA,FALSE,"none",NA,NA,NA,NA,NA,NA,NA,"1897-05-19",139,FALSE,NA,NA
"231",1,1897,"4SC",4,"SE",2,TRUE,"C",NA,FALSE,47,NA,FALSE,"none",NA,NA,NA,NA,NA,NA,NA,"1897-05-19",139,FALSE,NA,NA
"232",1,1897,"4SD",4,"SE",2,TRUE,"C",NA,FALSE,47,NA,FALSE,"none",NA,NA,NA,NA,NA,NA,NA,"1897-05-19",139,FALSE,NA,NA
"233",1,1897,"5NA",5,"NW",NA,NA,NA,NA,NA,NA,NA,NA,NA,NA,NA,NA,NA,NA,NA,NA,NA,NA,FALSE,NA,NA
"234",1,1897,"5NB",5,"NW",NA,NA,NA,NA,NA,NA,NA,NA,NA,NA,NA,NA,NA,NA,NA,NA,NA,NA,FALSE,NA,NA
"235",1,1897,"5NC",5,"NE",NA,NA,NA,NA,NA,NA,NA,NA,NA,NA,NA,NA,NA,NA,NA,NA,NA,NA,FALSE,NA,NA
"236",1,1897,"5ND",5,"NE",NA,NA,NA,NA,NA,NA,NA,NA,NA,NA,NA,NA,NA,NA,NA,NA,NA,NA,FALSE,NA,NA
"237",1,1897,"5SA",5,"SW",NA,NA,NA,NA,NA,NA,NA,NA,NA,NA,NA,NA,NA,NA,NA,NA,NA,NA,FALSE,NA,NA
"238",1,1897,"5SB",5,"SW",NA,NA,NA,NA,NA,NA,NA,NA,NA,NA,NA,NA,NA,NA,NA,NA,NA,NA,FALSE,NA,NA
"239",1,1897,"5SC",5,"SE",NA,NA,NA,NA,NA,NA,NA,NA,NA,NA,NA,NA,NA,NA,NA,NA,NA,NA,FALSE,NA,NA
"240",1,1897,"5SD",5,"SE",NA,NA,NA,NA,NA,NA,NA,NA,NA,NA,NA,NA,NA,NA,NA,NA,NA,NA,FALSE,NA,NA
"241",1,1898,"3NA",3,"NW",1,TRUE,"CC","Burr's White",FALSE,18.1,NA,FALSE,"none",NA,NA,NA,NA,NA,NA,NA,"1898-05-13",133,FALSE,NA,NA
"242",1,1898,"3NB",3,"NW",1,TRUE,"CC","Burr's White",FALSE,18.1,NA,FALSE,"none",NA,NA,NA,NA,NA,NA,NA,"1898-05-13",133,FALSE,NA,NA
"243",1,1898,"3NC",3,"NE",1,TRUE,"CC","Burr's White",FALSE,18.1,NA,FALSE,"none",NA,NA,NA,NA,NA,NA,NA,"1898-05-13",133,FALSE,NA,NA
"244",1,1898,"3ND",3,"NE",1,TRUE,"CC","Burr's White",FALSE,18.1,NA,FALSE,"none",NA,NA,NA,NA,NA,NA,NA,"1898-05-13",133,FALSE,NA,NA
"245",1,1898,"3SA",3,"SW",1,TRUE,"CC","Burr's White",FALSE,18.1,NA,FALSE,"none",NA,NA,NA,NA,NA,NA,NA,"1898-05-13",133,FALSE,NA,NA
"246",1,1898,"3SB",3,"SW",1,TRUE,"CC","Burr's White",FALSE,18.1,NA,FALSE,"none",NA,NA,NA,NA,NA,NA,NA,"1898-05-13",133,FALSE,NA,NA
"247",1,1898,"3SC",3,"SE",1,TRUE,"CC","Burr's White",FALSE,18.1,NA,FALSE,"none",NA,NA,NA,NA,NA,NA,NA,"1898-05-13",133,FALSE,NA,NA
"248",1,1898,"3SD",3,"SE",1,TRUE,"CC","Burr's White",FALSE,18.1,NA,FALSE,"none",NA,NA,NA,NA,NA,NA,NA,"1898-05-13",133,FALSE,NA,NA
"249",1,1898,"4NA",4,"NW",NA,NA,NA,NA,NA,NA,NA,NA,NA,NA,NA,NA,NA,NA,NA,NA,NA,NA,FALSE,NA,NA
"250",1,1898,"4NB",4,"NW",NA,NA,NA,NA,NA,NA,NA,NA,NA,NA,NA,NA,NA,NA,NA,NA,NA,NA,FALSE,NA,NA
"251",1,1898,"4NC",4,"NE",NA,NA,NA,NA,NA,NA,NA,NA,NA,NA,NA,NA,NA,NA,NA,NA,NA,NA,FALSE,NA,NA
"252",1,1898,"4ND",4,"NE",NA,NA,NA,NA,NA,NA,NA,NA,NA,NA,NA,NA,NA,NA,NA,NA,NA,NA,FALSE,NA,NA
"253",1,1898,"4SA",4,"SW",NA,NA,NA,NA,NA,NA,NA,NA,NA,NA,NA,NA,NA,NA,NA,NA,NA,NA,FALSE,NA,NA
"254",1,1898,"4SB",4,"SW",NA,NA,NA,NA,NA,NA,NA,NA,NA,NA,NA,NA,NA,NA,NA,NA,NA,NA,FALSE,NA,NA
"255",1,1898,"4SC",4,"SE",NA,NA,NA,NA,NA,NA,NA,NA,NA,NA,NA,NA,NA,NA,NA,NA,NA,NA,FALSE,NA,NA
"256",1,1898,"4SD",4,"SE",NA,NA,NA,NA,NA,NA,NA,NA,NA,NA,NA,NA,NA,NA,NA,NA,NA,NA,FALSE,NA,NA
"257",1,1898,"5NA",5,"NW",NA,NA,NA,NA,NA,NA,NA,NA,NA,NA,NA,NA,NA,NA,NA,NA,NA,NA,FALSE,NA,NA
"258",1,1898,"5NB",5,"NW",NA,NA,NA,NA,NA,NA,NA,NA,NA,NA,NA,NA,NA,NA,NA,NA,NA,NA,FALSE,NA,NA
"259",1,1898,"5NC",5,"NE",NA,NA,NA,NA,NA,NA,NA,NA,NA,NA,NA,NA,NA,NA,NA,NA,NA,NA,FALSE,NA,NA
"260",1,1898,"5ND",5,"NE",NA,NA,NA,NA,NA,NA,NA,NA,NA,NA,NA,NA,NA,NA,NA,NA,NA,NA,FALSE,NA,NA
"261",1,1898,"5SA",5,"SW",NA,NA,NA,NA,NA,NA,NA,NA,NA,NA,NA,NA,NA,NA,NA,NA,NA,NA,FALSE,NA,NA
"262",1,1898,"5SB",5,"SW",NA,NA,NA,NA,NA,NA,NA,NA,NA,NA,NA,NA,NA,NA,NA,NA,NA,NA,FALSE,NA,NA
"263",1,1898,"5SC",5,"SE",NA,NA,NA,NA,NA,NA,NA,NA,NA,NA,NA,NA,NA,NA,NA,NA,NA,NA,FALSE,NA,NA
"264",1,1898,"5SD",5,"SE",NA,NA,NA,NA,NA,NA,NA,NA,NA,NA,NA,NA,NA,NA,NA,NA,NA,NA,FALSE,NA,NA
"265",1,1899,"3NA",3,"NW",1,TRUE,"CC",NA,TRUE,50.1,NA,FALSE,"none",NA,NA,NA,NA,NA,NA,NA,NA,NA,FALSE,NA,NA
"266",1,1899,"3NB",3,"NW",1,TRUE,"CC",NA,TRUE,50.1,NA,FALSE,"none",NA,NA,NA,NA,NA,NA,NA,NA,NA,FALSE,NA,NA
"267",1,1899,"3NC",3,"NE",1,TRUE,"CC",NA,TRUE,50.1,NA,FALSE,"none",NA,NA,NA,NA,NA,NA,NA,NA,NA,FALSE,NA,NA
"268",1,1899,"3ND",3,"NE",1,TRUE,"CC",NA,TRUE,50.1,NA,FALSE,"none",NA,NA,NA,NA,NA,NA,NA,NA,NA,FALSE,NA,NA
"269",1,1899,"3SA",3,"SW",1,TRUE,"CC",NA,TRUE,50.1,NA,FALSE,"none",NA,NA,NA,NA,NA,NA,NA,NA,NA,FALSE,NA,NA
"270",1,1899,"3SB",3,"SW",1,TRUE,"CC",NA,TRUE,50.1,NA,FALSE,"none",NA,NA,NA,NA,NA,NA,NA,NA,NA,FALSE,NA,NA
"271",1,1899,"3SC",3,"SE",1,TRUE,"CC",NA,TRUE,50.1,NA,FALSE,"none",NA,NA,NA,NA,NA,NA,NA,NA,NA,FALSE,NA,NA
"272",1,1899,"3SD",3,"SE",1,TRUE,"CC",NA,TRUE,50.1,NA,FALSE,"none",NA,NA,NA,NA,NA,NA,NA,NA,NA,FALSE,NA,NA
"273",1,1899,"4NA",4,"NW",2,TRUE,"C",NA,TRUE,44.4,NA,FALSE,"none",NA,NA,NA,NA,NA,NA,NA,NA,NA,FALSE,NA,NA
"274",1,1899,"4NB",4,"NW",2,TRUE,"C",NA,TRUE,44.4,NA,FALSE,"none",NA,NA,NA,NA,NA,NA,NA,NA,NA,FALSE,NA,NA
"275",1,1899,"4NC",4,"NE",2,TRUE,"C",NA,TRUE,44.4,NA,FALSE,"none",NA,NA,NA,NA,NA,NA,NA,NA,NA,FALSE,NA,NA
"276",1,1899,"4ND",4,"NE",2,TRUE,"C",NA,TRUE,44.4,NA,FALSE,"none",NA,NA,NA,NA,NA,NA,NA,NA,NA,FALSE,NA,NA
"277",1,1899,"4SA",4,"SW",2,TRUE,"C",NA,TRUE,44.4,NA,FALSE,"none",NA,NA,NA,NA,NA,NA,NA,NA,NA,FALSE,NA,NA
"278",1,1899,"4SB",4,"SW",2,TRUE,"C",NA,TRUE,44.4,NA,FALSE,"none",NA,NA,NA,NA,NA,NA,NA,NA,NA,FALSE,NA,NA
"279",1,1899,"4SC",4,"SE",2,TRUE,"C",NA,TRUE,44.4,NA,FALSE,"none",NA,NA,NA,NA,NA,NA,NA,NA,NA,FALSE,NA,NA
"280",1,1899,"4SD",4,"SE",2,TRUE,"C",NA,TRUE,44.4,NA,FALSE,"none",NA,NA,NA,NA,NA,NA,NA,NA,NA,FALSE,NA,NA
"281",1,1899,"5NA",5,"NW",3,TRUE,"C",NA,TRUE,53.5,NA,FALSE,"none",NA,NA,NA,NA,NA,NA,NA,NA,NA,FALSE,NA,NA
"282",1,1899,"5NB",5,"NW",3,TRUE,"C",NA,TRUE,53.5,NA,FALSE,"none",NA,NA,NA,NA,NA,NA,NA,NA,NA,FALSE,NA,NA
"283",1,1899,"5NC",5,"NE",3,TRUE,"C",NA,TRUE,53.5,NA,FALSE,"none",NA,NA,NA,NA,NA,NA,NA,NA,NA,FALSE,NA,NA
"284",1,1899,"5ND",5,"NE",3,TRUE,"C",NA,TRUE,53.5,NA,FALSE,"none",NA,NA,NA,NA,NA,NA,NA,NA,NA,FALSE,NA,NA
"285",1,1899,"5SA",5,"SW",3,TRUE,"C",NA,TRUE,53.5,NA,FALSE,"none",NA,NA,NA,NA,NA,NA,NA,NA,NA,FALSE,NA,NA
"286",1,1899,"5SB",5,"SW",3,TRUE,"C",NA,TRUE,53.5,NA,FALSE,"none",NA,NA,NA,NA,NA,NA,NA,NA,NA,FALSE,NA,NA
"287",1,1899,"5SC",5,"SE",3,TRUE,"C",NA,TRUE,53.5,NA,FALSE,"none",NA,NA,NA,NA,NA,NA,NA,NA,NA,FALSE,NA,NA
"288",1,1899,"5SD",5,"SE",3,TRUE,"C",NA,TRUE,53.5,NA,FALSE,"none",NA,NA,NA,NA,NA,NA,NA,NA,NA,FALSE,NA,NA
"289",1,1900,"3NA",3,"NW",1,TRUE,"CC",NA,FALSE,48,NA,FALSE,"none",NA,NA,NA,NA,NA,NA,NA,NA,NA,FALSE,NA,NA
"290",1,1900,"3NB",3,"NW",1,TRUE,"CC",NA,FALSE,48,NA,FALSE,"none",NA,NA,NA,NA,NA,NA,NA,NA,NA,FALSE,NA,NA
"291",1,1900,"3NC",3,"NE",1,TRUE,"CC",NA,FALSE,48,NA,FALSE,"none",NA,NA,NA,NA,NA,NA,NA,NA,NA,FALSE,NA,NA
"292",1,1900,"3ND",3,"NE",1,TRUE,"CC",NA,FALSE,48,NA,FALSE,"none",NA,NA,NA,NA,NA,NA,NA,NA,NA,FALSE,NA,NA
"293",1,1900,"3SA",3,"SW",1,TRUE,"CC",NA,FALSE,48,NA,FALSE,"none",NA,NA,NA,NA,NA,NA,NA,NA,NA,FALSE,NA,NA
"294",1,1900,"3SB",3,"SW",1,TRUE,"CC",NA,FALSE,48,NA,FALSE,"none",NA,NA,NA,NA,NA,NA,NA,NA,NA,FALSE,NA,NA
"295",1,1900,"3SC",3,"SE",1,TRUE,"CC",NA,FALSE,48,NA,FALSE,"none",NA,NA,NA,NA,NA,NA,NA,NA,NA,FALSE,NA,NA
"296",1,1900,"3SD",3,"SE",1,TRUE,"CC",NA,FALSE,48,NA,FALSE,"none",NA,NA,NA,NA,NA,NA,NA,NA,NA,FALSE,NA,NA
"297",1,1900,"4NA",4,"NW",2,FALSE,"O",NA,FALSE,41.5,NA,FALSE,"none",NA,NA,NA,NA,NA,NA,NA,NA,NA,FALSE,NA,NA
"298",1,1900,"4NB",4,"NW",2,FALSE,"O",NA,FALSE,41.5,NA,FALSE,"none",NA,NA,NA,NA,NA,NA,NA,NA,NA,FALSE,NA,NA
"299",1,1900,"4NC",4,"NE",2,FALSE,"O",NA,FALSE,41.5,NA,FALSE,"none",NA,NA,NA,NA,NA,NA,NA,NA,NA,FALSE,NA,NA
"300",1,1900,"4ND",4,"NE",2,FALSE,"O",NA,FALSE,41.5,NA,FALSE,"none",NA,NA,NA,NA,NA,NA,NA,NA,NA,FALSE,NA,NA
"301",1,1900,"4SA",4,"SW",2,FALSE,"O",NA,FALSE,41.5,NA,FALSE,"none",NA,NA,NA,NA,NA,NA,NA,NA,NA,FALSE,NA,NA
"302",1,1900,"4SB",4,"SW",2,FALSE,"O",NA,FALSE,41.5,NA,FALSE,"none",NA,NA,NA,NA,NA,NA,NA,NA,NA,FALSE,NA,NA
"303",1,1900,"4SC",4,"SE",2,FALSE,"O",NA,FALSE,41.5,NA,FALSE,"none",NA,NA,NA,NA,NA,NA,NA,NA,NA,FALSE,NA,NA
"304",1,1900,"4SD",4,"SE",2,FALSE,"O",NA,FALSE,41.5,NA,FALSE,"none",NA,NA,NA,NA,NA,NA,NA,NA,NA,FALSE,NA,NA
"305",1,1900,"5NA",5,"NW",NA,NA,NA,NA,NA,NA,NA,NA,NA,NA,NA,NA,NA,NA,NA,NA,NA,NA,FALSE,NA,NA
"306",1,1900,"5NB",5,"NW",NA,NA,NA,NA,NA,NA,NA,NA,NA,NA,NA,NA,NA,NA,NA,NA,NA,NA,FALSE,NA,NA
"307",1,1900,"5NC",5,"NE",NA,NA,NA,NA,NA,NA,NA,NA,NA,NA,NA,NA,NA,NA,NA,NA,NA,NA,FALSE,NA,NA
"308",1,1900,"5ND",5,"NE",NA,NA,NA,NA,NA,NA,NA,NA,NA,NA,NA,NA,NA,NA,NA,NA,NA,NA,FALSE,NA,NA
"309",1,1900,"5SA",5,"SW",NA,NA,NA,NA,NA,NA,NA,NA,NA,NA,NA,NA,NA,NA,NA,NA,NA,NA,FALSE,NA,NA
"310",1,1900,"5SB",5,"SW",NA,NA,NA,NA,NA,NA,NA,NA,NA,NA,NA,NA,NA,NA,NA,NA,NA,NA,FALSE,NA,NA
"311",1,1900,"5SC",5,"SE",NA,NA,NA,NA,NA,NA,NA,NA,NA,NA,NA,NA,NA,NA,NA,NA,NA,NA,FALSE,NA,NA
"312",1,1900,"5SD",5,"SE",NA,NA,NA,NA,NA,NA,NA,NA,NA,NA,NA,NA,NA,NA,NA,NA,NA,NA,FALSE,NA,NA
"313",1,1901,"3NA",3,"NW",1,TRUE,"CC",NA,TRUE,23.7,NA,FALSE,"none",NA,NA,NA,NA,NA,NA,NA,NA,NA,FALSE,NA,NA
"314",1,1901,"3NB",3,"NW",1,TRUE,"CC",NA,TRUE,23.7,NA,FALSE,"none",NA,NA,NA,NA,NA,NA,NA,NA,NA,FALSE,NA,NA
"315",1,1901,"3NC",3,"NE",1,TRUE,"CC",NA,TRUE,23.7,NA,FALSE,"none",NA,NA,NA,NA,NA,NA,NA,NA,NA,FALSE,NA,NA
"316",1,1901,"3ND",3,"NE",1,TRUE,"CC",NA,TRUE,23.7,NA,FALSE,"none",NA,NA,NA,NA,NA,NA,NA,NA,NA,FALSE,NA,NA
"317",1,1901,"3SA",3,"SW",1,TRUE,"CC",NA,TRUE,23.7,NA,FALSE,"none",NA,NA,NA,NA,NA,NA,NA,NA,NA,FALSE,NA,NA
"318",1,1901,"3SB",3,"SW",1,TRUE,"CC",NA,TRUE,23.7,NA,FALSE,"none",NA,NA,NA,NA,NA,NA,NA,NA,NA,FALSE,NA,NA
"319",1,1901,"3SC",3,"SE",1,TRUE,"CC",NA,TRUE,23.7,NA,FALSE,"none",NA,NA,NA,NA,NA,NA,NA,NA,NA,FALSE,NA,NA
"320",1,1901,"3SD",3,"SE",1,TRUE,"CC",NA,TRUE,23.7,NA,FALSE,"none",NA,NA,NA,NA,NA,NA,NA,NA,NA,FALSE,NA,NA
"321",1,1901,"4NA",4,"NW",2,TRUE,"C",NA,TRUE,33.7,NA,FALSE,"none",NA,NA,NA,NA,NA,NA,NA,NA,NA,FALSE,NA,NA
"322",1,1901,"4NB",4,"NW",2,TRUE,"C",NA,TRUE,33.7,NA,FALSE,"none",NA,NA,NA,NA,NA,NA,NA,NA,NA,FALSE,NA,NA
"323",1,1901,"4NC",4,"NE",2,TRUE,"C",NA,TRUE,33.7,NA,FALSE,"none",NA,NA,NA,NA,NA,NA,NA,NA,NA,FALSE,NA,NA
"324",1,1901,"4ND",4,"NE",2,TRUE,"C",NA,TRUE,33.7,NA,FALSE,"none",NA,NA,NA,NA,NA,NA,NA,NA,NA,FALSE,NA,NA
"325",1,1901,"4SA",4,"SW",2,TRUE,"C",NA,TRUE,33.7,NA,FALSE,"none",NA,NA,NA,NA,NA,NA,NA,NA,NA,FALSE,NA,NA
"326",1,1901,"4SB",4,"SW",2,TRUE,"C",NA,TRUE,33.7,NA,FALSE,"none",NA,NA,NA,NA,NA,NA,NA,NA,NA,FALSE,NA,NA
"327",1,1901,"4SC",4,"SE",2,TRUE,"C",NA,TRUE,33.7,NA,FALSE,"none",NA,NA,NA,NA,NA,NA,NA,NA,NA,FALSE,NA,NA
"328",1,1901,"4SD",4,"SE",2,TRUE,"C",NA,TRUE,33.7,NA,FALSE,"none",NA,NA,NA,NA,NA,NA,NA,NA,NA,FALSE,NA,NA
"329",1,1901,"5NA",5,"NW",3,TRUE,"C",NA,TRUE,34.3,NA,FALSE,"none",NA,NA,NA,NA,NA,NA,NA,NA,NA,FALSE,NA,NA
"330",1,1901,"5NB",5,"NW",3,TRUE,"C",NA,TRUE,34.3,NA,FALSE,"none",NA,NA,NA,NA,NA,NA,NA,NA,NA,FALSE,NA,NA
"331",1,1901,"5NC",5,"NE",3,TRUE,"C",NA,TRUE,34.3,NA,FALSE,"none",NA,NA,NA,NA,NA,NA,NA,NA,NA,FALSE,NA,NA
"332",1,1901,"5ND",5,"NE",3,TRUE,"C",NA,TRUE,34.3,NA,FALSE,"none",NA,NA,NA,NA,NA,NA,NA,NA,NA,FALSE,NA,NA
"333",1,1901,"5SA",5,"SW",3,TRUE,"C",NA,TRUE,34.3,NA,FALSE,"none",NA,NA,NA,NA,NA,NA,NA,NA,NA,FALSE,NA,NA
"334",1,1901,"5SB",5,"SW",3,TRUE,"C",NA,TRUE,34.3,NA,FALSE,"none",NA,NA,NA,NA,NA,NA,NA,NA,NA,FALSE,NA,NA
"335",1,1901,"5SC",5,"SE",3,TRUE,"C",NA,TRUE,34.3,NA,FALSE,"none",NA,NA,NA,NA,NA,NA,NA,NA,NA,FALSE,NA,NA
"336",1,1901,"5SD",5,"SE",3,TRUE,"C",NA,TRUE,34.3,NA,FALSE,"none",NA,NA,NA,NA,NA,NA,NA,NA,NA,FALSE,NA,NA
"337",1,1902,"3NA",3,"NW",1,TRUE,"CC",NA,FALSE,60.2,NA,FALSE,"none",NA,NA,NA,NA,NA,NA,NA,NA,NA,FALSE,NA,NA
"338",1,1902,"3NB",3,"NW",1,TRUE,"CC",NA,FALSE,60.2,NA,FALSE,"none",NA,NA,NA,NA,NA,NA,NA,NA,NA,FALSE,NA,NA
"339",1,1902,"3NC",3,"NE",1,TRUE,"CC",NA,FALSE,60.2,NA,FALSE,"none",NA,NA,NA,NA,NA,NA,NA,NA,NA,FALSE,NA,NA
"340",1,1902,"3ND",3,"NE",1,TRUE,"CC",NA,FALSE,60.2,NA,FALSE,"none",NA,NA,NA,NA,NA,NA,NA,NA,NA,FALSE,NA,NA
"341",1,1902,"3SA",3,"SW",1,TRUE,"CC",NA,FALSE,60.2,NA,FALSE,"none",NA,NA,NA,NA,NA,NA,NA,NA,NA,FALSE,NA,NA
"342",1,1902,"3SB",3,"SW",1,TRUE,"CC",NA,FALSE,60.2,NA,FALSE,"none",NA,NA,NA,NA,NA,NA,NA,NA,NA,FALSE,NA,NA
"343",1,1902,"3SC",3,"SE",1,TRUE,"CC",NA,FALSE,60.2,NA,FALSE,"none",NA,NA,NA,NA,NA,NA,NA,NA,NA,FALSE,NA,NA
"344",1,1902,"3SD",3,"SE",1,TRUE,"CC",NA,FALSE,60.2,NA,FALSE,"none",NA,NA,NA,NA,NA,NA,NA,NA,NA,FALSE,NA,NA
"345",1,1902,"4NA",4,"NW",2,FALSE,"O",NA,FALSE,56.3,NA,FALSE,"none",NA,NA,NA,NA,NA,NA,NA,NA,NA,FALSE,NA,NA
"346",1,1902,"4NB",4,"NW",2,FALSE,"O",NA,FALSE,56.3,NA,FALSE,"none",NA,NA,NA,NA,NA,NA,NA,NA,NA,FALSE,NA,NA
"347",1,1902,"4NC",4,"NE",2,FALSE,"O",NA,FALSE,56.3,NA,FALSE,"none",NA,NA,NA,NA,NA,NA,NA,NA,NA,FALSE,NA,NA
"348",1,1902,"4ND",4,"NE",2,FALSE,"O",NA,FALSE,56.3,NA,FALSE,"none",NA,NA,NA,NA,NA,NA,NA,NA,NA,FALSE,NA,NA
"349",1,1902,"4SA",4,"SW",2,FALSE,"O",NA,FALSE,56.3,NA,FALSE,"none",NA,NA,NA,NA,NA,NA,NA,NA,NA,FALSE,NA,NA
"350",1,1902,"4SB",4,"SW",2,FALSE,"O",NA,FALSE,56.3,NA,FALSE,"none",NA,NA,NA,NA,NA,NA,NA,NA,NA,FALSE,NA,NA
"351",1,1902,"4SC",4,"SE",2,FALSE,"O",NA,FALSE,56.3,NA,FALSE,"none",NA,NA,NA,NA,NA,NA,NA,NA,NA,FALSE,NA,NA
"352",1,1902,"4SD",4,"SE",2,FALSE,"O",NA,FALSE,56.3,NA,FALSE,"none",NA,NA,NA,NA,NA,NA,NA,NA,NA,FALSE,NA,NA
"353",1,1902,"5NA",5,"NW",3,FALSE,"O",NA,FALSE,54.6,NA,FALSE,"none",NA,NA,NA,NA,NA,NA,NA,NA,NA,FALSE,NA,NA
"354",1,1902,"5NB",5,"NW",3,FALSE,"O",NA,FALSE,54.6,NA,FALSE,"none",NA,NA,NA,NA,NA,NA,NA,NA,NA,FALSE,NA,NA
"355",1,1902,"5NC",5,"NE",3,FALSE,"O",NA,FALSE,54.6,NA,FALSE,"none",NA,NA,NA,NA,NA,NA,NA,NA,NA,FALSE,NA,NA
"356",1,1902,"5ND",5,"NE",3,FALSE,"O",NA,FALSE,54.6,NA,FALSE,"none",NA,NA,NA,NA,NA,NA,NA,NA,NA,FALSE,NA,NA
"357",1,1902,"5SA",5,"SW",3,FALSE,"O",NA,FALSE,54.6,NA,FALSE,"none",NA,NA,NA,NA,NA,NA,NA,NA,NA,FALSE,NA,NA
"358",1,1902,"5SB",5,"SW",3,FALSE,"O",NA,FALSE,54.6,NA,FALSE,"none",NA,NA,NA,NA,NA,NA,NA,NA,NA,FALSE,NA,NA
"359",1,1902,"5SC",5,"SE",3,FALSE,"O",NA,FALSE,54.6,NA,FALSE,"none",NA,NA,NA,NA,NA,NA,NA,NA,NA,FALSE,NA,NA
"360",1,1902,"5SD",5,"SE",3,FALSE,"O",NA,FALSE,54.6,NA,FALSE,"none",NA,NA,NA,NA,NA,NA,NA,NA,NA,FALSE,NA,NA
"361",1,1903,"3NA",3,"NW",1,TRUE,"CC",NA,FALSE,26,NA,FALSE,"none",NA,NA,NA,NA,NA,NA,NA,NA,NA,FALSE,NA,NA
"362",1,1903,"3NB",3,"NW",1,TRUE,"CC",NA,FALSE,26,NA,FALSE,"none",NA,NA,NA,NA,NA,NA,NA,NA,NA,FALSE,NA,NA
"363",1,1903,"3NC",3,"NE",1,TRUE,"CC",NA,FALSE,26,NA,FALSE,"none",NA,NA,NA,NA,NA,NA,NA,NA,NA,FALSE,NA,NA
"364",1,1903,"3ND",3,"NE",1,TRUE,"CC",NA,FALSE,26,NA,FALSE,"none",NA,NA,NA,NA,NA,NA,NA,NA,NA,FALSE,NA,NA
"365",1,1903,"3SA",3,"SW",1,TRUE,"CC",NA,FALSE,26,NA,FALSE,"none",NA,NA,NA,NA,NA,NA,NA,NA,NA,FALSE,NA,NA
"366",1,1903,"3SB",3,"SW",1,TRUE,"CC",NA,FALSE,26,NA,FALSE,"none",NA,NA,NA,NA,NA,NA,NA,NA,NA,FALSE,NA,NA
"367",1,1903,"3SC",3,"SE",1,TRUE,"CC",NA,FALSE,26,NA,FALSE,"none",NA,NA,NA,NA,NA,NA,NA,NA,NA,FALSE,NA,NA
"368",1,1903,"3SD",3,"SE",1,TRUE,"CC",NA,FALSE,26,NA,FALSE,"none",NA,NA,NA,NA,NA,NA,NA,NA,NA,FALSE,NA,NA
"369",1,1903,"4NA",4,"NW",2,TRUE,"C",NA,FALSE,35.9,NA,FALSE,"none",NA,NA,NA,NA,NA,NA,NA,NA,NA,FALSE,NA,NA
"370",1,1903,"4NB",4,"NW",2,TRUE,"C",NA,FALSE,35.9,NA,FALSE,"none",NA,NA,NA,NA,NA,NA,NA,NA,NA,FALSE,NA,NA
"371",1,1903,"4NC",4,"NE",2,TRUE,"C",NA,FALSE,35.9,NA,FALSE,"none",NA,NA,NA,NA,NA,NA,NA,NA,NA,FALSE,NA,NA
"372",1,1903,"4ND",4,"NE",2,TRUE,"C",NA,FALSE,35.9,NA,FALSE,"none",NA,NA,NA,NA,NA,NA,NA,NA,NA,FALSE,NA,NA
"373",1,1903,"4SA",4,"SW",2,TRUE,"C",NA,FALSE,35.9,NA,FALSE,"none",NA,NA,NA,NA,NA,NA,NA,NA,NA,FALSE,NA,NA
"374",1,1903,"4SB",4,"SW",2,TRUE,"C",NA,FALSE,35.9,NA,FALSE,"none",NA,NA,NA,NA,NA,NA,NA,NA,NA,FALSE,NA,NA
"375",1,1903,"4SC",4,"SE",2,TRUE,"C",NA,FALSE,35.9,NA,FALSE,"none",NA,NA,NA,NA,NA,NA,NA,NA,NA,FALSE,NA,NA
"376",1,1903,"4SD",4,"SE",2,TRUE,"C",NA,FALSE,35.9,NA,FALSE,"none",NA,NA,NA,NA,NA,NA,NA,NA,NA,FALSE,NA,NA
"377",1,1903,"5NA",5,"NW",3,FALSE,"H",NA,FALSE,NA,1.11,FALSE,"none",NA,NA,NA,NA,NA,NA,NA,NA,NA,FALSE,NA,NA
"378",1,1903,"5NB",5,"NW",3,FALSE,"H",NA,FALSE,NA,1.11,FALSE,"none",NA,NA,NA,NA,NA,NA,NA,NA,NA,FALSE,NA,NA
"379",1,1903,"5NC",5,"NE",3,FALSE,"H",NA,FALSE,NA,1.11,FALSE,"none",NA,NA,NA,NA,NA,NA,NA,NA,NA,FALSE,NA,NA
"380",1,1903,"5ND",5,"NE",3,FALSE,"H",NA,FALSE,NA,1.11,FALSE,"none",NA,NA,NA,NA,NA,NA,NA,NA,NA,FALSE,NA,NA
"381",1,1903,"5SA",5,"SW",3,FALSE,"H",NA,FALSE,NA,1.11,FALSE,"none",NA,NA,NA,NA,NA,NA,NA,NA,NA,FALSE,NA,NA
"382",1,1903,"5SB",5,"SW",3,FALSE,"H",NA,FALSE,NA,1.11,FALSE,"none",NA,NA,NA,NA,NA,NA,NA,NA,NA,FALSE,NA,NA
"383",1,1903,"5SC",5,"SE",3,FALSE,"H",NA,FALSE,NA,1.11,FALSE,"none",NA,NA,NA,NA,NA,NA,NA,NA,NA,FALSE,NA,NA
"384",1,1903,"5SD",5,"SE",3,FALSE,"H",NA,FALSE,NA,1.11,FALSE,"none",NA,NA,NA,NA,NA,NA,NA,NA,NA,FALSE,NA,NA
"385",2,1904,"3NA",3,"NW",1,TRUE,"CC",NA,FALSE,21.5,NA,FALSE,"none",NA,NA,NA,NA,NA,NA,NA,NA,NA,TRUE,NA,NA
"386",2,1904,"3NB",3,"NW",1,TRUE,"CC",NA,FALSE,21.5,NA,FALSE,"none",NA,NA,NA,NA,NA,NA,NA,NA,NA,TRUE,NA,NA
"387",2,1904,"3NC",3,"NE",1,TRUE,"CC",NA,FALSE,21.5,NA,FALSE,"none",NA,NA,NA,NA,NA,NA,NA,NA,NA,TRUE,NA,NA
"388",2,1904,"3ND",3,"NE",1,TRUE,"CC",NA,FALSE,21.5,NA,FALSE,"none",NA,NA,NA,NA,NA,NA,NA,NA,NA,TRUE,NA,NA
"389",2,1904,"3SA",3,"SW",1,TRUE,"CC",NA,FALSE,17.1,NA,TRUE,"MLrP",NA,NA,NA,NA,NA,NA,NA,NA,NA,TRUE,NA,NA
"390",2,1904,"3SB",3,"SW",1,TRUE,"CC",NA,FALSE,17.1,NA,TRUE,"MLrP",NA,NA,NA,NA,NA,NA,NA,NA,NA,TRUE,NA,NA
"391",2,1904,"3SC",3,"SE",1,TRUE,"CC",NA,FALSE,17.1,NA,TRUE,"MLbP",NA,NA,NA,NA,NA,NA,NA,NA,NA,TRUE,NA,NA
"392",2,1904,"3SD",3,"SE",1,TRUE,"CC",NA,FALSE,17.1,NA,TRUE,"MLbP",NA,NA,NA,NA,NA,NA,NA,NA,NA,TRUE,NA,NA
"393",2,1904,"4NA",4,"NW",2,FALSE,"O",NA,FALSE,17.5,NA,FALSE,"none",NA,NA,NA,NA,NA,NA,NA,NA,NA,TRUE,NA,NA
"394",2,1904,"4NB",4,"NW",2,FALSE,"O",NA,FALSE,17.5,NA,FALSE,"none",NA,NA,NA,NA,NA,NA,NA,NA,NA,TRUE,NA,NA
"395",2,1904,"4NC",4,"NE",2,FALSE,"O",NA,FALSE,17.5,NA,FALSE,"none",NA,NA,NA,NA,NA,NA,NA,NA,NA,TRUE,NA,NA
"396",2,1904,"4ND",4,"NE",2,FALSE,"O",NA,FALSE,17.5,NA,FALSE,"none",NA,NA,NA,NA,NA,NA,NA,NA,NA,TRUE,NA,NA
"397",2,1904,"4SA",4,"SW",2,FALSE,"O",NA,FALSE,22.5,NA,TRUE,"MLrP",NA,NA,NA,NA,NA,NA,NA,NA,NA,TRUE,NA,NA
"398",2,1904,"4SB",4,"SW",2,FALSE,"O",NA,FALSE,22.5,NA,TRUE,"MLrP",NA,NA,NA,NA,NA,NA,NA,NA,NA,TRUE,NA,NA
"399",2,1904,"4SC",4,"SE",2,FALSE,"O",NA,FALSE,28.1,NA,TRUE,"MLbP",NA,NA,NA,NA,NA,NA,NA,NA,NA,TRUE,NA,NA
"400",2,1904,"4SD",4,"SE",2,FALSE,"O",NA,FALSE,28.1,NA,TRUE,"MLbP",NA,NA,NA,NA,NA,NA,NA,NA,NA,TRUE,NA,NA
"401",2,1904,"5NA",5,"NW",3,TRUE,"C",NA,FALSE,55.3,NA,FALSE,"none",NA,NA,NA,NA,NA,NA,NA,NA,NA,TRUE,NA,NA
"402",2,1904,"5NB",5,"NW",3,TRUE,"C",NA,FALSE,55.3,NA,FALSE,"none",NA,NA,NA,NA,NA,NA,NA,NA,NA,TRUE,NA,NA
"403",2,1904,"5NC",5,"NE",3,TRUE,"C",NA,FALSE,55.3,NA,FALSE,"none",NA,NA,NA,NA,NA,NA,NA,NA,NA,TRUE,NA,NA
"404",2,1904,"5ND",5,"NE",3,TRUE,"C",NA,FALSE,55.3,NA,FALSE,"none",NA,NA,NA,NA,NA,NA,NA,NA,NA,TRUE,NA,NA
"405",2,1904,"5SA",5,"SW",3,TRUE,"C",NA,FALSE,72.7,NA,TRUE,"MLrP",NA,NA,NA,NA,NA,NA,NA,NA,NA,TRUE,NA,NA
"406",2,1904,"5SB",5,"SW",3,TRUE,"C",NA,FALSE,72.7,NA,TRUE,"MLrP",NA,NA,NA,NA,NA,NA,NA,NA,NA,TRUE,NA,NA
"407",2,1904,"5SC",5,"SE",3,TRUE,"C",NA,FALSE,72.7,NA,TRUE,"MLbP",NA,NA,NA,NA,NA,NA,NA,NA,NA,TRUE,NA,NA
"408",2,1904,"5SD",5,"SE",3,TRUE,"C",NA,FALSE,72.7,NA,TRUE,"MLbP",NA,NA,NA,NA,NA,NA,NA,NA,NA,TRUE,NA,NA
"409",2,1905,"3NA",3,"NW",1,TRUE,"CC",NA,FALSE,24.8,NA,FALSE,"none",NA,NA,NA,NA,NA,NA,NA,NA,NA,FALSE,NA,NA
"410",2,1905,"3NB",3,"NW",1,TRUE,"CC",NA,FALSE,24.8,NA,FALSE,"none",NA,NA,NA,NA,NA,NA,NA,NA,NA,FALSE,NA,NA
"411",2,1905,"3NC",3,"NE",1,TRUE,"CC",NA,FALSE,24.8,NA,FALSE,"none",NA,NA,NA,NA,NA,NA,NA,NA,NA,FALSE,NA,NA
"412",2,1905,"3ND",3,"NE",1,TRUE,"CC",NA,FALSE,24.8,NA,FALSE,"none",NA,NA,NA,NA,NA,NA,NA,NA,NA,FALSE,NA,NA
"413",2,1905,"3SA",3,"SW",1,TRUE,"CC",NA,FALSE,26.8,NA,TRUE,"MLrP",NA,NA,NA,NA,NA,NA,NA,NA,NA,FALSE,NA,NA
"414",2,1905,"3SB",3,"SW",1,TRUE,"CC",NA,FALSE,26.8,NA,TRUE,"MLrP",NA,NA,NA,NA,NA,NA,NA,NA,NA,FALSE,NA,NA
"415",2,1905,"3SC",3,"SE",1,TRUE,"CC",NA,FALSE,36,NA,TRUE,"MLbP",NA,NA,NA,NA,NA,NA,NA,NA,NA,FALSE,NA,NA
"416",2,1905,"3SD",3,"SE",1,TRUE,"CC",NA,FALSE,36,NA,TRUE,"MLbP",NA,NA,NA,NA,NA,NA,NA,NA,NA,FALSE,NA,NA
"417",2,1905,"4NA",4,"NW",2,TRUE,"C",NA,FALSE,50,NA,FALSE,"none",NA,NA,NA,NA,NA,NA,NA,NA,NA,FALSE,NA,NA
"418",2,1905,"4NB",4,"NW",2,TRUE,"C",NA,FALSE,50,NA,FALSE,"none",NA,NA,NA,NA,NA,NA,NA,NA,NA,FALSE,NA,NA
"419",2,1905,"4NC",4,"NE",2,TRUE,"C",NA,FALSE,50,NA,FALSE,"none",NA,NA,NA,NA,NA,NA,NA,NA,NA,FALSE,NA,NA
"420",2,1905,"4ND",4,"NE",2,TRUE,"C",NA,FALSE,50,NA,FALSE,"none",NA,NA,NA,NA,NA,NA,NA,NA,NA,FALSE,NA,NA
"421",2,1905,"4SA",4,"SW",2,TRUE,"C",NA,FALSE,40,NA,TRUE,"MLrP",NA,NA,NA,NA,NA,NA,NA,NA,NA,FALSE,NA,NA
"422",2,1905,"4SB",4,"SW",2,TRUE,"C",NA,FALSE,40,NA,TRUE,"MLrP",NA,NA,NA,NA,NA,NA,NA,NA,NA,FALSE,NA,NA
"423",2,1905,"4SC",4,"SE",2,TRUE,"C",NA,FALSE,49.8,NA,TRUE,"MLbP",NA,NA,NA,NA,NA,NA,NA,NA,NA,FALSE,NA,NA
"424",2,1905,"4SD",4,"SE",2,TRUE,"C",NA,FALSE,49.8,NA,TRUE,"MLbP",NA,NA,NA,NA,NA,NA,NA,NA,NA,FALSE,NA,NA
"425",2,1905,"5NA",5,"NW",3,FALSE,"O",NA,FALSE,42.3,NA,FALSE,"none",NA,NA,NA,NA,NA,NA,NA,NA,NA,FALSE,NA,NA
"426",2,1905,"5NB",5,"NW",3,FALSE,"O",NA,FALSE,42.3,NA,FALSE,"none",NA,NA,NA,NA,NA,NA,NA,NA,NA,FALSE,NA,NA
"427",2,1905,"5NC",5,"NE",3,FALSE,"O",NA,FALSE,42.3,NA,FALSE,"none",NA,NA,NA,NA,NA,NA,NA,NA,NA,FALSE,NA,NA
"428",2,1905,"5ND",5,"NE",3,FALSE,"O",NA,FALSE,42.3,NA,FALSE,"none",NA,NA,NA,NA,NA,NA,NA,NA,NA,FALSE,NA,NA
"429",2,1905,"5SA",5,"SW",3,FALSE,"O",NA,FALSE,45,NA,TRUE,"MLrP",NA,NA,NA,NA,NA,NA,NA,NA,NA,FALSE,NA,NA
"430",2,1905,"5SB",5,"SW",3,FALSE,"O",NA,FALSE,45,NA,TRUE,"MLrP",NA,NA,NA,NA,NA,NA,NA,NA,NA,FALSE,NA,NA
"431",2,1905,"5SC",5,"SE",3,FALSE,"O",NA,FALSE,56.2,NA,TRUE,"MLbP",NA,NA,NA,NA,NA,NA,NA,NA,NA,FALSE,NA,NA
"432",2,1905,"5SD",5,"SE",3,FALSE,"O",NA,FALSE,56.2,NA,TRUE,"MLbP",NA,NA,NA,NA,NA,NA,NA,NA,NA,FALSE,NA,NA
"433",2,1906,"3NA",3,"NW",1,TRUE,"CC",NA,FALSE,27.1,NA,FALSE,"none",NA,NA,NA,NA,NA,NA,NA,NA,NA,FALSE,NA,NA
"434",2,1906,"3NB",3,"NW",1,TRUE,"CC",NA,FALSE,27.1,NA,FALSE,"none",NA,NA,NA,NA,NA,NA,NA,NA,NA,FALSE,NA,NA
"435",2,1906,"3NC",3,"NE",1,TRUE,"CC",NA,FALSE,27.1,NA,FALSE,"none",NA,NA,NA,NA,NA,NA,NA,NA,NA,FALSE,NA,NA
"436",2,1906,"3ND",3,"NE",1,TRUE,"CC",NA,FALSE,27.1,NA,FALSE,"none",NA,NA,NA,NA,NA,NA,NA,NA,NA,FALSE,NA,NA
"437",2,1906,"3SA",3,"SW",1,TRUE,"CC",NA,FALSE,32.5,NA,TRUE,"MLrP",NA,NA,NA,NA,NA,NA,NA,NA,NA,FALSE,NA,NA
"438",2,1906,"3SB",3,"SW",1,TRUE,"CC",NA,FALSE,32.5,NA,TRUE,"MLrP",NA,NA,NA,NA,NA,NA,NA,NA,NA,FALSE,NA,NA
"439",2,1906,"3SC",3,"SE",1,TRUE,"CC",NA,FALSE,39.1,NA,TRUE,"MLbP",NA,NA,NA,NA,NA,NA,NA,NA,NA,FALSE,NA,NA
"440",2,1906,"3SD",3,"SE",1,TRUE,"CC",NA,FALSE,39.1,NA,TRUE,"MLbP",NA,NA,NA,NA,NA,NA,NA,NA,NA,FALSE,NA,NA
"441",2,1906,"4NA",4,"NW",2,FALSE,"O",NA,FALSE,34.7,NA,FALSE,"none",NA,NA,NA,NA,NA,NA,NA,NA,NA,FALSE,NA,NA
"442",2,1906,"4NB",4,"NW",2,FALSE,"O",NA,FALSE,34.7,NA,FALSE,"none",NA,NA,NA,NA,NA,NA,NA,NA,NA,FALSE,NA,NA
"443",2,1906,"4NC",4,"NE",2,FALSE,"O",NA,FALSE,34.7,NA,FALSE,"none",NA,NA,NA,NA,NA,NA,NA,NA,NA,FALSE,NA,NA
"444",2,1906,"4ND",4,"NE",2,FALSE,"O",NA,FALSE,34.7,NA,FALSE,"none",NA,NA,NA,NA,NA,NA,NA,NA,NA,FALSE,NA,NA
"445",2,1906,"4SA",4,"SW",2,FALSE,"O",NA,FALSE,44.3,NA,TRUE,"MLrP",NA,NA,NA,NA,NA,NA,NA,NA,NA,FALSE,NA,NA
"446",2,1906,"4SB",4,"SW",2,FALSE,"O",NA,FALSE,44.3,NA,TRUE,"MLrP",NA,NA,NA,NA,NA,NA,NA,NA,NA,FALSE,NA,NA
"447",2,1906,"4SC",4,"SE",2,FALSE,"O",NA,FALSE,60.6,NA,TRUE,"MLbP",NA,NA,NA,NA,NA,NA,NA,NA,NA,FALSE,NA,NA
"448",2,1906,"4SD",4,"SE",2,FALSE,"O",NA,FALSE,60.6,NA,TRUE,"MLbP",NA,NA,NA,NA,NA,NA,NA,NA,NA,FALSE,NA,NA
"449",2,1906,"5NA",5,"NW",3,FALSE,"H",NA,FALSE,NA,1.42,FALSE,"none",NA,NA,NA,NA,NA,NA,NA,NA,NA,FALSE,NA,NA
"450",2,1906,"5NB",5,"NW",3,FALSE,"H",NA,FALSE,NA,1.42,FALSE,"none",NA,NA,NA,NA,NA,NA,NA,NA,NA,FALSE,NA,NA
"451",2,1906,"5NC",5,"NE",3,FALSE,"H",NA,FALSE,NA,1.42,FALSE,"none",NA,NA,NA,NA,NA,NA,NA,NA,NA,FALSE,NA,NA
"452",2,1906,"5ND",5,"NE",3,FALSE,"H",NA,FALSE,NA,1.42,FALSE,"none",NA,NA,NA,NA,NA,NA,NA,NA,NA,FALSE,NA,NA
"453",2,1906,"5SA",5,"SW",3,FALSE,"H",NA,FALSE,NA,1.88,TRUE,"MLrP",NA,NA,NA,NA,NA,NA,NA,NA,NA,FALSE,NA,NA
"454",2,1906,"5SB",5,"SW",3,FALSE,"H",NA,FALSE,NA,1.88,TRUE,"MLrP",NA,NA,NA,NA,NA,NA,NA,NA,NA,FALSE,NA,NA
"455",2,1906,"5SC",5,"SE",3,FALSE,"H",NA,FALSE,NA,1.6,TRUE,"MLbP",NA,NA,NA,NA,NA,NA,NA,NA,NA,FALSE,NA,NA
"456",2,1906,"5SD",5,"SE",3,FALSE,"H",NA,FALSE,NA,1.6,TRUE,"MLbP",NA,NA,NA,NA,NA,NA,NA,NA,NA,FALSE,NA,NA
"457",2,1907,"3NA",3,"NW",1,TRUE,"CC",NA,TRUE,29,NA,FALSE,"none",NA,NA,NA,NA,NA,NA,NA,NA,NA,FALSE,NA,NA
"458",2,1907,"3NB",3,"NW",1,TRUE,"CC",NA,TRUE,29,NA,FALSE,"none",NA,NA,NA,NA,NA,NA,NA,NA,NA,FALSE,NA,NA
"459",2,1907,"3NC",3,"NE",1,TRUE,"CC",NA,TRUE,29,NA,FALSE,"none",NA,NA,NA,NA,NA,NA,NA,NA,NA,FALSE,NA,NA
"460",2,1907,"3ND",3,"NE",1,TRUE,"CC",NA,TRUE,29,NA,FALSE,"none",NA,NA,NA,NA,NA,NA,NA,NA,NA,FALSE,NA,NA
"461",2,1907,"3SA",3,"SW",1,TRUE,"CC",NA,TRUE,40.8,NA,TRUE,"MLrP",NA,NA,NA,NA,NA,NA,NA,NA,NA,FALSE,NA,NA
"462",2,1907,"3SB",3,"SW",1,TRUE,"CC",NA,TRUE,40.8,NA,TRUE,"MLrP",NA,NA,NA,NA,NA,NA,NA,NA,NA,FALSE,NA,NA
"463",2,1907,"3SC",3,"SE",1,TRUE,"CC",NA,TRUE,56.5,NA,TRUE,"MLbP",NA,NA,NA,NA,NA,NA,NA,NA,NA,FALSE,NA,NA
"464",2,1907,"3SD",3,"SE",1,TRUE,"CC",NA,TRUE,56.5,NA,TRUE,"MLbP",NA,NA,NA,NA,NA,NA,NA,NA,NA,FALSE,NA,NA
"465",2,1907,"4NA",4,"NW",2,TRUE,"C",NA,TRUE,47.8,NA,FALSE,"none",NA,NA,NA,NA,NA,NA,NA,NA,NA,FALSE,NA,NA
"466",2,1907,"4NB",4,"NW",2,TRUE,"C",NA,TRUE,47.8,NA,FALSE,"none",NA,NA,NA,NA,NA,NA,NA,NA,NA,FALSE,NA,NA
"467",2,1907,"4NC",4,"NE",2,TRUE,"C",NA,TRUE,47.8,NA,FALSE,"none",NA,NA,NA,NA,NA,NA,NA,NA,NA,FALSE,NA,NA
"468",2,1907,"4ND",4,"NE",2,TRUE,"C",NA,TRUE,47.8,NA,FALSE,"none",NA,NA,NA,NA,NA,NA,NA,NA,NA,FALSE,NA,NA
"469",2,1907,"4SA",4,"SW",2,TRUE,"C",NA,TRUE,81.4,NA,TRUE,"MLrP",NA,NA,NA,NA,NA,NA,NA,NA,NA,FALSE,NA,NA
"470",2,1907,"4SB",4,"SW",2,TRUE,"C",NA,TRUE,81.4,NA,TRUE,"MLrP",NA,NA,NA,NA,NA,NA,NA,NA,NA,FALSE,NA,NA
"471",2,1907,"4SC",4,"SE",2,TRUE,"C",NA,TRUE,93.8,NA,TRUE,"MLbP",NA,NA,NA,NA,NA,NA,NA,NA,NA,FALSE,NA,NA
"472",2,1907,"4SD",4,"SE",2,TRUE,"C",NA,TRUE,93.8,NA,TRUE,"MLbP",NA,NA,NA,NA,NA,NA,NA,NA,NA,FALSE,NA,NA
"473",2,1907,"5NA",5,"NW",3,TRUE,"C",NA,TRUE,80.5,NA,FALSE,"none",NA,NA,NA,NA,NA,NA,NA,NA,NA,FALSE,NA,NA
"474",2,1907,"5NB",5,"NW",3,TRUE,"C",NA,TRUE,80.5,NA,FALSE,"none",NA,NA,NA,NA,NA,NA,NA,NA,NA,FALSE,NA,NA
"475",2,1907,"5NC",5,"NE",3,TRUE,"C",NA,TRUE,80.5,NA,FALSE,"none",NA,NA,NA,NA,NA,NA,NA,NA,NA,FALSE,NA,NA
"476",2,1907,"5ND",5,"NE",3,TRUE,"C",NA,TRUE,80.5,NA,FALSE,"none",NA,NA,NA,NA,NA,NA,NA,NA,NA,FALSE,NA,NA
"477",2,1907,"5SA",5,"SW",3,TRUE,"C",NA,TRUE,91.4,NA,TRUE,"MLrP",NA,NA,NA,NA,NA,NA,NA,NA,NA,FALSE,NA,NA
"478",2,1907,"5SB",5,"SW",3,TRUE,"C",NA,TRUE,91.4,NA,TRUE,"MLrP",NA,NA,NA,NA,NA,NA,NA,NA,NA,FALSE,NA,NA
"479",2,1907,"5SC",5,"SE",3,TRUE,"C",NA,TRUE,95.8,NA,TRUE,"MLbP",NA,NA,NA,NA,NA,NA,NA,NA,NA,FALSE,NA,NA
"480",2,1907,"5SD",5,"SE",3,TRUE,"C",NA,TRUE,95.8,NA,TRUE,"MLbP",NA,NA,NA,NA,NA,NA,NA,NA,NA,FALSE,NA,NA
"481",2,1908,"3NA",3,"NW",1,TRUE,"CC",NA,FALSE,13.4,NA,FALSE,"none",NA,NA,NA,NA,NA,NA,NA,NA,NA,FALSE,NA,NA
"482",2,1908,"3NB",3,"NW",1,TRUE,"CC",NA,FALSE,13.4,NA,FALSE,"none",NA,NA,NA,NA,NA,NA,NA,NA,NA,FALSE,NA,NA
"483",2,1908,"3NC",3,"NE",1,TRUE,"CC",NA,FALSE,13.4,NA,FALSE,"none",NA,NA,NA,NA,NA,NA,NA,NA,NA,FALSE,NA,NA
"484",2,1908,"3ND",3,"NE",1,TRUE,"CC",NA,FALSE,13.4,NA,FALSE,"none",NA,NA,NA,NA,NA,NA,NA,NA,NA,FALSE,NA,NA
"485",2,1908,"3SA",3,"SW",1,TRUE,"CC",NA,FALSE,24.8,NA,TRUE,"MLrP",NA,NA,NA,NA,NA,NA,NA,NA,NA,FALSE,NA,NA
"486",2,1908,"3SB",3,"SW",1,TRUE,"CC",NA,FALSE,24.8,NA,TRUE,"MLrP",NA,NA,NA,NA,NA,NA,NA,NA,NA,FALSE,NA,NA
"487",2,1908,"3SC",3,"SE",1,TRUE,"CC",NA,FALSE,31.1,NA,TRUE,"MLbP",NA,NA,NA,NA,NA,NA,NA,NA,NA,FALSE,NA,NA
"488",2,1908,"3SD",3,"SE",1,TRUE,"CC",NA,FALSE,31.1,NA,TRUE,"MLbP",NA,NA,NA,NA,NA,NA,NA,NA,NA,FALSE,NA,NA
"489",2,1908,"4NA",4,"NW",2,FALSE,"O",NA,FALSE,32.9,NA,FALSE,"none",NA,NA,NA,NA,NA,NA,NA,NA,NA,FALSE,NA,NA
"490",2,1908,"4NB",4,"NW",2,FALSE,"O",NA,FALSE,32.9,NA,FALSE,"none",NA,NA,NA,NA,NA,NA,NA,NA,NA,FALSE,NA,NA
"491",2,1908,"4NC",4,"NE",2,FALSE,"O",NA,FALSE,32.9,NA,FALSE,"none",NA,NA,NA,NA,NA,NA,NA,NA,NA,FALSE,NA,NA
"492",2,1908,"4ND",4,"NE",2,FALSE,"O",NA,FALSE,32.9,NA,FALSE,"none",NA,NA,NA,NA,NA,NA,NA,NA,NA,FALSE,NA,NA
"493",2,1908,"4SA",4,"SW",2,FALSE,"O",NA,FALSE,46.9,NA,TRUE,"MLrP",NA,NA,NA,NA,NA,NA,NA,NA,NA,FALSE,NA,NA
"494",2,1908,"4SB",4,"SW",2,FALSE,"O",NA,FALSE,46.9,NA,TRUE,"MLrP",NA,NA,NA,NA,NA,NA,NA,NA,NA,FALSE,NA,NA
"495",2,1908,"4SC",4,"SE",2,FALSE,"O",NA,FALSE,43.1,NA,TRUE,"MLbP",NA,NA,NA,NA,NA,NA,NA,NA,NA,FALSE,NA,NA
"496",2,1908,"4SD",4,"SE",2,FALSE,"O",NA,FALSE,43.1,NA,TRUE,"MLbP",NA,NA,NA,NA,NA,NA,NA,NA,NA,FALSE,NA,NA
"497",2,1908,"5NA",5,"NW",3,FALSE,"O",NA,FALSE,40,NA,FALSE,"none",NA,NA,NA,NA,NA,NA,NA,NA,NA,FALSE,NA,NA
"498",2,1908,"5NB",5,"NW",3,FALSE,"O",NA,FALSE,40,NA,FALSE,"none",NA,NA,NA,NA,NA,NA,NA,NA,NA,FALSE,NA,NA
"499",2,1908,"5NC",5,"NE",3,FALSE,"O",NA,FALSE,40,NA,FALSE,"none",NA,NA,NA,NA,NA,NA,NA,NA,NA,FALSE,NA,NA
"500",2,1908,"5ND",5,"NE",3,FALSE,"O",NA,FALSE,40,NA,FALSE,"none",NA,NA,NA,NA,NA,NA,NA,NA,NA,FALSE,NA,NA
"501",2,1908,"5SA",5,"SW",3,FALSE,"O",NA,FALSE,43.8,NA,TRUE,"MLrP",NA,NA,NA,NA,NA,NA,NA,NA,NA,FALSE,NA,NA
"502",2,1908,"5SB",5,"SW",3,FALSE,"O",NA,FALSE,43.8,NA,TRUE,"MLrP",NA,NA,NA,NA,NA,NA,NA,NA,NA,FALSE,NA,NA
"503",2,1908,"5SC",5,"SE",3,FALSE,"O",NA,FALSE,45,NA,TRUE,"MLbP",NA,NA,NA,NA,NA,NA,NA,NA,NA,FALSE,NA,NA
"504",2,1908,"5SD",5,"SE",3,FALSE,"O",NA,FALSE,45,NA,TRUE,"MLbP",NA,NA,NA,NA,NA,NA,NA,NA,NA,FALSE,NA,NA
"505",2,1909,"3NA",3,"NW",1,TRUE,"CC",NA,FALSE,26.6,NA,FALSE,"none",NA,NA,NA,NA,NA,NA,NA,NA,NA,FALSE,NA,NA
"506",2,1909,"3NB",3,"NW",1,TRUE,"CC",NA,FALSE,26.6,NA,FALSE,"none",NA,NA,NA,NA,NA,NA,NA,NA,NA,FALSE,NA,NA
"507",2,1909,"3NC",3,"NE",1,TRUE,"CC",NA,FALSE,26.6,NA,FALSE,"none",NA,NA,NA,NA,NA,NA,NA,NA,NA,FALSE,NA,NA
"508",2,1909,"3ND",3,"NE",1,TRUE,"CC",NA,FALSE,26.6,NA,FALSE,"none",NA,NA,NA,NA,NA,NA,NA,NA,NA,FALSE,NA,NA
"509",2,1909,"3SA",3,"SW",1,TRUE,"CC",NA,FALSE,30.4,NA,TRUE,"MLrP",NA,NA,NA,NA,NA,NA,NA,NA,NA,FALSE,NA,NA
"510",2,1909,"3SB",3,"SW",1,TRUE,"CC",NA,FALSE,30.4,NA,TRUE,"MLrP",NA,NA,NA,NA,NA,NA,NA,NA,NA,FALSE,NA,NA
"511",2,1909,"3SC",3,"SE",1,TRUE,"CC",NA,FALSE,32.8,NA,TRUE,"MLbP",NA,NA,NA,NA,NA,NA,NA,NA,NA,FALSE,NA,NA
"512",2,1909,"3SD",3,"SE",1,TRUE,"CC",NA,FALSE,32.8,NA,TRUE,"MLbP",NA,NA,NA,NA,NA,NA,NA,NA,NA,FALSE,NA,NA
"513",2,1909,"4NA",4,"NW",2,TRUE,"C",NA,FALSE,33,NA,FALSE,"none",NA,NA,NA,NA,NA,NA,NA,NA,NA,FALSE,NA,NA
"514",2,1909,"4NB",4,"NW",2,TRUE,"C",NA,FALSE,33,NA,FALSE,"none",NA,NA,NA,NA,NA,NA,NA,NA,NA,FALSE,NA,NA
"515",2,1909,"4NC",4,"NE",2,TRUE,"C",NA,FALSE,33,NA,FALSE,"none",NA,NA,NA,NA,NA,NA,NA,NA,NA,FALSE,NA,NA
"516",2,1909,"4ND",4,"NE",2,TRUE,"C",NA,FALSE,33,NA,FALSE,"none",NA,NA,NA,NA,NA,NA,NA,NA,NA,FALSE,NA,NA
"517",2,1909,"4SA",4,"SW",2,TRUE,"C",NA,FALSE,60.4,NA,TRUE,"MLrP",NA,NA,NA,NA,NA,NA,NA,NA,NA,FALSE,NA,NA
"518",2,1909,"4SB",4,"SW",2,TRUE,"C",NA,FALSE,60.4,NA,TRUE,"MLrP",NA,NA,NA,NA,NA,NA,NA,NA,NA,FALSE,NA,NA
"519",2,1909,"4SC",4,"SE",2,TRUE,"C",NA,FALSE,69.2,NA,TRUE,"MLbP",NA,NA,NA,NA,NA,NA,NA,NA,NA,FALSE,NA,NA
"520",2,1909,"4SD",4,"SE",2,TRUE,"C",NA,FALSE,69.2,NA,TRUE,"MLbP",NA,NA,NA,NA,NA,NA,NA,NA,NA,FALSE,NA,NA
"521",2,1909,"5NA",5,"NW",3,FALSE,"H",NA,FALSE,NA,0.65,FALSE,"none",NA,NA,NA,NA,NA,NA,NA,NA,NA,FALSE,NA,NA
"522",2,1909,"5NB",5,"NW",3,FALSE,"H",NA,FALSE,NA,0.65,FALSE,"none",NA,NA,NA,NA,NA,NA,NA,NA,NA,FALSE,NA,NA
"523",2,1909,"5NC",5,"NE",3,FALSE,"H",NA,FALSE,NA,0.65,FALSE,"none",NA,NA,NA,NA,NA,NA,NA,NA,NA,FALSE,NA,NA
"524",2,1909,"5ND",5,"NE",3,FALSE,"H",NA,FALSE,NA,0.65,FALSE,"none",NA,NA,NA,NA,NA,NA,NA,NA,NA,FALSE,NA,NA
"525",2,1909,"5SA",5,"SW",3,FALSE,"H",NA,FALSE,NA,1.72,TRUE,"MLrP",NA,NA,NA,NA,NA,NA,NA,NA,NA,FALSE,NA,NA
"526",2,1909,"5SB",5,"SW",3,FALSE,"H",NA,FALSE,NA,1.72,TRUE,"MLrP",NA,NA,NA,NA,NA,NA,NA,NA,NA,FALSE,NA,NA
"527",2,1909,"5SC",5,"SE",3,FALSE,"H",NA,FALSE,NA,1.75,TRUE,"MLbP",NA,NA,NA,NA,NA,NA,NA,NA,NA,FALSE,NA,NA
"528",2,1909,"5SD",5,"SE",3,FALSE,"H",NA,FALSE,NA,1.75,TRUE,"MLbP",NA,NA,NA,NA,NA,NA,NA,NA,NA,FALSE,NA,NA
"529",2,1910,"3NA",3,"NW",1,TRUE,"CC",NA,FALSE,35.9,NA,FALSE,"none",NA,NA,NA,NA,NA,NA,NA,NA,NA,FALSE,NA,NA
"530",2,1910,"3NB",3,"NW",1,TRUE,"CC",NA,FALSE,35.9,NA,FALSE,"none",NA,NA,NA,NA,NA,NA,NA,NA,NA,FALSE,NA,NA
"531",2,1910,"3NC",3,"NE",1,TRUE,"CC",NA,FALSE,35.9,NA,FALSE,"none",NA,NA,NA,NA,NA,NA,NA,NA,NA,FALSE,NA,NA
"532",2,1910,"3ND",3,"NE",1,TRUE,"CC",NA,FALSE,35.9,NA,FALSE,"none",NA,NA,NA,NA,NA,NA,NA,NA,NA,FALSE,NA,NA
"533",2,1910,"3SA",3,"SW",1,TRUE,"CC",NA,FALSE,48.9,NA,TRUE,"MLrP",NA,NA,NA,NA,NA,NA,NA,NA,NA,FALSE,NA,NA
"534",2,1910,"3SB",3,"SW",1,TRUE,"CC",NA,FALSE,48.9,NA,TRUE,"MLrP",NA,NA,NA,NA,NA,NA,NA,NA,NA,FALSE,NA,NA
"535",2,1910,"3SC",3,"SE",1,TRUE,"CC",NA,FALSE,60.3,NA,TRUE,"MLbP",NA,NA,NA,NA,NA,NA,NA,NA,NA,FALSE,NA,NA
"536",2,1910,"3SD",3,"SE",1,TRUE,"CC",NA,FALSE,60.3,NA,TRUE,"MLbP",NA,NA,NA,NA,NA,NA,NA,NA,NA,FALSE,NA,NA
"537",2,1910,"4NA",4,"NW",2,FALSE,"O",NA,FALSE,33.8,NA,FALSE,"none",NA,NA,NA,NA,NA,NA,NA,NA,NA,FALSE,NA,NA
"538",2,1910,"4NB",4,"NW",2,FALSE,"O",NA,FALSE,33.8,NA,FALSE,"none",NA,NA,NA,NA,NA,NA,NA,NA,NA,FALSE,NA,NA
"539",2,1910,"4NC",4,"NE",2,FALSE,"O",NA,FALSE,33.8,NA,FALSE,"none",NA,NA,NA,NA,NA,NA,NA,NA,NA,FALSE,NA,NA
"540",2,1910,"4ND",4,"NE",2,FALSE,"O",NA,FALSE,33.8,NA,FALSE,"none",NA,NA,NA,NA,NA,NA,NA,NA,NA,FALSE,NA,NA
"541",2,1910,"4SA",4,"SW",2,FALSE,"O",NA,FALSE,51.9,NA,TRUE,"MLrP",NA,NA,NA,NA,NA,NA,NA,NA,NA,FALSE,NA,NA
"542",2,1910,"4SB",4,"SW",2,FALSE,"O",NA,FALSE,51.9,NA,TRUE,"MLrP",NA,NA,NA,NA,NA,NA,NA,NA,NA,FALSE,NA,NA
"543",2,1910,"4SC",4,"SE",2,FALSE,"O",NA,FALSE,66.9,NA,TRUE,"MLbP",NA,NA,NA,NA,NA,NA,NA,NA,NA,FALSE,NA,NA
"544",2,1910,"4SD",4,"SE",2,FALSE,"O",NA,FALSE,66.9,NA,TRUE,"MLbP",NA,NA,NA,NA,NA,NA,NA,NA,NA,FALSE,NA,NA
"545",2,1910,"5NA",5,"NW",3,TRUE,"C",NA,FALSE,58.6,NA,FALSE,"none",NA,NA,NA,NA,NA,NA,NA,NA,NA,FALSE,NA,NA
"546",2,1910,"5NB",5,"NW",3,TRUE,"C",NA,FALSE,58.6,NA,FALSE,"none",NA,NA,NA,NA,NA,NA,NA,NA,NA,FALSE,NA,NA
"547",2,1910,"5NC",5,"NE",3,TRUE,"C",NA,FALSE,58.6,NA,FALSE,"none",NA,NA,NA,NA,NA,NA,NA,NA,NA,FALSE,NA,NA
"548",2,1910,"5ND",5,"NE",3,TRUE,"C",NA,FALSE,58.6,NA,FALSE,"none",NA,NA,NA,NA,NA,NA,NA,NA,NA,FALSE,NA,NA
"549",2,1910,"5SA",5,"SW",3,TRUE,"C",NA,FALSE,78.3,NA,TRUE,"MLrP",NA,NA,NA,NA,NA,NA,NA,NA,NA,FALSE,NA,NA
"550",2,1910,"5SB",5,"SW",3,TRUE,"C",NA,FALSE,78.3,NA,TRUE,"MLrP",NA,NA,NA,NA,NA,NA,NA,NA,NA,FALSE,NA,NA
"551",2,1910,"5SC",5,"SE",3,TRUE,"C",NA,FALSE,88.3,NA,TRUE,"MLbP",NA,NA,NA,NA,NA,NA,NA,NA,NA,FALSE,NA,NA
"552",2,1910,"5SD",5,"SE",3,TRUE,"C",NA,FALSE,88.3,NA,TRUE,"MLbP",NA,NA,NA,NA,NA,NA,NA,NA,NA,FALSE,NA,NA
"553",2,1911,"3NA",3,"NW",1,TRUE,"CC",NA,FALSE,21.9,NA,FALSE,"none",NA,NA,NA,NA,NA,NA,NA,NA,NA,FALSE,NA,NA
"554",2,1911,"3NB",3,"NW",1,TRUE,"CC",NA,FALSE,21.9,NA,FALSE,"none",NA,NA,NA,NA,NA,NA,NA,NA,NA,FALSE,NA,NA
"555",2,1911,"3NC",3,"NE",1,TRUE,"CC",NA,FALSE,21.9,NA,FALSE,"none",NA,NA,NA,NA,NA,NA,NA,NA,NA,FALSE,NA,NA
"556",2,1911,"3ND",3,"NE",1,TRUE,"CC",NA,FALSE,21.9,NA,FALSE,"none",NA,NA,NA,NA,NA,NA,NA,NA,NA,FALSE,NA,NA
"557",2,1911,"3SA",3,"SW",1,TRUE,"CC",NA,FALSE,29,NA,TRUE,"MLrP",NA,NA,NA,NA,NA,NA,NA,NA,NA,FALSE,NA,NA
"558",2,1911,"3SB",3,"SW",1,TRUE,"CC",NA,FALSE,29,NA,TRUE,"MLrP",NA,NA,NA,NA,NA,NA,NA,NA,NA,FALSE,NA,NA
"559",2,1911,"3SC",3,"SE",1,TRUE,"CC",NA,FALSE,34,NA,TRUE,"MLbP",NA,NA,NA,NA,NA,NA,NA,NA,NA,FALSE,NA,NA
"560",2,1911,"3SD",3,"SE",1,TRUE,"CC",NA,FALSE,34,NA,TRUE,"MLbP",NA,NA,NA,NA,NA,NA,NA,NA,NA,FALSE,NA,NA
"561",2,1911,"4NA",4,"NW",2,TRUE,"C",NA,FALSE,23.6,NA,FALSE,"none",NA,NA,NA,NA,NA,NA,NA,NA,NA,FALSE,NA,NA
"562",2,1911,"4NB",4,"NW",2,TRUE,"C",NA,FALSE,23.6,NA,FALSE,"none",NA,NA,NA,NA,NA,NA,NA,NA,NA,FALSE,NA,NA
"563",2,1911,"4NC",4,"NE",2,TRUE,"C",NA,FALSE,23.6,NA,FALSE,"none",NA,NA,NA,NA,NA,NA,NA,NA,NA,FALSE,NA,NA
"564",2,1911,"4ND",4,"NE",2,TRUE,"C",NA,FALSE,23.6,NA,FALSE,"none",NA,NA,NA,NA,NA,NA,NA,NA,NA,FALSE,NA,NA
"565",2,1911,"4SA",4,"SW",2,TRUE,"C",NA,FALSE,44.4,NA,TRUE,"MLrP",NA,NA,NA,NA,NA,NA,NA,NA,NA,FALSE,NA,NA
"566",2,1911,"4SB",4,"SW",2,TRUE,"C",NA,FALSE,44.4,NA,TRUE,"MLrP",NA,NA,NA,NA,NA,NA,NA,NA,NA,FALSE,NA,NA
"567",2,1911,"4SC",4,"SE",2,TRUE,"C",NA,FALSE,48.2,NA,TRUE,"MLbP",NA,NA,NA,NA,NA,NA,NA,NA,NA,FALSE,NA,NA
"568",2,1911,"4SD",4,"SE",2,TRUE,"C",NA,FALSE,48.2,NA,TRUE,"MLbP",NA,NA,NA,NA,NA,NA,NA,NA,NA,FALSE,NA,NA
"569",2,1911,"5NA",5,"NW",3,FALSE,"O",NA,FALSE,20.6,NA,FALSE,"none",NA,NA,NA,NA,NA,NA,NA,NA,NA,FALSE,NA,NA
"570",2,1911,"5NB",5,"NW",3,FALSE,"O",NA,FALSE,20.6,NA,FALSE,"none",NA,NA,NA,NA,NA,NA,NA,NA,NA,FALSE,NA,NA
"571",2,1911,"5NC",5,"NE",3,FALSE,"O",NA,FALSE,20.6,NA,FALSE,"none",NA,NA,NA,NA,NA,NA,NA,NA,NA,FALSE,NA,NA
"572",2,1911,"5ND",5,"NE",3,FALSE,"O",NA,FALSE,20.6,NA,FALSE,"none",NA,NA,NA,NA,NA,NA,NA,NA,NA,FALSE,NA,NA
"573",2,1911,"5SA",5,"SW",3,FALSE,"O",NA,FALSE,37.8,NA,TRUE,"MLrP",NA,NA,NA,NA,NA,NA,NA,NA,NA,FALSE,NA,NA
"574",2,1911,"5SB",5,"SW",3,FALSE,"O",NA,FALSE,37.8,NA,TRUE,"MLrP",NA,NA,NA,NA,NA,NA,NA,NA,NA,FALSE,NA,NA
"575",2,1911,"5SC",5,"SE",3,FALSE,"O",NA,FALSE,38.2,NA,TRUE,"MLbP",NA,NA,NA,NA,NA,NA,NA,NA,NA,FALSE,NA,NA
"576",2,1911,"5SD",5,"SE",3,FALSE,"O",NA,FALSE,38.2,NA,TRUE,"MLbP",NA,NA,NA,NA,NA,NA,NA,NA,NA,FALSE,NA,NA
"577",2,1912,"3NA",3,"NW",1,TRUE,"CC",NA,FALSE,43.2,NA,FALSE,"none",NA,NA,NA,NA,NA,NA,NA,NA,NA,FALSE,NA,NA
"578",2,1912,"3NB",3,"NW",1,TRUE,"CC",NA,FALSE,43.2,NA,FALSE,"none",NA,NA,NA,NA,NA,NA,NA,NA,NA,FALSE,NA,NA
"579",2,1912,"3NC",3,"NE",1,TRUE,"CC",NA,FALSE,43.2,NA,FALSE,"none",NA,NA,NA,NA,NA,NA,NA,NA,NA,FALSE,NA,NA
"580",2,1912,"3ND",3,"NE",1,TRUE,"CC",NA,FALSE,43.2,NA,FALSE,"none",NA,NA,NA,NA,NA,NA,NA,NA,NA,FALSE,NA,NA
"581",2,1912,"3SA",3,"SW",1,TRUE,"CC",NA,FALSE,64.4,NA,TRUE,"MLrP",NA,NA,NA,NA,NA,NA,NA,NA,NA,FALSE,NA,NA
"582",2,1912,"3SB",3,"SW",1,TRUE,"CC",NA,FALSE,64.4,NA,TRUE,"MLrP",NA,NA,NA,NA,NA,NA,NA,NA,NA,FALSE,NA,NA
"583",2,1912,"3SC",3,"SE",1,TRUE,"CC",NA,FALSE,64,NA,TRUE,"MLbP",NA,NA,NA,NA,NA,NA,NA,NA,NA,FALSE,NA,NA
"584",2,1912,"3SD",3,"SE",1,TRUE,"CC",NA,FALSE,64,NA,TRUE,"MLbP",NA,NA,NA,NA,NA,NA,NA,NA,NA,FALSE,NA,NA
"585",2,1912,"4NA",4,"NW",2,FALSE,"O",NA,FALSE,55,NA,FALSE,"none",NA,NA,NA,NA,NA,NA,NA,NA,NA,FALSE,NA,NA
"586",2,1912,"4NB",4,"NW",2,FALSE,"O",NA,FALSE,55,NA,FALSE,"none",NA,NA,NA,NA,NA,NA,NA,NA,NA,FALSE,NA,NA
"587",2,1912,"4NC",4,"NE",2,FALSE,"O",NA,FALSE,55,NA,FALSE,"none",NA,NA,NA,NA,NA,NA,NA,NA,NA,FALSE,NA,NA
"588",2,1912,"4ND",4,"NE",2,FALSE,"O",NA,FALSE,55,NA,FALSE,"none",NA,NA,NA,NA,NA,NA,NA,NA,NA,FALSE,NA,NA
"589",2,1912,"4SA",4,"SW",2,FALSE,"O",NA,FALSE,81.2,NA,TRUE,"MLrP",NA,NA,NA,NA,NA,NA,NA,NA,NA,FALSE,NA,NA
"590",2,1912,"4SB",4,"SW",2,FALSE,"O",NA,FALSE,81.2,NA,TRUE,"MLrP",NA,NA,NA,NA,NA,NA,NA,NA,NA,FALSE,NA,NA
"591",2,1912,"4SC",4,"SE",2,FALSE,"O",NA,FALSE,80.9,NA,TRUE,"MLbP",NA,NA,NA,NA,NA,NA,NA,NA,NA,FALSE,NA,NA
"592",2,1912,"4SD",4,"SE",2,FALSE,"O",NA,FALSE,80.9,NA,TRUE,"MLbP",NA,NA,NA,NA,NA,NA,NA,NA,NA,FALSE,NA,NA
"593",2,1912,"5NA",5,"NW",3,FALSE,"H",NA,FALSE,NA,0.86,FALSE,"none",NA,NA,NA,NA,NA,NA,NA,NA,NA,FALSE,NA,"soybean hay"
"594",2,1912,"5NB",5,"NW",3,FALSE,"H",NA,FALSE,NA,0.86,FALSE,"none",NA,NA,NA,NA,NA,NA,NA,NA,NA,FALSE,NA,"soybean hay"
"595",2,1912,"5NC",5,"NE",3,FALSE,"H",NA,FALSE,NA,0.86,FALSE,"none",NA,NA,NA,NA,NA,NA,NA,NA,NA,FALSE,NA,"soybean hay"
"596",2,1912,"5ND",5,"NE",3,FALSE,"H",NA,FALSE,NA,0.86,FALSE,"none",NA,NA,NA,NA,NA,NA,NA,NA,NA,FALSE,NA,"soybean hay"
"597",2,1912,"5SA",5,"SW",3,FALSE,"H",NA,FALSE,NA,1.2,TRUE,"MLrP",NA,NA,NA,NA,NA,NA,NA,NA,NA,FALSE,NA,"soybean hay"
"598",2,1912,"5SB",5,"SW",3,FALSE,"H",NA,FALSE,NA,1.2,TRUE,"MLrP",NA,NA,NA,NA,NA,NA,NA,NA,NA,FALSE,NA,"soybean hay"
"599",2,1912,"5SC",5,"SE",3,FALSE,"H",NA,FALSE,NA,0.97,TRUE,"MLbP",NA,NA,NA,NA,NA,NA,NA,NA,NA,FALSE,NA,"soybean hay"
"600",2,1912,"5SD",5,"SE",3,FALSE,"H",NA,FALSE,NA,0.97,TRUE,"MLbP",NA,NA,NA,NA,NA,NA,NA,NA,NA,FALSE,NA,"soybean hay"
"601",2,1913,"3NA",3,"NW",1,TRUE,"CC",NA,TRUE,19.4,NA,FALSE,"none",NA,NA,NA,NA,NA,NA,NA,NA,NA,TRUE,NA,NA
"602",2,1913,"3NB",3,"NW",1,TRUE,"CC",NA,TRUE,19.4,NA,FALSE,"none",NA,NA,NA,NA,NA,NA,NA,NA,NA,TRUE,NA,NA
"603",2,1913,"3NC",3,"NE",1,TRUE,"CC",NA,TRUE,19.4,NA,FALSE,"none",NA,NA,NA,NA,NA,NA,NA,NA,NA,TRUE,NA,NA
"604",2,1913,"3ND",3,"NE",1,TRUE,"CC",NA,TRUE,19.4,NA,FALSE,"none",NA,NA,NA,NA,NA,NA,NA,NA,NA,TRUE,NA,NA
"605",2,1913,"3SA",3,"SW",1,TRUE,"CC",NA,TRUE,32.4,NA,TRUE,"MLrP",NA,NA,NA,NA,NA,NA,NA,NA,NA,TRUE,NA,NA
"606",2,1913,"3SB",3,"SW",1,TRUE,"CC",NA,TRUE,32.4,NA,TRUE,"MLrP",NA,NA,NA,NA,NA,NA,NA,NA,NA,TRUE,NA,NA
"607",2,1913,"3SC",3,"SE",1,TRUE,"CC",NA,TRUE,31.6,NA,TRUE,"MLbP",NA,NA,NA,NA,NA,NA,NA,NA,NA,TRUE,NA,NA
"608",2,1913,"3SD",3,"SE",1,TRUE,"CC",NA,TRUE,31.6,NA,TRUE,"MLbP",NA,NA,NA,NA,NA,NA,NA,NA,NA,TRUE,NA,NA
"609",2,1913,"4NA",4,"NW",2,TRUE,"C",NA,TRUE,29.2,NA,FALSE,"none",NA,NA,NA,NA,NA,NA,NA,NA,NA,TRUE,NA,NA
"610",2,1913,"4NB",4,"NW",2,TRUE,"C",NA,TRUE,29.2,NA,FALSE,"none",NA,NA,NA,NA,NA,NA,NA,NA,NA,TRUE,NA,NA
"611",2,1913,"4NC",4,"NE",2,TRUE,"C",NA,TRUE,29.2,NA,FALSE,"none",NA,NA,NA,NA,NA,NA,NA,NA,NA,TRUE,NA,NA
"612",2,1913,"4ND",4,"NE",2,TRUE,"C",NA,TRUE,29.2,NA,FALSE,"none",NA,NA,NA,NA,NA,NA,NA,NA,NA,TRUE,NA,NA
"613",2,1913,"4SA",4,"SW",2,TRUE,"C",NA,TRUE,22,NA,TRUE,"MLrP",NA,NA,NA,NA,NA,NA,NA,NA,NA,TRUE,NA,NA
"614",2,1913,"4SB",4,"SW",2,TRUE,"C",NA,TRUE,22,NA,TRUE,"MLrP",NA,NA,NA,NA,NA,NA,NA,NA,NA,TRUE,NA,NA
"615",2,1913,"4SC",4,"SE",2,TRUE,"C",NA,TRUE,28,NA,TRUE,"MLbP",NA,NA,NA,NA,NA,NA,NA,NA,NA,TRUE,NA,NA
"616",2,1913,"4SD",4,"SE",2,TRUE,"C",NA,TRUE,28,NA,TRUE,"MLbP",NA,NA,NA,NA,NA,NA,NA,NA,NA,TRUE,NA,NA
"617",2,1913,"5NA",5,"NW",3,TRUE,"C",NA,TRUE,33.8,NA,FALSE,"none",NA,NA,NA,NA,NA,NA,NA,NA,NA,TRUE,NA,NA
"618",2,1913,"5NB",5,"NW",3,TRUE,"C",NA,TRUE,33.8,NA,FALSE,"none",NA,NA,NA,NA,NA,NA,NA,NA,NA,TRUE,NA,NA
"619",2,1913,"5NC",5,"NE",3,TRUE,"C",NA,TRUE,33.8,NA,FALSE,"none",NA,NA,NA,NA,NA,NA,NA,NA,NA,TRUE,NA,NA
"620",2,1913,"5ND",5,"NE",3,TRUE,"C",NA,TRUE,33.8,NA,FALSE,"none",NA,NA,NA,NA,NA,NA,NA,NA,NA,TRUE,NA,NA
"621",2,1913,"5SA",5,"SW",3,TRUE,"C",NA,TRUE,45.2,NA,TRUE,"MLrP",NA,NA,NA,NA,NA,NA,NA,NA,NA,TRUE,NA,NA
"622",2,1913,"5SB",5,"SW",3,TRUE,"C",NA,TRUE,45.2,NA,TRUE,"MLrP",NA,NA,NA,NA,NA,NA,NA,NA,NA,TRUE,NA,NA
"623",2,1913,"5SC",5,"SE",3,TRUE,"C",NA,TRUE,50.4,NA,TRUE,"MLbP",NA,NA,NA,NA,NA,NA,NA,NA,NA,TRUE,NA,NA
"624",2,1913,"5SD",5,"SE",3,TRUE,"C",NA,TRUE,50.4,NA,TRUE,"MLbP",NA,NA,NA,NA,NA,NA,NA,NA,NA,TRUE,NA,NA
"625",2,1914,"3NA",3,"NW",1,TRUE,"CC",NA,FALSE,31.6,NA,FALSE,"none",NA,NA,NA,NA,NA,NA,NA,NA,NA,FALSE,NA,NA
"626",2,1914,"3NB",3,"NW",1,TRUE,"CC",NA,FALSE,31.6,NA,FALSE,"none",NA,NA,NA,NA,NA,NA,NA,NA,NA,FALSE,NA,NA
"627",2,1914,"3NC",3,"NE",1,TRUE,"CC",NA,FALSE,31.6,NA,FALSE,"none",NA,NA,NA,NA,NA,NA,NA,NA,NA,FALSE,NA,NA
"628",2,1914,"3ND",3,"NE",1,TRUE,"CC",NA,FALSE,31.6,NA,FALSE,"none",NA,NA,NA,NA,NA,NA,NA,NA,NA,FALSE,NA,NA
"629",2,1914,"3SA",3,"SW",1,TRUE,"CC",NA,FALSE,37.2,NA,TRUE,"MLrP",NA,NA,NA,NA,NA,NA,NA,NA,NA,FALSE,NA,NA
"630",2,1914,"3SB",3,"SW",1,TRUE,"CC",NA,FALSE,37.2,NA,TRUE,"MLrP",NA,NA,NA,NA,NA,NA,NA,NA,NA,FALSE,NA,NA
"631",2,1914,"3SC",3,"SE",1,TRUE,"CC",NA,FALSE,41.6,NA,TRUE,"MLbP",NA,NA,NA,NA,NA,NA,NA,NA,NA,FALSE,NA,NA
"632",2,1914,"3SD",3,"SE",1,TRUE,"CC",NA,FALSE,41.6,NA,TRUE,"MLbP",NA,NA,NA,NA,NA,NA,NA,NA,NA,FALSE,NA,NA
"633",2,1914,"4NA",4,"NW",2,FALSE,"O",NA,FALSE,33.6,NA,FALSE,"none",NA,NA,NA,NA,NA,NA,NA,NA,NA,FALSE,NA,NA
"634",2,1914,"4NB",4,"NW",2,FALSE,"O",NA,FALSE,33.6,NA,FALSE,"none",NA,NA,NA,NA,NA,NA,NA,NA,NA,FALSE,NA,NA
"635",2,1914,"4NC",4,"NE",2,FALSE,"O",NA,FALSE,33.6,NA,FALSE,"none",NA,NA,NA,NA,NA,NA,NA,NA,NA,FALSE,NA,NA
"636",2,1914,"4ND",4,"NE",2,FALSE,"O",NA,FALSE,33.6,NA,FALSE,"none",NA,NA,NA,NA,NA,NA,NA,NA,NA,FALSE,NA,NA
"637",2,1914,"4SA",4,"SW",2,FALSE,"O",NA,FALSE,56.9,NA,TRUE,"MLrP",NA,NA,NA,NA,NA,NA,NA,NA,NA,FALSE,NA,NA
"638",2,1914,"4SB",4,"SW",2,FALSE,"O",NA,FALSE,56.9,NA,TRUE,"MLrP",NA,NA,NA,NA,NA,NA,NA,NA,NA,FALSE,NA,NA
"639",2,1914,"4SC",4,"SE",2,FALSE,"O",NA,FALSE,59.6,NA,TRUE,"MLbP",NA,NA,NA,NA,NA,NA,NA,NA,NA,FALSE,NA,NA
"640",2,1914,"4SD",4,"SE",2,FALSE,"O",NA,FALSE,59.6,NA,TRUE,"MLbP",NA,NA,NA,NA,NA,NA,NA,NA,NA,FALSE,NA,NA
"641",2,1914,"5NA",5,"NW",3,FALSE,"O",NA,FALSE,39.6,NA,FALSE,"none",NA,NA,NA,NA,NA,NA,NA,NA,NA,FALSE,NA,NA
"642",2,1914,"5NB",5,"NW",3,FALSE,"O",NA,FALSE,39.6,NA,FALSE,"none",NA,NA,NA,NA,NA,NA,NA,NA,NA,FALSE,NA,NA
"643",2,1914,"5NC",5,"NE",3,FALSE,"O",NA,FALSE,39.6,NA,FALSE,"none",NA,NA,NA,NA,NA,NA,NA,NA,NA,FALSE,NA,NA
"644",2,1914,"5ND",5,"NE",3,FALSE,"O",NA,FALSE,39.6,NA,FALSE,"none",NA,NA,NA,NA,NA,NA,NA,NA,NA,FALSE,NA,NA
"645",2,1914,"5SA",5,"SW",3,FALSE,"O",NA,FALSE,58.9,NA,TRUE,"MLrP",NA,NA,NA,NA,NA,NA,NA,NA,NA,FALSE,NA,NA
"646",2,1914,"5SB",5,"SW",3,FALSE,"O",NA,FALSE,58.9,NA,TRUE,"MLrP",NA,NA,NA,NA,NA,NA,NA,NA,NA,FALSE,NA,NA
"647",2,1914,"5SC",5,"SE",3,FALSE,"O",NA,FALSE,62,NA,TRUE,"MLbP",NA,NA,NA,NA,NA,NA,NA,NA,NA,FALSE,NA,NA
"648",2,1914,"5SD",5,"SE",3,FALSE,"O",NA,FALSE,62,NA,TRUE,"MLbP",NA,NA,NA,NA,NA,NA,NA,NA,NA,FALSE,NA,NA
"649",2,1915,"3NA",3,"NW",1,TRUE,"CC",NA,FALSE,40,NA,FALSE,"none",NA,NA,NA,NA,NA,NA,NA,NA,NA,FALSE,NA,NA
"650",2,1915,"3NB",3,"NW",1,TRUE,"CC",NA,FALSE,40,NA,FALSE,"none",NA,NA,NA,NA,NA,NA,NA,NA,NA,FALSE,NA,NA
"651",2,1915,"3NC",3,"NE",1,TRUE,"CC",NA,FALSE,40,NA,FALSE,"none",NA,NA,NA,NA,NA,NA,NA,NA,NA,FALSE,NA,NA
"652",2,1915,"3ND",3,"NE",1,TRUE,"CC",NA,FALSE,40,NA,FALSE,"none",NA,NA,NA,NA,NA,NA,NA,NA,NA,FALSE,NA,NA
"653",2,1915,"3SA",3,"SW",1,TRUE,"CC",NA,FALSE,62.8,NA,TRUE,"MLrP",NA,NA,NA,NA,NA,NA,NA,NA,NA,FALSE,NA,NA
"654",2,1915,"3SB",3,"SW",1,TRUE,"CC",NA,FALSE,62.8,NA,TRUE,"MLrP",NA,NA,NA,NA,NA,NA,NA,NA,NA,FALSE,NA,NA
"655",2,1915,"3SC",3,"SE",1,TRUE,"CC",NA,FALSE,69.2,NA,TRUE,"MLbP",NA,NA,NA,NA,NA,NA,NA,NA,NA,FALSE,NA,NA
"656",2,1915,"3SD",3,"SE",1,TRUE,"CC",NA,FALSE,69.2,NA,TRUE,"MLbP",NA,NA,NA,NA,NA,NA,NA,NA,NA,FALSE,NA,NA
"657",2,1915,"4NA",4,"NW",2,TRUE,"C",NA,FALSE,49,NA,FALSE,"none",NA,NA,NA,NA,NA,NA,NA,NA,NA,FALSE,NA,NA
"658",2,1915,"4NB",4,"NW",2,TRUE,"C",NA,FALSE,49,NA,FALSE,"none",NA,NA,NA,NA,NA,NA,NA,NA,NA,FALSE,NA,NA
"659",2,1915,"4NC",4,"NE",2,TRUE,"C",NA,FALSE,49,NA,FALSE,"none",NA,NA,NA,NA,NA,NA,NA,NA,NA,FALSE,NA,NA
"660",2,1915,"4ND",4,"NE",2,TRUE,"C",NA,FALSE,49,NA,FALSE,"none",NA,NA,NA,NA,NA,NA,NA,NA,NA,FALSE,NA,NA
"661",2,1915,"4SA",4,"SW",2,TRUE,"C",NA,FALSE,80.8,NA,TRUE,"MLrP",NA,NA,NA,NA,NA,NA,NA,NA,NA,FALSE,NA,NA
"662",2,1915,"4SB",4,"SW",2,TRUE,"C",NA,FALSE,80.8,NA,TRUE,"MLrP",NA,NA,NA,NA,NA,NA,NA,NA,NA,FALSE,NA,NA
"663",2,1915,"4SC",4,"SE",2,TRUE,"C",NA,FALSE,81.6,NA,TRUE,"MLbP",NA,NA,NA,NA,NA,NA,NA,NA,NA,FALSE,NA,NA
"664",2,1915,"4SD",4,"SE",2,TRUE,"C",NA,FALSE,81.6,NA,TRUE,"MLbP",NA,NA,NA,NA,NA,NA,NA,NA,NA,FALSE,NA,NA
"665",2,1915,"5NA",5,"NW",3,FALSE,"H",NA,FALSE,NA,1.12,FALSE,"none",NA,NA,NA,NA,NA,NA,NA,NA,NA,FALSE,NA,"soybean hay"
"666",2,1915,"5NB",5,"NW",3,FALSE,"H",NA,FALSE,NA,1.12,FALSE,"none",NA,NA,NA,NA,NA,NA,NA,NA,NA,FALSE,NA,"soybean hay"
"667",2,1915,"5NC",5,"NE",3,FALSE,"H",NA,FALSE,NA,1.12,FALSE,"none",NA,NA,NA,NA,NA,NA,NA,NA,NA,FALSE,NA,"soybean hay"
"668",2,1915,"5ND",5,"NE",3,FALSE,"H",NA,FALSE,NA,1.12,FALSE,"none",NA,NA,NA,NA,NA,NA,NA,NA,NA,FALSE,NA,"soybean hay"
"669",2,1915,"5SA",5,"SW",3,FALSE,"H",NA,FALSE,NA,1.18,TRUE,"MLrP",NA,NA,NA,NA,NA,NA,NA,NA,NA,FALSE,NA,"soybean hay"
"670",2,1915,"5SB",5,"SW",3,FALSE,"H",NA,FALSE,NA,1.18,TRUE,"MLrP",NA,NA,NA,NA,NA,NA,NA,NA,NA,FALSE,NA,"soybean hay"
"671",2,1915,"5SC",5,"SE",3,FALSE,"H",NA,FALSE,NA,1.12,TRUE,"MLbP",NA,NA,NA,NA,NA,NA,NA,NA,NA,FALSE,NA,"soybean hay"
"672",2,1915,"5SD",5,"SE",3,FALSE,"H",NA,FALSE,NA,1.12,TRUE,"MLbP",NA,NA,NA,NA,NA,NA,NA,NA,NA,FALSE,NA,"soybean hay"
"673",2,1916,"3NA",3,"NW",1,TRUE,"CC",NA,FALSE,11.2,NA,FALSE,"none",NA,NA,NA,NA,NA,NA,NA,NA,NA,FALSE,NA,NA
"674",2,1916,"3NB",3,"NW",1,TRUE,"CC",NA,FALSE,11.2,NA,FALSE,"none",NA,NA,NA,NA,NA,NA,NA,NA,NA,FALSE,NA,NA
"675",2,1916,"3NC",3,"NE",1,TRUE,"CC",NA,FALSE,11.2,NA,FALSE,"none",NA,NA,NA,NA,NA,NA,NA,NA,NA,FALSE,NA,NA
"676",2,1916,"3ND",3,"NE",1,TRUE,"CC",NA,FALSE,11.2,NA,FALSE,"none",NA,NA,NA,NA,NA,NA,NA,NA,NA,FALSE,NA,NA
"677",2,1916,"3SA",3,"SW",1,TRUE,"CC",NA,FALSE,9.6,NA,TRUE,"MLrP",NA,NA,NA,NA,NA,NA,NA,NA,NA,FALSE,NA,NA
"678",2,1916,"3SB",3,"SW",1,TRUE,"CC",NA,FALSE,9.6,NA,TRUE,"MLrP",NA,NA,NA,NA,NA,NA,NA,NA,NA,FALSE,NA,NA
"679",2,1916,"3SC",3,"SE",1,TRUE,"CC",NA,FALSE,12,NA,TRUE,"MLbP",NA,NA,NA,NA,NA,NA,NA,NA,NA,FALSE,NA,NA
"680",2,1916,"3SD",3,"SE",1,TRUE,"CC",NA,FALSE,12,NA,TRUE,"MLbP",NA,NA,NA,NA,NA,NA,NA,NA,NA,FALSE,NA,NA
"681",2,1916,"4NA",4,"NW",2,FALSE,"O",NA,FALSE,37.5,NA,FALSE,"none",NA,NA,NA,NA,NA,NA,NA,NA,NA,FALSE,NA,NA
"682",2,1916,"4NB",4,"NW",2,FALSE,"O",NA,FALSE,37.5,NA,FALSE,"none",NA,NA,NA,NA,NA,NA,NA,NA,NA,FALSE,NA,NA
"683",2,1916,"4NC",4,"NE",2,FALSE,"O",NA,FALSE,37.5,NA,FALSE,"none",NA,NA,NA,NA,NA,NA,NA,NA,NA,FALSE,NA,NA
"684",2,1916,"4ND",4,"NE",2,FALSE,"O",NA,FALSE,37.5,NA,FALSE,"none",NA,NA,NA,NA,NA,NA,NA,NA,NA,FALSE,NA,NA
"685",2,1916,"4SA",4,"SW",2,FALSE,"O",NA,FALSE,62.5,NA,TRUE,"MLrP",NA,NA,NA,NA,NA,NA,NA,NA,NA,FALSE,NA,NA
"686",2,1916,"4SB",4,"SW",2,FALSE,"O",NA,FALSE,62.5,NA,TRUE,"MLrP",NA,NA,NA,NA,NA,NA,NA,NA,NA,FALSE,NA,NA
"687",2,1916,"4SC",4,"SE",2,FALSE,"O",NA,FALSE,66.9,NA,TRUE,"MLbP",NA,NA,NA,NA,NA,NA,NA,NA,NA,FALSE,NA,NA
"688",2,1916,"4SD",4,"SE",2,FALSE,"O",NA,FALSE,66.9,NA,TRUE,"MLbP",NA,NA,NA,NA,NA,NA,NA,NA,NA,FALSE,NA,NA
"689",2,1916,"5NA",5,"NW",3,TRUE,"C",NA,FALSE,27.8,NA,FALSE,"none",NA,NA,NA,NA,NA,NA,NA,NA,NA,FALSE,NA,NA
"690",2,1916,"5NB",5,"NW",3,TRUE,"C",NA,FALSE,27.8,NA,FALSE,"none",NA,NA,NA,NA,NA,NA,NA,NA,NA,FALSE,NA,NA
"691",2,1916,"5NC",5,"NE",3,TRUE,"C",NA,FALSE,27.8,NA,FALSE,"none",NA,NA,NA,NA,NA,NA,NA,NA,NA,FALSE,NA,NA
"692",2,1916,"5ND",5,"NE",3,TRUE,"C",NA,FALSE,27.8,NA,FALSE,"none",NA,NA,NA,NA,NA,NA,NA,NA,NA,FALSE,NA,NA
"693",2,1916,"5SA",5,"SW",3,TRUE,"C",NA,FALSE,37.6,NA,TRUE,"MLrP",NA,NA,NA,NA,NA,NA,NA,NA,NA,FALSE,NA,NA
"694",2,1916,"5SB",5,"SW",3,TRUE,"C",NA,FALSE,37.6,NA,TRUE,"MLrP",NA,NA,NA,NA,NA,NA,NA,NA,NA,FALSE,NA,NA
"695",2,1916,"5SC",5,"SE",3,TRUE,"C",NA,FALSE,43.6,NA,TRUE,"MLbP",NA,NA,NA,NA,NA,NA,NA,NA,NA,FALSE,NA,NA
"696",2,1916,"5SD",5,"SE",3,TRUE,"C",NA,FALSE,43.6,NA,TRUE,"MLbP",NA,NA,NA,NA,NA,NA,NA,NA,NA,FALSE,NA,NA
"697",2,1917,"3NA",3,"NW",1,TRUE,"CC",NA,FALSE,40,NA,FALSE,"none",NA,NA,NA,NA,NA,NA,NA,NA,NA,FALSE,NA,NA
"698",2,1917,"3NB",3,"NW",1,TRUE,"CC",NA,FALSE,40,NA,FALSE,"none",NA,NA,NA,NA,NA,NA,NA,NA,NA,FALSE,NA,NA
"699",2,1917,"3NC",3,"NE",1,TRUE,"CC",NA,FALSE,40,NA,FALSE,"none",NA,NA,NA,NA,NA,NA,NA,NA,NA,FALSE,NA,NA
"700",2,1917,"3ND",3,"NE",1,TRUE,"CC",NA,FALSE,40,NA,FALSE,"none",NA,NA,NA,NA,NA,NA,NA,NA,NA,FALSE,NA,NA
"701",2,1917,"3SA",3,"SW",1,TRUE,"CC",NA,FALSE,60.4,NA,TRUE,"MLrP",NA,NA,NA,NA,NA,NA,NA,NA,NA,FALSE,NA,NA
"702",2,1917,"3SB",3,"SW",1,TRUE,"CC",NA,FALSE,60.4,NA,TRUE,"MLrP",NA,NA,NA,NA,NA,NA,NA,NA,NA,FALSE,NA,NA
"703",2,1917,"3SC",3,"SE",1,TRUE,"CC",NA,FALSE,73.6,NA,TRUE,"MLbP",NA,NA,NA,NA,NA,NA,NA,NA,NA,FALSE,NA,NA
"704",2,1917,"3SD",3,"SE",1,TRUE,"CC",NA,FALSE,73.6,NA,TRUE,"MLbP",NA,NA,NA,NA,NA,NA,NA,NA,NA,FALSE,NA,NA
"705",2,1917,"4NA",4,"NW",2,TRUE,"C",NA,FALSE,48.4,NA,FALSE,"none",NA,NA,NA,NA,NA,NA,NA,NA,NA,FALSE,NA,NA
"706",2,1917,"4NB",4,"NW",2,TRUE,"C",NA,FALSE,48.4,NA,FALSE,"none",NA,NA,NA,NA,NA,NA,NA,NA,NA,FALSE,NA,NA
"707",2,1917,"4NC",4,"NE",2,TRUE,"C",NA,FALSE,48.4,NA,FALSE,"none",NA,NA,NA,NA,NA,NA,NA,NA,NA,FALSE,NA,NA
"708",2,1917,"4ND",4,"NE",2,TRUE,"C",NA,FALSE,48.4,NA,FALSE,"none",NA,NA,NA,NA,NA,NA,NA,NA,NA,FALSE,NA,NA
"709",2,1917,"4SA",4,"SW",2,TRUE,"C",NA,FALSE,77.6,NA,TRUE,"MLrP",NA,NA,NA,NA,NA,NA,NA,NA,NA,FALSE,NA,NA
"710",2,1917,"4SB",4,"SW",2,TRUE,"C",NA,FALSE,77.6,NA,TRUE,"MLrP",NA,NA,NA,NA,NA,NA,NA,NA,NA,FALSE,NA,NA
"711",2,1917,"4SC",4,"SE",2,TRUE,"C",NA,FALSE,85.2,NA,TRUE,"MLbP",NA,NA,NA,NA,NA,NA,NA,NA,NA,FALSE,NA,NA
"712",2,1917,"4SD",4,"SE",2,TRUE,"C",NA,FALSE,85.2,NA,TRUE,"MLbP",NA,NA,NA,NA,NA,NA,NA,NA,NA,FALSE,NA,NA
"713",2,1917,"5NA",5,"NW",3,FALSE,"O",NA,FALSE,68.4,NA,FALSE,"none",NA,NA,NA,NA,NA,NA,NA,NA,NA,FALSE,NA,NA
"714",2,1917,"5NB",5,"NW",3,FALSE,"O",NA,FALSE,68.4,NA,FALSE,"none",NA,NA,NA,NA,NA,NA,NA,NA,NA,FALSE,NA,NA
"715",2,1917,"5NC",5,"NE",3,FALSE,"O",NA,FALSE,68.4,NA,FALSE,"none",NA,NA,NA,NA,NA,NA,NA,NA,NA,FALSE,NA,NA
"716",2,1917,"5ND",5,"NE",3,FALSE,"O",NA,FALSE,68.4,NA,FALSE,"none",NA,NA,NA,NA,NA,NA,NA,NA,NA,FALSE,NA,NA
"717",2,1917,"5SA",5,"SW",3,FALSE,"O",NA,FALSE,82.5,NA,TRUE,"MLrP",NA,NA,NA,NA,NA,NA,NA,NA,NA,FALSE,NA,NA
"718",2,1917,"5SB",5,"SW",3,FALSE,"O",NA,FALSE,82.5,NA,TRUE,"MLrP",NA,NA,NA,NA,NA,NA,NA,NA,NA,FALSE,NA,NA
"719",2,1917,"5SC",5,"SE",3,FALSE,"O",NA,FALSE,91.2,NA,TRUE,"MLbP",NA,NA,NA,NA,NA,NA,NA,NA,NA,FALSE,NA,NA
"720",2,1917,"5SD",5,"SE",3,FALSE,"O",NA,FALSE,91.2,NA,TRUE,"MLbP",NA,NA,NA,NA,NA,NA,NA,NA,NA,FALSE,NA,NA
"721",2,1918,"3NA",3,"NW",1,TRUE,"CC",NA,FALSE,13.6,NA,FALSE,"none",NA,NA,NA,NA,NA,NA,NA,NA,NA,FALSE,NA,NA
"722",2,1918,"3NB",3,"NW",1,TRUE,"CC",NA,FALSE,13.6,NA,FALSE,"none",NA,NA,NA,NA,NA,NA,NA,NA,NA,FALSE,NA,NA
"723",2,1918,"3NC",3,"NE",1,TRUE,"CC",NA,FALSE,13.6,NA,FALSE,"none",NA,NA,NA,NA,NA,NA,NA,NA,NA,FALSE,NA,NA
"724",2,1918,"3ND",3,"NE",1,TRUE,"CC",NA,FALSE,13.6,NA,FALSE,"none",NA,NA,NA,NA,NA,NA,NA,NA,NA,FALSE,NA,NA
"725",2,1918,"3SA",3,"SW",1,TRUE,"CC",NA,FALSE,29.6,NA,TRUE,"MLrP",NA,NA,NA,NA,NA,NA,NA,NA,NA,FALSE,NA,NA
"726",2,1918,"3SB",3,"SW",1,TRUE,"CC",NA,FALSE,29.6,NA,TRUE,"MLrP",NA,NA,NA,NA,NA,NA,NA,NA,NA,FALSE,NA,NA
"727",2,1918,"3SC",3,"SE",1,TRUE,"CC",NA,FALSE,35.6,NA,TRUE,"MLbP",NA,NA,NA,NA,NA,NA,NA,NA,NA,FALSE,NA,NA
"728",2,1918,"3SD",3,"SE",1,TRUE,"CC",NA,FALSE,35.6,NA,TRUE,"MLbP",NA,NA,NA,NA,NA,NA,NA,NA,NA,FALSE,NA,NA
"729",2,1918,"4NA",4,"NW",2,FALSE,"O",NA,FALSE,27.2,NA,FALSE,"none",NA,NA,NA,NA,NA,NA,NA,NA,NA,FALSE,NA,NA
"730",2,1918,"4NB",4,"NW",2,FALSE,"O",NA,FALSE,27.2,NA,FALSE,"none",NA,NA,NA,NA,NA,NA,NA,NA,NA,FALSE,NA,NA
"731",2,1918,"4NC",4,"NE",2,FALSE,"O",NA,FALSE,27.2,NA,FALSE,"none",NA,NA,NA,NA,NA,NA,NA,NA,NA,FALSE,NA,NA
"732",2,1918,"4ND",4,"NE",2,FALSE,"O",NA,FALSE,27.2,NA,FALSE,"none",NA,NA,NA,NA,NA,NA,NA,NA,NA,FALSE,NA,NA
"733",2,1918,"4SA",4,"SW",2,FALSE,"O",NA,FALSE,53.1,NA,TRUE,"MLrP",NA,NA,NA,NA,NA,NA,NA,NA,NA,FALSE,NA,NA
"734",2,1918,"4SB",4,"SW",2,FALSE,"O",NA,FALSE,53.1,NA,TRUE,"MLrP",NA,NA,NA,NA,NA,NA,NA,NA,NA,FALSE,NA,NA
"735",2,1918,"4SC",4,"SE",2,FALSE,"O",NA,FALSE,65.6,NA,TRUE,"MLbP",NA,NA,NA,NA,NA,NA,NA,NA,NA,FALSE,NA,NA
"736",2,1918,"4SD",4,"SE",2,FALSE,"O",NA,FALSE,65.6,NA,TRUE,"MLbP",NA,NA,NA,NA,NA,NA,NA,NA,NA,FALSE,NA,NA
"737",2,1918,"5NA",5,"NW",3,FALSE,"H",NA,FALSE,NA,2.58,FALSE,"none",NA,NA,NA,NA,NA,NA,NA,NA,NA,FALSE,NA,NA
"738",2,1918,"5NB",5,"NW",3,FALSE,"H",NA,FALSE,NA,2.58,FALSE,"none",NA,NA,NA,NA,NA,NA,NA,NA,NA,FALSE,NA,NA
"739",2,1918,"5NC",5,"NE",3,FALSE,"H",NA,FALSE,NA,2.58,FALSE,"none",NA,NA,NA,NA,NA,NA,NA,NA,NA,FALSE,NA,NA
"740",2,1918,"5ND",5,"NE",3,FALSE,"H",NA,FALSE,NA,2.58,FALSE,"none",NA,NA,NA,NA,NA,NA,NA,NA,NA,FALSE,NA,NA
"741",2,1918,"5SA",5,"SW",3,FALSE,"H",NA,FALSE,NA,4.05,TRUE,"MLrP",NA,NA,NA,NA,NA,NA,NA,NA,NA,FALSE,NA,NA
"742",2,1918,"5SB",5,"SW",3,FALSE,"H",NA,FALSE,NA,4.05,TRUE,"MLrP",NA,NA,NA,NA,NA,NA,NA,NA,NA,FALSE,NA,NA
"743",2,1918,"5SC",5,"SE",3,FALSE,"H",NA,FALSE,NA,4.04,TRUE,"MLbP",NA,NA,NA,NA,NA,NA,NA,NA,NA,FALSE,NA,NA
"744",2,1918,"5SD",5,"SE",3,FALSE,"H",NA,FALSE,NA,4.04,TRUE,"MLbP",NA,NA,NA,NA,NA,NA,NA,NA,NA,FALSE,NA,NA
"745",2,1919,"3NA",3,"NW",1,TRUE,"CC",NA,TRUE,24,NA,FALSE,"none",NA,NA,NA,NA,NA,NA,NA,NA,NA,FALSE,NA,NA
"746",2,1919,"3NB",3,"NW",1,TRUE,"CC",NA,TRUE,24,NA,FALSE,"none",NA,NA,NA,NA,NA,NA,NA,NA,NA,FALSE,NA,NA
"747",2,1919,"3NC",3,"NE",1,TRUE,"CC",NA,TRUE,24,NA,FALSE,"none",NA,NA,NA,NA,NA,NA,NA,NA,NA,FALSE,NA,NA
"748",2,1919,"3ND",3,"NE",1,TRUE,"CC",NA,TRUE,24,NA,FALSE,"none",NA,NA,NA,NA,NA,NA,NA,NA,NA,FALSE,NA,NA
"749",2,1919,"3SA",3,"SW",1,TRUE,"CC",NA,TRUE,41.2,NA,TRUE,"MLrP",NA,NA,NA,NA,NA,NA,NA,NA,NA,FALSE,NA,NA
"750",2,1919,"3SB",3,"SW",1,TRUE,"CC",NA,TRUE,41.2,NA,TRUE,"MLrP",NA,NA,NA,NA,NA,NA,NA,NA,NA,FALSE,NA,NA
"751",2,1919,"3SC",3,"SE",1,TRUE,"CC",NA,TRUE,45.6,NA,TRUE,"MLbP",NA,NA,NA,NA,NA,NA,NA,NA,NA,FALSE,NA,NA
"752",2,1919,"3SD",3,"SE",1,TRUE,"CC",NA,TRUE,45.6,NA,TRUE,"MLbP",NA,NA,NA,NA,NA,NA,NA,NA,NA,FALSE,NA,NA
"753",2,1919,"4NA",4,"NW",2,TRUE,"C",NA,TRUE,30.8,NA,FALSE,"none",NA,NA,NA,NA,NA,NA,NA,NA,NA,FALSE,NA,NA
"754",2,1919,"4NB",4,"NW",2,TRUE,"C",NA,TRUE,30.8,NA,FALSE,"none",NA,NA,NA,NA,NA,NA,NA,NA,NA,FALSE,NA,NA
"755",2,1919,"4NC",4,"NE",2,TRUE,"C",NA,TRUE,30.8,NA,FALSE,"none",NA,NA,NA,NA,NA,NA,NA,NA,NA,FALSE,NA,NA
"756",2,1919,"4ND",4,"NE",2,TRUE,"C",NA,TRUE,30.8,NA,FALSE,"none",NA,NA,NA,NA,NA,NA,NA,NA,NA,FALSE,NA,NA
"757",2,1919,"4SA",4,"SW",2,TRUE,"C",NA,TRUE,65.6,NA,TRUE,"MLrP",NA,NA,NA,NA,NA,NA,NA,NA,NA,FALSE,NA,NA
"758",2,1919,"4SB",4,"SW",2,TRUE,"C",NA,TRUE,65.6,NA,TRUE,"MLrP",NA,NA,NA,NA,NA,NA,NA,NA,NA,FALSE,NA,NA
"759",2,1919,"4SC",4,"SE",2,TRUE,"C",NA,TRUE,66.8,NA,TRUE,"MLbP",NA,NA,NA,NA,NA,NA,NA,NA,NA,FALSE,NA,NA
"760",2,1919,"4SD",4,"SE",2,TRUE,"C",NA,TRUE,66.8,NA,TRUE,"MLbP",NA,NA,NA,NA,NA,NA,NA,NA,NA,FALSE,NA,NA
"761",2,1919,"5NA",5,"NW",3,TRUE,"C",NA,TRUE,52.2,NA,FALSE,"none",NA,NA,NA,NA,NA,NA,NA,NA,NA,FALSE,NA,NA
"762",2,1919,"5NB",5,"NW",3,TRUE,"C",NA,TRUE,52.2,NA,FALSE,"none",NA,NA,NA,NA,NA,NA,NA,NA,NA,FALSE,NA,NA
"763",2,1919,"5NC",5,"NE",3,TRUE,"C",NA,TRUE,52.2,NA,FALSE,"none",NA,NA,NA,NA,NA,NA,NA,NA,NA,FALSE,NA,NA
"764",2,1919,"5ND",5,"NE",3,TRUE,"C",NA,TRUE,52.2,NA,FALSE,"none",NA,NA,NA,NA,NA,NA,NA,NA,NA,FALSE,NA,NA
"765",2,1919,"5SA",5,"SW",3,TRUE,"C",NA,TRUE,69.2,NA,TRUE,"MLrP",NA,NA,NA,NA,NA,NA,NA,NA,NA,FALSE,NA,NA
"766",2,1919,"5SB",5,"SW",3,TRUE,"C",NA,TRUE,69.2,NA,TRUE,"MLrP",NA,NA,NA,NA,NA,NA,NA,NA,NA,FALSE,NA,NA
"767",2,1919,"5SC",5,"SE",3,TRUE,"C",NA,TRUE,72.4,NA,TRUE,"MLbP",NA,NA,NA,NA,NA,NA,NA,NA,NA,FALSE,NA,NA
"768",2,1919,"5SD",5,"SE",3,TRUE,"C",NA,TRUE,72.4,NA,TRUE,"MLbP",NA,NA,NA,NA,NA,NA,NA,NA,NA,FALSE,NA,NA
"769",2,1920,"3NA",3,"NW",1,TRUE,"CC",NA,FALSE,28.2,NA,FALSE,"none",NA,NA,NA,NA,NA,NA,NA,NA,NA,FALSE,NA,NA
"770",2,1920,"3NB",3,"NW",1,TRUE,"CC",NA,FALSE,28.2,NA,FALSE,"none",NA,NA,NA,NA,NA,NA,NA,NA,NA,FALSE,NA,NA
"771",2,1920,"3NC",3,"NE",1,TRUE,"CC",NA,FALSE,28.2,NA,FALSE,"none",NA,NA,NA,NA,NA,NA,NA,NA,NA,FALSE,NA,NA
"772",2,1920,"3ND",3,"NE",1,TRUE,"CC",NA,FALSE,28.2,NA,FALSE,"none",NA,NA,NA,NA,NA,NA,NA,NA,NA,FALSE,NA,NA
"773",2,1920,"3SA",3,"SW",1,TRUE,"CC",NA,FALSE,52,NA,TRUE,"MLrP",NA,NA,NA,NA,NA,NA,NA,NA,NA,FALSE,NA,NA
"774",2,1920,"3SB",3,"SW",1,TRUE,"CC",NA,FALSE,52,NA,TRUE,"MLrP",NA,NA,NA,NA,NA,NA,NA,NA,NA,FALSE,NA,NA
"775",2,1920,"3SC",3,"SE",1,TRUE,"CC",NA,FALSE,56.8,NA,TRUE,"MLbP",NA,NA,NA,NA,NA,NA,NA,NA,NA,FALSE,NA,NA
"776",2,1920,"3SD",3,"SE",1,TRUE,"CC",NA,FALSE,56.8,NA,TRUE,"MLbP",NA,NA,NA,NA,NA,NA,NA,NA,NA,FALSE,NA,NA
"777",2,1920,"4NA",4,"NW",2,FALSE,"O",NA,FALSE,37.1,NA,FALSE,"none",NA,NA,NA,NA,NA,NA,NA,NA,NA,FALSE,NA,NA
"778",2,1920,"4NB",4,"NW",2,FALSE,"O",NA,FALSE,37.1,NA,FALSE,"none",NA,NA,NA,NA,NA,NA,NA,NA,NA,FALSE,NA,NA
"779",2,1920,"4NC",4,"NE",2,FALSE,"O",NA,FALSE,37.1,NA,FALSE,"none",NA,NA,NA,NA,NA,NA,NA,NA,NA,FALSE,NA,NA
"780",2,1920,"4ND",4,"NE",2,FALSE,"O",NA,FALSE,37.1,NA,FALSE,"none",NA,NA,NA,NA,NA,NA,NA,NA,NA,FALSE,NA,NA
"781",2,1920,"4SA",4,"SW",2,FALSE,"O",NA,FALSE,48.1,NA,TRUE,"MLrP",NA,NA,NA,NA,NA,NA,NA,NA,NA,FALSE,NA,NA
"782",2,1920,"4SB",4,"SW",2,FALSE,"O",NA,FALSE,48.1,NA,TRUE,"MLrP",NA,NA,NA,NA,NA,NA,NA,NA,NA,FALSE,NA,NA
"783",2,1920,"4SC",4,"SE",2,FALSE,"O",NA,FALSE,55,NA,TRUE,"MLbP",NA,NA,NA,NA,NA,NA,NA,NA,NA,FALSE,NA,NA
"784",2,1920,"4SD",4,"SE",2,FALSE,"O",NA,FALSE,55,NA,TRUE,"MLbP",NA,NA,NA,NA,NA,NA,NA,NA,NA,FALSE,NA,NA
"785",2,1920,"5NA",5,"NW",3,FALSE,"O",NA,FALSE,52.2,NA,FALSE,"none",NA,NA,NA,NA,NA,NA,NA,NA,NA,FALSE,NA,NA
"786",2,1920,"5NB",5,"NW",3,FALSE,"O",NA,FALSE,52.2,NA,FALSE,"none",NA,NA,NA,NA,NA,NA,NA,NA,NA,FALSE,NA,NA
"787",2,1920,"5NC",5,"NE",3,FALSE,"O",NA,FALSE,52.2,NA,FALSE,"none",NA,NA,NA,NA,NA,NA,NA,NA,NA,FALSE,NA,NA
"788",2,1920,"5ND",5,"NE",3,FALSE,"O",NA,FALSE,52.2,NA,FALSE,"none",NA,NA,NA,NA,NA,NA,NA,NA,NA,FALSE,NA,NA
"789",2,1920,"5SA",5,"SW",3,FALSE,"O",NA,FALSE,73.8,NA,TRUE,"MLrP",NA,NA,NA,NA,NA,NA,NA,NA,NA,FALSE,NA,NA
"790",2,1920,"5SB",5,"SW",3,FALSE,"O",NA,FALSE,73.8,NA,TRUE,"MLrP",NA,NA,NA,NA,NA,NA,NA,NA,NA,FALSE,NA,NA
"791",2,1920,"5SC",5,"SE",3,FALSE,"O",NA,FALSE,65.6,NA,TRUE,"MLbP",NA,NA,NA,NA,NA,NA,NA,NA,NA,FALSE,NA,NA
"792",2,1920,"5SD",5,"SE",3,FALSE,"O",NA,FALSE,65.6,NA,TRUE,"MLbP",NA,NA,NA,NA,NA,NA,NA,NA,NA,FALSE,NA,NA
"793",2,1921,"3NA",3,"NW",1,TRUE,"CC",NA,FALSE,19.8,NA,FALSE,"none",NA,NA,NA,NA,NA,NA,NA,NA,NA,FALSE,NA,NA
"794",2,1921,"3NB",3,"NW",1,TRUE,"CC",NA,FALSE,19.8,NA,FALSE,"none",NA,NA,NA,NA,NA,NA,NA,NA,NA,FALSE,NA,NA
"795",2,1921,"3NC",3,"NE",1,TRUE,"CC",NA,FALSE,19.8,NA,FALSE,"none",NA,NA,NA,NA,NA,NA,NA,NA,NA,FALSE,NA,NA
"796",2,1921,"3ND",3,"NE",1,TRUE,"CC",NA,FALSE,19.8,NA,FALSE,"none",NA,NA,NA,NA,NA,NA,NA,NA,NA,FALSE,NA,NA
"797",2,1921,"3SA",3,"SW",1,TRUE,"CC",NA,FALSE,38.4,NA,TRUE,"MLrP",NA,NA,NA,NA,NA,NA,NA,NA,NA,FALSE,NA,NA
"798",2,1921,"3SB",3,"SW",1,TRUE,"CC",NA,FALSE,38.4,NA,TRUE,"MLrP",NA,NA,NA,NA,NA,NA,NA,NA,NA,FALSE,NA,NA
"799",2,1921,"3SC",3,"SE",1,TRUE,"CC",NA,FALSE,46,NA,TRUE,"MLbP",NA,NA,NA,NA,NA,NA,NA,NA,NA,FALSE,NA,NA
"800",2,1921,"3SD",3,"SE",1,TRUE,"CC",NA,FALSE,46,NA,TRUE,"MLbP",NA,NA,NA,NA,NA,NA,NA,NA,NA,FALSE,NA,NA
"801",2,1921,"4NA",4,"NW",2,TRUE,"C",NA,FALSE,30.6,NA,FALSE,"none",NA,NA,NA,NA,NA,NA,NA,NA,NA,FALSE,NA,NA
"802",2,1921,"4NB",4,"NW",2,TRUE,"C",NA,FALSE,30.6,NA,FALSE,"none",NA,NA,NA,NA,NA,NA,NA,NA,NA,FALSE,NA,NA
"803",2,1921,"4NC",4,"NE",2,TRUE,"C",NA,FALSE,30.6,NA,FALSE,"none",NA,NA,NA,NA,NA,NA,NA,NA,NA,FALSE,NA,NA
"804",2,1921,"4ND",4,"NE",2,TRUE,"C",NA,FALSE,30.6,NA,FALSE,"none",NA,NA,NA,NA,NA,NA,NA,NA,NA,FALSE,NA,NA
"805",2,1921,"4SA",4,"SW",2,TRUE,"C",NA,FALSE,68,NA,TRUE,"MLrP",NA,NA,NA,NA,NA,NA,NA,NA,NA,FALSE,NA,NA
"806",2,1921,"4SB",4,"SW",2,TRUE,"C",NA,FALSE,68,NA,TRUE,"MLrP",NA,NA,NA,NA,NA,NA,NA,NA,NA,FALSE,NA,NA
"807",2,1921,"4SC",4,"SE",2,TRUE,"C",NA,FALSE,68.8,NA,TRUE,"MLbP",NA,NA,NA,NA,NA,NA,NA,NA,NA,FALSE,NA,NA
"808",2,1921,"4SD",4,"SE",2,TRUE,"C",NA,FALSE,68.8,NA,TRUE,"MLbP",NA,NA,NA,NA,NA,NA,NA,NA,NA,FALSE,NA,NA
"809",2,1921,"5NA",5,"NW",3,FALSE,"H",NA,FALSE,NA,0.26,FALSE,"none",NA,NA,NA,NA,NA,NA,NA,NA,NA,FALSE,NA,NA
"810",2,1921,"5NB",5,"NW",3,FALSE,"H",NA,FALSE,NA,0.26,FALSE,"none",NA,NA,NA,NA,NA,NA,NA,NA,NA,FALSE,NA,NA
"811",2,1921,"5NC",5,"NE",3,FALSE,"H",NA,FALSE,NA,0.26,FALSE,"none",NA,NA,NA,NA,NA,NA,NA,NA,NA,FALSE,NA,NA
"812",2,1921,"5ND",5,"NE",3,FALSE,"H",NA,FALSE,NA,0.26,FALSE,"none",NA,NA,NA,NA,NA,NA,NA,NA,NA,FALSE,NA,NA
"813",2,1921,"5SA",5,"SW",3,FALSE,"H",NA,FALSE,NA,1.47,TRUE,"MLrP",NA,NA,NA,NA,NA,NA,NA,NA,NA,FALSE,NA,NA
"814",2,1921,"5SB",5,"SW",3,FALSE,"H",NA,FALSE,NA,1.47,TRUE,"MLrP",NA,NA,NA,NA,NA,NA,NA,NA,NA,FALSE,NA,NA
"815",2,1921,"5SC",5,"SE",3,FALSE,"H",NA,FALSE,NA,1.18,TRUE,"MLbP",NA,NA,NA,NA,NA,NA,NA,NA,NA,FALSE,NA,NA
"816",2,1921,"5SD",5,"SE",3,FALSE,"H",NA,FALSE,NA,1.18,TRUE,"MLbP",NA,NA,NA,NA,NA,NA,NA,NA,NA,FALSE,NA,NA
"817",2,1922,"3NA",3,"NW",1,TRUE,"CC",NA,FALSE,24.6,NA,FALSE,"none",NA,NA,NA,NA,NA,NA,NA,NA,NA,FALSE,NA,NA
"818",2,1922,"3NB",3,"NW",1,TRUE,"CC",NA,FALSE,24.6,NA,FALSE,"none",NA,NA,NA,NA,NA,NA,NA,NA,NA,FALSE,NA,NA
"819",2,1922,"3NC",3,"NE",1,TRUE,"CC",NA,FALSE,24.6,NA,FALSE,"none",NA,NA,NA,NA,NA,NA,NA,NA,NA,FALSE,NA,NA
"820",2,1922,"3ND",3,"NE",1,TRUE,"CC",NA,FALSE,24.6,NA,FALSE,"none",NA,NA,NA,NA,NA,NA,NA,NA,NA,FALSE,NA,NA
"821",2,1922,"3SA",3,"SW",1,TRUE,"CC",NA,FALSE,38.5,NA,TRUE,"MLrP",NA,NA,NA,NA,NA,NA,NA,NA,NA,FALSE,NA,NA
"822",2,1922,"3SB",3,"SW",1,TRUE,"CC",NA,FALSE,38.5,NA,TRUE,"MLrP",NA,NA,NA,NA,NA,NA,NA,NA,NA,FALSE,NA,NA
"823",2,1922,"3SC",3,"SE",1,TRUE,"CC",NA,FALSE,39.2,NA,TRUE,"MLbP",NA,NA,NA,NA,NA,NA,NA,NA,NA,FALSE,NA,NA
"824",2,1922,"3SD",3,"SE",1,TRUE,"CC",NA,FALSE,39.2,NA,TRUE,"MLbP",NA,NA,NA,NA,NA,NA,NA,NA,NA,FALSE,NA,NA
"825",2,1922,"4NA",4,"NW",2,FALSE,"O",NA,FALSE,39.4,NA,FALSE,"none",NA,NA,NA,NA,NA,NA,NA,NA,NA,TRUE,NA,NA
"826",2,1922,"4NB",4,"NW",2,FALSE,"O",NA,FALSE,39.4,NA,FALSE,"none",NA,NA,NA,NA,NA,NA,NA,NA,NA,TRUE,NA,NA
"827",2,1922,"4NC",4,"NE",2,FALSE,"O",NA,FALSE,39.4,NA,FALSE,"none",NA,NA,NA,NA,NA,NA,NA,NA,NA,FALSE,NA,NA
"828",2,1922,"4ND",4,"NE",2,FALSE,"O",NA,FALSE,39.4,NA,FALSE,"none",NA,NA,NA,NA,NA,NA,NA,NA,NA,FALSE,NA,NA
"829",2,1922,"4SA",4,"SW",2,FALSE,"O",NA,FALSE,56.3,NA,TRUE,"MLrP",NA,NA,NA,NA,NA,NA,NA,NA,NA,FALSE,NA,NA
"830",2,1922,"4SB",4,"SW",2,FALSE,"O",NA,FALSE,56.3,NA,TRUE,"MLrP",NA,NA,NA,NA,NA,NA,NA,NA,NA,FALSE,NA,NA
"831",2,1922,"4SC",4,"SE",2,FALSE,"O",NA,FALSE,55,NA,TRUE,"MLbP",NA,NA,NA,NA,NA,NA,NA,NA,NA,FALSE,NA,NA
"832",2,1922,"4SD",4,"SE",2,FALSE,"O",NA,FALSE,55,NA,TRUE,"MLbP",NA,NA,NA,NA,NA,NA,NA,NA,NA,FALSE,NA,NA
"833",2,1922,"5NA",5,"NW",3,TRUE,"C",NA,FALSE,49.1,NA,FALSE,"none",NA,NA,NA,NA,NA,NA,NA,NA,NA,FALSE,NA,NA
"834",2,1922,"5NB",5,"NW",3,TRUE,"C",NA,FALSE,49.1,NA,FALSE,"none",NA,NA,NA,NA,NA,NA,NA,NA,NA,FALSE,NA,NA
"835",2,1922,"5NC",5,"NE",3,TRUE,"C",NA,FALSE,49.1,NA,FALSE,"none",NA,NA,NA,NA,NA,NA,NA,NA,NA,FALSE,NA,NA
"836",2,1922,"5ND",5,"NE",3,TRUE,"C",NA,FALSE,49.1,NA,FALSE,"none",NA,NA,NA,NA,NA,NA,NA,NA,NA,FALSE,NA,NA
"837",2,1922,"5SA",5,"SW",3,TRUE,"C",NA,FALSE,67.3,NA,TRUE,"MLrP",NA,NA,NA,NA,NA,NA,NA,NA,NA,FALSE,NA,NA
"838",2,1922,"5SB",5,"SW",3,TRUE,"C",NA,FALSE,67.3,NA,TRUE,"MLrP",NA,NA,NA,NA,NA,NA,NA,NA,NA,FALSE,NA,NA
"839",2,1922,"5SC",5,"SE",3,TRUE,"C",NA,FALSE,73.2,NA,TRUE,"MLbP",NA,NA,NA,NA,NA,NA,NA,NA,NA,FALSE,NA,NA
"840",2,1922,"5SD",5,"SE",3,TRUE,"C",NA,FALSE,73.2,NA,TRUE,"MLbP",NA,NA,NA,NA,NA,NA,NA,NA,NA,FALSE,NA,NA
"841",2,1923,"3NA",3,"NW",1,TRUE,"CC",NA,FALSE,15,NA,FALSE,"none",NA,NA,NA,NA,NA,NA,NA,NA,NA,TRUE,NA,NA
"842",2,1923,"3NB",3,"NW",1,TRUE,"CC",NA,FALSE,15,NA,FALSE,"none",NA,NA,NA,NA,NA,NA,NA,NA,NA,TRUE,NA,NA
"843",2,1923,"3NC",3,"NE",1,TRUE,"CC",NA,FALSE,15,NA,FALSE,"none",NA,NA,NA,NA,NA,NA,NA,NA,NA,TRUE,NA,NA
"844",2,1923,"3ND",3,"NE",1,TRUE,"CC",NA,FALSE,15,NA,FALSE,"none",NA,NA,NA,NA,NA,NA,NA,NA,NA,TRUE,NA,NA
"845",2,1923,"3SA",3,"SW",1,TRUE,"CC",NA,FALSE,32,NA,TRUE,"MLrP",NA,NA,NA,NA,NA,NA,NA,NA,NA,TRUE,NA,NA
"846",2,1923,"3SB",3,"SW",1,TRUE,"CC",NA,FALSE,32,NA,TRUE,"MLrP",NA,NA,NA,NA,NA,NA,NA,NA,NA,TRUE,NA,NA
"847",2,1923,"3SC",3,"SE",1,TRUE,"CC",NA,FALSE,30.8,NA,TRUE,"MLbP",NA,NA,NA,NA,NA,NA,NA,NA,NA,TRUE,NA,NA
"848",2,1923,"3SD",3,"SE",1,TRUE,"CC",NA,FALSE,30.8,NA,TRUE,"MLbP",NA,NA,NA,NA,NA,NA,NA,NA,NA,TRUE,NA,NA
"849",2,1923,"4NA",4,"NW",2,TRUE,"C",NA,FALSE,17.2,NA,FALSE,"none",NA,NA,NA,NA,NA,NA,NA,NA,NA,TRUE,NA,NA
"850",2,1923,"4NB",4,"NW",2,TRUE,"C",NA,FALSE,17.2,NA,FALSE,"none",NA,NA,NA,NA,NA,NA,NA,NA,NA,TRUE,NA,NA
"851",2,1923,"4NC",4,"NE",2,TRUE,"C",NA,FALSE,17.2,NA,FALSE,"none",NA,NA,NA,NA,NA,NA,NA,NA,NA,TRUE,NA,NA
"852",2,1923,"4ND",4,"NE",2,TRUE,"C",NA,FALSE,17.2,NA,FALSE,"none",NA,NA,NA,NA,NA,NA,NA,NA,NA,TRUE,NA,NA
"853",2,1923,"4SA",4,"SW",2,TRUE,"C",NA,FALSE,50.4,NA,TRUE,"MLrP",NA,NA,NA,NA,NA,NA,NA,NA,NA,TRUE,NA,NA
"854",2,1923,"4SB",4,"SW",2,TRUE,"C",NA,FALSE,50.4,NA,TRUE,"MLrP",NA,NA,NA,NA,NA,NA,NA,NA,NA,TRUE,NA,NA
"855",2,1923,"4SC",4,"SE",2,TRUE,"C",NA,FALSE,42.4,NA,TRUE,"MLbP",NA,NA,NA,NA,NA,NA,NA,NA,NA,TRUE,NA,NA
"856",2,1923,"4SD",4,"SE",2,TRUE,"C",NA,FALSE,42.4,NA,TRUE,"MLbP",NA,NA,NA,NA,NA,NA,NA,NA,NA,TRUE,NA,NA
"857",2,1923,"5NA",5,"NW",3,FALSE,"O",NA,FALSE,53.4,NA,FALSE,"none",NA,NA,NA,NA,NA,NA,NA,NA,NA,TRUE,NA,NA
"858",2,1923,"5NB",5,"NW",3,FALSE,"O",NA,FALSE,53.4,NA,FALSE,"none",NA,NA,NA,NA,NA,NA,NA,NA,NA,TRUE,NA,NA
"859",2,1923,"5NC",5,"NE",3,FALSE,"O",NA,FALSE,53.4,NA,FALSE,"none",NA,NA,NA,NA,NA,NA,NA,NA,NA,TRUE,NA,NA
"860",2,1923,"5ND",5,"NE",3,FALSE,"O",NA,FALSE,53.4,NA,FALSE,"none",NA,NA,NA,NA,NA,NA,NA,NA,NA,TRUE,NA,NA
"861",2,1923,"5SA",5,"SW",3,FALSE,"O",NA,FALSE,67.5,NA,TRUE,"MLrP",NA,NA,NA,NA,NA,NA,NA,NA,NA,TRUE,NA,NA
"862",2,1923,"5SB",5,"SW",3,FALSE,"O",NA,FALSE,67.5,NA,TRUE,"MLrP",NA,NA,NA,NA,NA,NA,NA,NA,NA,TRUE,NA,NA
"863",2,1923,"5SC",5,"SE",3,FALSE,"O",NA,FALSE,65.6,NA,TRUE,"MLbP",NA,NA,NA,NA,NA,NA,NA,NA,NA,TRUE,NA,NA
"864",2,1923,"5SD",5,"SE",3,FALSE,"O",NA,FALSE,65.6,NA,TRUE,"MLbP",NA,NA,NA,NA,NA,NA,NA,NA,NA,TRUE,NA,NA
"865",2,1924,"3NA",3,"NW",1,TRUE,"CC",NA,FALSE,28,NA,FALSE,"none",NA,NA,NA,NA,NA,NA,NA,NA,NA,FALSE,NA,NA
"866",2,1924,"3NB",3,"NW",1,TRUE,"CC",NA,FALSE,28,NA,FALSE,"none",NA,NA,NA,NA,NA,NA,NA,NA,NA,FALSE,NA,NA
"867",2,1924,"3NC",3,"NE",1,TRUE,"CC",NA,FALSE,28,NA,FALSE,"none",NA,NA,NA,NA,NA,NA,NA,NA,NA,FALSE,NA,NA
"868",2,1924,"3ND",3,"NE",1,TRUE,"CC",NA,FALSE,28,NA,FALSE,"none",NA,NA,NA,NA,NA,NA,NA,NA,NA,FALSE,NA,NA
"869",2,1924,"3SA",3,"SW",1,TRUE,"CC",NA,FALSE,40.4,NA,TRUE,"MLrP",NA,NA,NA,NA,NA,NA,NA,NA,NA,FALSE,NA,NA
"870",2,1924,"3SB",3,"SW",1,TRUE,"CC",NA,FALSE,40.4,NA,TRUE,"MLrP",NA,NA,NA,NA,NA,NA,NA,NA,NA,FALSE,NA,NA
"871",2,1924,"3SC",3,"SE",1,TRUE,"CC",NA,FALSE,35.6,NA,TRUE,"MLbP",NA,NA,NA,NA,NA,NA,NA,NA,NA,FALSE,NA,NA
"872",2,1924,"3SD",3,"SE",1,TRUE,"CC",NA,FALSE,35.6,NA,TRUE,"MLbP",NA,NA,NA,NA,NA,NA,NA,NA,NA,FALSE,NA,NA
"873",2,1924,"4NA",4,"NW",2,FALSE,"O",NA,FALSE,36,NA,FALSE,"none",NA,NA,NA,NA,NA,NA,NA,NA,NA,FALSE,NA,NA
"874",2,1924,"4NB",4,"NW",2,FALSE,"O",NA,FALSE,36,NA,FALSE,"none",NA,NA,NA,NA,NA,NA,NA,NA,NA,FALSE,NA,NA
"875",2,1924,"4NC",4,"NE",2,FALSE,"O",NA,FALSE,36,NA,FALSE,"none",NA,NA,NA,NA,NA,NA,NA,NA,NA,FALSE,NA,NA
"876",2,1924,"4ND",4,"NE",2,FALSE,"O",NA,FALSE,36,NA,FALSE,"none",NA,NA,NA,NA,NA,NA,NA,NA,NA,FALSE,NA,NA
"877",2,1924,"4SA",4,"SW",2,FALSE,"O",NA,FALSE,68.1,NA,TRUE,"MLrP",NA,NA,NA,NA,NA,NA,NA,NA,NA,FALSE,NA,NA
"878",2,1924,"4SB",4,"SW",2,FALSE,"O",NA,FALSE,68.1,NA,TRUE,"MLrP",NA,NA,NA,NA,NA,NA,NA,NA,NA,FALSE,NA,NA
"879",2,1924,"4SC",4,"SE",2,FALSE,"O",NA,FALSE,68.8,NA,TRUE,"MLbP",NA,NA,NA,NA,NA,NA,NA,NA,NA,FALSE,NA,NA
"880",2,1924,"4SD",4,"SE",2,FALSE,"O",NA,FALSE,68.8,NA,TRUE,"MLbP",NA,NA,NA,NA,NA,NA,NA,NA,NA,FALSE,NA,NA
"881",2,1924,"5NA",5,"NW",3,FALSE,"H",NA,FALSE,NA,1.82,FALSE,"none",NA,NA,NA,NA,NA,NA,NA,NA,NA,FALSE,NA,NA
"882",2,1924,"5NB",5,"NW",3,FALSE,"H",NA,FALSE,NA,1.82,FALSE,"none",NA,NA,NA,NA,NA,NA,NA,NA,NA,FALSE,NA,NA
"883",2,1924,"5NC",5,"NE",3,FALSE,"H",NA,FALSE,NA,1.82,FALSE,"none",NA,NA,NA,NA,NA,NA,NA,NA,NA,FALSE,NA,NA
"884",2,1924,"5ND",5,"NE",3,FALSE,"H",NA,FALSE,NA,1.82,FALSE,"none",NA,NA,NA,NA,NA,NA,NA,NA,NA,FALSE,NA,NA
"885",2,1924,"5SA",5,"SW",3,FALSE,"H",NA,FALSE,NA,4.29,TRUE,"MLrP",NA,NA,NA,NA,NA,NA,NA,NA,NA,FALSE,NA,NA
"886",2,1924,"5SB",5,"SW",3,FALSE,"H",NA,FALSE,NA,4.29,TRUE,"MLrP",NA,NA,NA,NA,NA,NA,NA,NA,NA,FALSE,NA,NA
"887",2,1924,"5SC",5,"SE",3,FALSE,"H",NA,FALSE,NA,4.54,TRUE,"MLbP",NA,NA,NA,NA,NA,NA,NA,NA,NA,FALSE,NA,NA
"888",2,1924,"5SD",5,"SE",3,FALSE,"H",NA,FALSE,NA,4.54,TRUE,"MLbP",NA,NA,NA,NA,NA,NA,NA,NA,NA,FALSE,NA,NA
"889",2,1925,"3NA",3,"NW",1,TRUE,"CC",NA,TRUE,19.1,NA,FALSE,"none",NA,NA,NA,NA,NA,NA,NA,NA,NA,FALSE,NA,NA
"890",2,1925,"3NB",3,"NW",1,TRUE,"CC",NA,TRUE,19.1,NA,FALSE,"none",NA,NA,NA,NA,NA,NA,NA,NA,NA,FALSE,NA,NA
"891",2,1925,"3NC",3,"NE",1,TRUE,"CC",NA,TRUE,19.1,NA,FALSE,"none",NA,NA,NA,NA,NA,NA,NA,NA,NA,FALSE,NA,NA
"892",2,1925,"3ND",3,"NE",1,TRUE,"CC",NA,TRUE,19.1,NA,FALSE,"none",NA,NA,NA,NA,NA,NA,NA,NA,NA,FALSE,NA,NA
"893",2,1925,"3SA",3,"SW",1,TRUE,"CC",NA,TRUE,41.7,NA,TRUE,"MLrP",NA,NA,NA,NA,NA,NA,NA,NA,NA,FALSE,NA,NA
"894",2,1925,"3SB",3,"SW",1,TRUE,"CC",NA,TRUE,41.7,NA,TRUE,"MLrP",NA,NA,NA,NA,NA,NA,NA,NA,NA,FALSE,NA,NA
"895",2,1925,"3SC",3,"SE",1,TRUE,"CC",NA,TRUE,49.1,NA,TRUE,"MLbP",NA,NA,NA,NA,NA,NA,NA,NA,NA,FALSE,NA,NA
"896",2,1925,"3SD",3,"SE",1,TRUE,"CC",NA,TRUE,49.1,NA,TRUE,"MLbP",NA,NA,NA,NA,NA,NA,NA,NA,NA,FALSE,NA,NA
"897",2,1925,"4NA",4,"NW",2,TRUE,"C",NA,TRUE,26.7,NA,FALSE,"none",NA,NA,NA,NA,NA,NA,NA,NA,NA,FALSE,NA,NA
"898",2,1925,"4NB",4,"NW",2,TRUE,"C",NA,TRUE,26.7,NA,FALSE,"none",NA,NA,NA,NA,NA,NA,NA,NA,NA,FALSE,NA,NA
"899",2,1925,"4NC",4,"NE",2,TRUE,"C",NA,TRUE,26.7,NA,FALSE,"none",NA,NA,NA,NA,NA,NA,NA,NA,NA,FALSE,NA,NA
"900",2,1925,"4ND",4,"NE",2,TRUE,"C",NA,TRUE,26.7,NA,FALSE,"none",NA,NA,NA,NA,NA,NA,NA,NA,NA,FALSE,NA,NA
"901",2,1925,"4SA",4,"SW",2,TRUE,"C",NA,TRUE,39.4,NA,TRUE,"MLrP",NA,NA,NA,NA,NA,NA,NA,NA,NA,FALSE,NA,NA
"902",2,1925,"4SB",4,"SW",2,TRUE,"C",NA,TRUE,39.4,NA,TRUE,"MLrP",NA,NA,NA,NA,NA,NA,NA,NA,NA,FALSE,NA,NA
"903",2,1925,"4SC",4,"SE",2,TRUE,"C",NA,TRUE,39.6,NA,TRUE,"MLbP",NA,NA,NA,NA,NA,NA,NA,NA,NA,FALSE,NA,NA
"904",2,1925,"4SD",4,"SE",2,TRUE,"C",NA,TRUE,39.6,NA,TRUE,"MLbP",NA,NA,NA,NA,NA,NA,NA,NA,NA,FALSE,NA,NA
"905",2,1925,"5NA",5,"NW",3,TRUE,"C",NA,TRUE,42,NA,FALSE,"none",NA,NA,NA,NA,NA,NA,NA,NA,NA,FALSE,NA,NA
"906",2,1925,"5NB",5,"NW",3,TRUE,"C",NA,TRUE,42,NA,FALSE,"none",NA,NA,NA,NA,NA,NA,NA,NA,NA,FALSE,NA,NA
"907",2,1925,"5NC",5,"NE",3,TRUE,"C",NA,TRUE,42,NA,FALSE,"none",NA,NA,NA,NA,NA,NA,NA,NA,NA,FALSE,NA,NA
"908",2,1925,"5ND",5,"NE",3,TRUE,"C",NA,TRUE,42,NA,FALSE,"none",NA,NA,NA,NA,NA,NA,NA,NA,NA,FALSE,NA,NA
"909",2,1925,"5SA",5,"SW",3,TRUE,"C",NA,TRUE,57.4,NA,TRUE,"MLrP",NA,NA,NA,NA,NA,NA,NA,NA,NA,FALSE,NA,NA
"910",2,1925,"5SB",5,"SW",3,TRUE,"C",NA,TRUE,57.4,NA,TRUE,"MLrP",NA,NA,NA,NA,NA,NA,NA,NA,NA,FALSE,NA,NA
"911",2,1925,"5SC",5,"SE",3,TRUE,"C",NA,TRUE,59.9,NA,TRUE,"MLbP",NA,NA,NA,NA,NA,NA,NA,NA,NA,FALSE,NA,NA
"912",2,1925,"5SD",5,"SE",3,TRUE,"C",NA,TRUE,59.9,NA,TRUE,"MLbP",NA,NA,NA,NA,NA,NA,NA,NA,NA,FALSE,NA,NA
"913",2,1926,"3NA",3,"NW",1,TRUE,"CC",NA,FALSE,21.4,NA,FALSE,"none",NA,NA,NA,NA,NA,NA,NA,NA,NA,FALSE,NA,NA
"914",2,1926,"3NB",3,"NW",1,TRUE,"CC",NA,FALSE,21.4,NA,FALSE,"none",NA,NA,NA,NA,NA,NA,NA,NA,NA,FALSE,NA,NA
"915",2,1926,"3NC",3,"NE",1,TRUE,"CC",NA,FALSE,21.4,NA,FALSE,"none",NA,NA,NA,NA,NA,NA,NA,NA,NA,FALSE,NA,NA
"916",2,1926,"3ND",3,"NE",1,TRUE,"CC",NA,FALSE,21.4,NA,FALSE,"none",NA,NA,NA,NA,NA,NA,NA,NA,NA,FALSE,NA,NA
"917",2,1926,"3SA",3,"SW",1,TRUE,"CC",NA,FALSE,33.2,NA,TRUE,"MLrP",NA,NA,NA,NA,NA,NA,NA,NA,NA,FALSE,NA,NA
"918",2,1926,"3SB",3,"SW",1,TRUE,"CC",NA,FALSE,33.2,NA,TRUE,"MLrP",NA,NA,NA,NA,NA,NA,NA,NA,NA,FALSE,NA,NA
"919",2,1926,"3SC",3,"SE",1,TRUE,"CC",NA,FALSE,37.6,NA,TRUE,"MLbP",NA,NA,NA,NA,NA,NA,NA,NA,NA,FALSE,NA,NA
"920",2,1926,"3SD",3,"SE",1,TRUE,"CC",NA,FALSE,37.6,NA,TRUE,"MLbP",NA,NA,NA,NA,NA,NA,NA,NA,NA,FALSE,NA,NA
"921",2,1926,"4NA",4,"NW",2,FALSE,"O",NA,FALSE,22.9,NA,FALSE,"none",NA,NA,NA,NA,NA,NA,NA,NA,NA,FALSE,NA,NA
"922",2,1926,"4NB",4,"NW",2,FALSE,"O",NA,FALSE,22.9,NA,FALSE,"none",NA,NA,NA,NA,NA,NA,NA,NA,NA,FALSE,NA,NA
"923",2,1926,"4NC",4,"NE",2,FALSE,"O",NA,FALSE,22.9,NA,FALSE,"none",NA,NA,NA,NA,NA,NA,NA,NA,NA,FALSE,NA,NA
"924",2,1926,"4ND",4,"NE",2,FALSE,"O",NA,FALSE,22.9,NA,FALSE,"none",NA,NA,NA,NA,NA,NA,NA,NA,NA,FALSE,NA,NA
"925",2,1926,"4SA",4,"SW",2,FALSE,"O",NA,FALSE,76.3,NA,TRUE,"MLrP",NA,NA,NA,NA,NA,NA,NA,NA,NA,FALSE,NA,NA
"926",2,1926,"4SB",4,"SW",2,FALSE,"O",NA,FALSE,76.3,NA,TRUE,"MLrP",NA,NA,NA,NA,NA,NA,NA,NA,NA,FALSE,NA,NA
"927",2,1926,"4SC",4,"SE",2,FALSE,"O",NA,FALSE,76.3,NA,TRUE,"MLbP",NA,NA,NA,NA,NA,NA,NA,NA,NA,FALSE,NA,NA
"928",2,1926,"4SD",4,"SE",2,FALSE,"O",NA,FALSE,76.3,NA,TRUE,"MLbP",NA,NA,NA,NA,NA,NA,NA,NA,NA,FALSE,NA,NA
"929",2,1926,"5NA",5,"NW",3,FALSE,"O",NA,FALSE,44.3,NA,FALSE,"none",NA,NA,NA,NA,NA,NA,NA,NA,NA,FALSE,NA,NA
"930",2,1926,"5NB",5,"NW",3,FALSE,"O",NA,FALSE,44.3,NA,FALSE,"none",NA,NA,NA,NA,NA,NA,NA,NA,NA,FALSE,NA,NA
"931",2,1926,"5NC",5,"NE",3,FALSE,"O",NA,FALSE,44.3,NA,FALSE,"none",NA,NA,NA,NA,NA,NA,NA,NA,NA,FALSE,NA,NA
"932",2,1926,"5ND",5,"NE",3,FALSE,"O",NA,FALSE,44.3,NA,FALSE,"none",NA,NA,NA,NA,NA,NA,NA,NA,NA,FALSE,NA,NA
"933",2,1926,"5SA",5,"SW",3,FALSE,"O",NA,FALSE,83.1,NA,TRUE,"MLrP",NA,NA,NA,NA,NA,NA,NA,NA,NA,FALSE,NA,NA
"934",2,1926,"5SB",5,"SW",3,FALSE,"O",NA,FALSE,83.1,NA,TRUE,"MLrP",NA,NA,NA,NA,NA,NA,NA,NA,NA,FALSE,NA,NA
"935",2,1926,"5SC",5,"SE",3,FALSE,"O",NA,FALSE,86.9,NA,TRUE,"MLbP",NA,NA,NA,NA,NA,NA,NA,NA,NA,FALSE,NA,NA
"936",2,1926,"5SD",5,"SE",3,FALSE,"O",NA,FALSE,86.9,NA,TRUE,"MLbP",NA,NA,NA,NA,NA,NA,NA,NA,NA,FALSE,NA,NA
"937",2,1927,"3NA",3,"NW",1,TRUE,"CC",NA,FALSE,25.8,NA,FALSE,"none",NA,NA,NA,NA,NA,NA,NA,NA,NA,FALSE,NA,NA
"938",2,1927,"3NB",3,"NW",1,TRUE,"CC",NA,FALSE,25.8,NA,FALSE,"none",NA,NA,NA,NA,NA,NA,NA,NA,NA,FALSE,NA,NA
"939",2,1927,"3NC",3,"NE",1,TRUE,"CC",NA,FALSE,25.8,NA,FALSE,"none",NA,NA,NA,NA,NA,NA,NA,NA,NA,FALSE,NA,NA
"940",2,1927,"3ND",3,"NE",1,TRUE,"CC",NA,FALSE,25.8,NA,FALSE,"none",NA,NA,NA,NA,NA,NA,NA,NA,NA,FALSE,NA,NA
"941",2,1927,"3SA",3,"SW",1,TRUE,"CC",NA,FALSE,41.6,NA,TRUE,"MLrP",NA,NA,NA,NA,NA,NA,NA,NA,NA,FALSE,NA,NA
"942",2,1927,"3SB",3,"SW",1,TRUE,"CC",NA,FALSE,41.6,NA,TRUE,"MLrP",NA,NA,NA,NA,NA,NA,NA,NA,NA,FALSE,NA,NA
"943",2,1927,"3SC",3,"SE",1,TRUE,"CC",NA,FALSE,40.4,NA,TRUE,"MLbP",NA,NA,NA,NA,NA,NA,NA,NA,NA,FALSE,NA,NA
"944",2,1927,"3SD",3,"SE",1,TRUE,"CC",NA,FALSE,40.4,NA,TRUE,"MLbP",NA,NA,NA,NA,NA,NA,NA,NA,NA,FALSE,NA,NA
"945",2,1927,"4NA",4,"NW",2,TRUE,"C",NA,FALSE,29.4,NA,FALSE,"none",NA,NA,NA,NA,NA,NA,NA,NA,NA,FALSE,NA,NA
"946",2,1927,"4NB",4,"NW",2,TRUE,"C",NA,FALSE,29.4,NA,FALSE,"none",NA,NA,NA,NA,NA,NA,NA,NA,NA,FALSE,NA,NA
"947",2,1927,"4NC",4,"NE",2,TRUE,"C",NA,FALSE,29.4,NA,FALSE,"none",NA,NA,NA,NA,NA,NA,NA,NA,NA,FALSE,NA,NA
"948",2,1927,"4ND",4,"NE",2,TRUE,"C",NA,FALSE,29.4,NA,FALSE,"none",NA,NA,NA,NA,NA,NA,NA,NA,NA,FALSE,NA,NA
"949",2,1927,"4SA",4,"SW",2,TRUE,"C",NA,FALSE,74.4,NA,TRUE,"MLrP",NA,NA,NA,NA,NA,NA,NA,NA,NA,FALSE,NA,NA
"950",2,1927,"4SB",4,"SW",2,TRUE,"C",NA,FALSE,74.4,NA,TRUE,"MLrP",NA,NA,NA,NA,NA,NA,NA,NA,NA,FALSE,NA,NA
"951",2,1927,"4SC",4,"SE",2,TRUE,"C",NA,FALSE,77.2,NA,TRUE,"MLbP",NA,NA,NA,NA,NA,NA,NA,NA,NA,FALSE,NA,NA
"952",2,1927,"4SD",4,"SE",2,TRUE,"C",NA,FALSE,77.2,NA,TRUE,"MLbP",NA,NA,NA,NA,NA,NA,NA,NA,NA,FALSE,NA,NA
"953",2,1927,"5NA",5,"NW",3,FALSE,"H",NA,FALSE,NA,0.81,FALSE,"none",NA,NA,NA,NA,NA,NA,NA,NA,NA,FALSE,NA,NA
"954",2,1927,"5NB",5,"NW",3,FALSE,"H",NA,FALSE,NA,0.81,FALSE,"none",NA,NA,NA,NA,NA,NA,NA,NA,NA,FALSE,NA,NA
"955",2,1927,"5NC",5,"NE",3,FALSE,"H",NA,FALSE,NA,0.81,FALSE,"none",NA,NA,NA,NA,NA,NA,NA,NA,NA,FALSE,NA,NA
"956",2,1927,"5ND",5,"NE",3,FALSE,"H",NA,FALSE,NA,0.81,FALSE,"none",NA,NA,NA,NA,NA,NA,NA,NA,NA,FALSE,NA,NA
"957",2,1927,"5SA",5,"SW",3,FALSE,"H",NA,FALSE,NA,3.63,TRUE,"MLrP",NA,NA,NA,NA,NA,NA,NA,NA,NA,FALSE,NA,NA
"958",2,1927,"5SB",5,"SW",3,FALSE,"H",NA,FALSE,NA,3.63,TRUE,"MLrP",NA,NA,NA,NA,NA,NA,NA,NA,NA,FALSE,NA,NA
"959",2,1927,"5SC",5,"SE",3,FALSE,"H",NA,FALSE,NA,3.7,TRUE,"MLbP",NA,NA,NA,NA,NA,NA,NA,NA,NA,FALSE,NA,NA
"960",2,1927,"5SD",5,"SE",3,FALSE,"H",NA,FALSE,NA,3.7,TRUE,"MLbP",NA,NA,NA,NA,NA,NA,NA,NA,NA,FALSE,NA,NA
"961",2,1928,"3NA",3,"NW",1,TRUE,"CC",NA,FALSE,18.8,NA,FALSE,"none",NA,NA,NA,NA,NA,NA,NA,NA,NA,FALSE,NA,NA
"962",2,1928,"3NB",3,"NW",1,TRUE,"CC",NA,FALSE,18.8,NA,FALSE,"none",NA,NA,NA,NA,NA,NA,NA,NA,NA,FALSE,NA,NA
"963",2,1928,"3NC",3,"NE",1,TRUE,"CC",NA,FALSE,18.8,NA,FALSE,"none",NA,NA,NA,NA,NA,NA,NA,NA,NA,FALSE,NA,NA
"964",2,1928,"3ND",3,"NE",1,TRUE,"CC",NA,FALSE,18.8,NA,FALSE,"none",NA,NA,NA,NA,NA,NA,NA,NA,NA,FALSE,NA,NA
"965",2,1928,"3SA",3,"SW",1,TRUE,"CC",NA,FALSE,32.8,NA,TRUE,"MLrP",NA,NA,NA,NA,NA,NA,NA,NA,NA,FALSE,NA,NA
"966",2,1928,"3SB",3,"SW",1,TRUE,"CC",NA,FALSE,32.8,NA,TRUE,"MLrP",NA,NA,NA,NA,NA,NA,NA,NA,NA,FALSE,NA,NA
"967",2,1928,"3SC",3,"SE",1,TRUE,"CC",NA,FALSE,32,NA,TRUE,"MLbP",NA,NA,NA,NA,NA,NA,NA,NA,NA,FALSE,NA,NA
"968",2,1928,"3SD",3,"SE",1,TRUE,"CC",NA,FALSE,32,NA,TRUE,"MLbP",NA,NA,NA,NA,NA,NA,NA,NA,NA,FALSE,NA,NA
"969",2,1928,"4NA",4,"NW",2,FALSE,"O",NA,FALSE,34.4,NA,FALSE,"none",NA,NA,NA,NA,NA,NA,NA,NA,NA,FALSE,NA,NA
"970",2,1928,"4NB",4,"NW",2,FALSE,"O",NA,FALSE,34.4,NA,FALSE,"none",NA,NA,NA,NA,NA,NA,NA,NA,NA,FALSE,NA,NA
"971",2,1928,"4NC",4,"NE",2,FALSE,"O",NA,FALSE,34.4,NA,FALSE,"none",NA,NA,NA,NA,NA,NA,NA,NA,NA,FALSE,NA,NA
"972",2,1928,"4ND",4,"NE",2,FALSE,"O",NA,FALSE,34.4,NA,FALSE,"none",NA,NA,NA,NA,NA,NA,NA,NA,NA,FALSE,NA,NA
"973",2,1928,"4SA",4,"SW",2,FALSE,"O",NA,FALSE,73.1,NA,TRUE,"MLrP",NA,NA,NA,NA,NA,NA,NA,NA,NA,FALSE,NA,NA
"974",2,1928,"4SB",4,"SW",2,FALSE,"O",NA,FALSE,73.1,NA,TRUE,"MLrP",NA,NA,NA,NA,NA,NA,NA,NA,NA,FALSE,NA,NA
"975",2,1928,"4SC",4,"SE",2,FALSE,"O",NA,FALSE,70.6,NA,TRUE,"MLbP",NA,NA,NA,NA,NA,NA,NA,NA,NA,FALSE,NA,NA
"976",2,1928,"4SD",4,"SE",2,FALSE,"O",NA,FALSE,70.6,NA,TRUE,"MLbP",NA,NA,NA,NA,NA,NA,NA,NA,NA,FALSE,NA,NA
"977",2,1928,"5NA",5,"NW",3,TRUE,"C",NA,FALSE,44.2,NA,FALSE,"none",NA,NA,NA,NA,NA,NA,NA,NA,NA,FALSE,NA,NA
"978",2,1928,"5NB",5,"NW",3,TRUE,"C",NA,FALSE,44.2,NA,FALSE,"none",NA,NA,NA,NA,NA,NA,NA,NA,NA,FALSE,NA,NA
"979",2,1928,"5NC",5,"NE",3,TRUE,"C",NA,FALSE,44.2,NA,FALSE,"none",NA,NA,NA,NA,NA,NA,NA,NA,NA,FALSE,NA,NA
"980",2,1928,"5ND",5,"NE",3,TRUE,"C",NA,FALSE,44.2,NA,FALSE,"none",NA,NA,NA,NA,NA,NA,NA,NA,NA,FALSE,NA,NA
"981",2,1928,"5SA",5,"SW",3,TRUE,"C",NA,FALSE,74.4,NA,TRUE,"MLrP",NA,NA,NA,NA,NA,NA,NA,NA,NA,FALSE,NA,NA
"982",2,1928,"5SB",5,"SW",3,TRUE,"C",NA,FALSE,74.4,NA,TRUE,"MLrP",NA,NA,NA,NA,NA,NA,NA,NA,NA,FALSE,NA,NA
"983",2,1928,"5SC",5,"SE",3,TRUE,"C",NA,FALSE,70.4,NA,TRUE,"MLbP",NA,NA,NA,NA,NA,NA,NA,NA,NA,FALSE,NA,NA
"984",2,1928,"5SD",5,"SE",3,TRUE,"C",NA,FALSE,70.4,NA,TRUE,"MLbP",NA,NA,NA,NA,NA,NA,NA,NA,NA,FALSE,NA,NA
"985",2,1929,"3NA",3,"NW",1,TRUE,"CC",NA,FALSE,17.6,NA,FALSE,"none",NA,NA,NA,NA,NA,NA,NA,NA,NA,FALSE,NA,NA
"986",2,1929,"3NB",3,"NW",1,TRUE,"CC",NA,FALSE,17.6,NA,FALSE,"none",NA,NA,NA,NA,NA,NA,NA,NA,NA,FALSE,NA,NA
"987",2,1929,"3NC",3,"NE",1,TRUE,"CC",NA,FALSE,17.6,NA,FALSE,"none",NA,NA,NA,NA,NA,NA,NA,NA,NA,FALSE,NA,NA
"988",2,1929,"3ND",3,"NE",1,TRUE,"CC",NA,FALSE,17.6,NA,FALSE,"none",NA,NA,NA,NA,NA,NA,NA,NA,NA,FALSE,NA,NA
"989",2,1929,"3SA",3,"SW",1,TRUE,"CC",NA,FALSE,32.4,NA,TRUE,"MLrP",NA,NA,NA,NA,NA,NA,NA,NA,NA,FALSE,NA,NA
"990",2,1929,"3SB",3,"SW",1,TRUE,"CC",NA,FALSE,32.4,NA,TRUE,"MLrP",NA,NA,NA,NA,NA,NA,NA,NA,NA,FALSE,NA,NA
"991",2,1929,"3SC",3,"SE",1,TRUE,"CC",NA,FALSE,39.6,NA,TRUE,"MLbP",NA,NA,NA,NA,NA,NA,NA,NA,NA,FALSE,NA,NA
"992",2,1929,"3SD",3,"SE",1,TRUE,"CC",NA,FALSE,39.6,NA,TRUE,"MLbP",NA,NA,NA,NA,NA,NA,NA,NA,NA,FALSE,NA,NA
"993",2,1929,"4NA",4,"NW",2,TRUE,"C",NA,FALSE,23.6,NA,FALSE,"none",NA,NA,NA,NA,NA,NA,NA,NA,NA,FALSE,NA,NA
"994",2,1929,"4NB",4,"NW",2,TRUE,"C",NA,FALSE,23.6,NA,FALSE,"none",NA,NA,NA,NA,NA,NA,NA,NA,NA,FALSE,NA,NA
"995",2,1929,"4NC",4,"NE",2,TRUE,"C",NA,FALSE,23.6,NA,FALSE,"none",NA,NA,NA,NA,NA,NA,NA,NA,NA,FALSE,NA,NA
"996",2,1929,"4ND",4,"NE",2,TRUE,"C",NA,FALSE,23.6,NA,FALSE,"none",NA,NA,NA,NA,NA,NA,NA,NA,NA,FALSE,NA,NA
"997",2,1929,"4SA",4,"SW",2,TRUE,"C",NA,FALSE,67.2,NA,TRUE,"MLrP",NA,NA,NA,NA,NA,NA,NA,NA,NA,FALSE,NA,NA
"998",2,1929,"4SB",4,"SW",2,TRUE,"C",NA,FALSE,67.2,NA,TRUE,"MLrP",NA,NA,NA,NA,NA,NA,NA,NA,NA,FALSE,NA,NA
"999",2,1929,"4SC",4,"SE",2,TRUE,"C",NA,FALSE,63.2,NA,TRUE,"MLbP",NA,NA,NA,NA,NA,NA,NA,NA,NA,FALSE,NA,NA
"1000",2,1929,"4SD",4,"SE",2,TRUE,"C",NA,FALSE,63.2,NA,TRUE,"MLbP",NA,NA,NA,NA,NA,NA,NA,NA,NA,FALSE,NA,NA
"1001",2,1929,"5NA",5,"NW",3,FALSE,"O",NA,FALSE,55.6,NA,FALSE,"none",NA,NA,NA,NA,NA,NA,NA,NA,NA,FALSE,NA,NA
"1002",2,1929,"5NB",5,"NW",3,FALSE,"O",NA,FALSE,55.6,NA,FALSE,"none",NA,NA,NA,NA,NA,NA,NA,NA,NA,FALSE,NA,NA
"1003",2,1929,"5NC",5,"NE",3,FALSE,"O",NA,FALSE,55.6,NA,FALSE,"none",NA,NA,NA,NA,NA,NA,NA,NA,NA,FALSE,NA,NA
"1004",2,1929,"5ND",5,"NE",3,FALSE,"O",NA,FALSE,55.6,NA,FALSE,"none",NA,NA,NA,NA,NA,NA,NA,NA,NA,FALSE,NA,NA
"1005",2,1929,"5SA",5,"SW",3,FALSE,"O",NA,FALSE,75.8,NA,TRUE,"MLrP",NA,NA,NA,NA,NA,NA,NA,NA,NA,FALSE,NA,NA
"1006",2,1929,"5SB",5,"SW",3,FALSE,"O",NA,FALSE,75.8,NA,TRUE,"MLrP",NA,NA,NA,NA,NA,NA,NA,NA,NA,FALSE,NA,NA
"1007",2,1929,"5SC",5,"SE",3,FALSE,"O",NA,FALSE,74.3,NA,TRUE,"MLbP",NA,NA,NA,NA,NA,NA,NA,NA,NA,FALSE,NA,NA
"1008",2,1929,"5SD",5,"SE",3,FALSE,"O",NA,FALSE,74.3,NA,TRUE,"MLbP",NA,NA,NA,NA,NA,NA,NA,NA,NA,FALSE,NA,NA
"1009",2,1930,"3NA",3,"NW",1,TRUE,"CC",NA,FALSE,17.1,NA,FALSE,"none",NA,NA,NA,NA,NA,NA,NA,NA,NA,FALSE,NA,NA
"1010",2,1930,"3NB",3,"NW",1,TRUE,"CC",NA,FALSE,17.1,NA,FALSE,"none",NA,NA,NA,NA,NA,NA,NA,NA,NA,FALSE,NA,NA
"1011",2,1930,"3NC",3,"NE",1,TRUE,"CC",NA,FALSE,17.1,NA,FALSE,"none",NA,NA,NA,NA,NA,NA,NA,NA,NA,FALSE,NA,NA
"1012",2,1930,"3ND",3,"NE",1,TRUE,"CC",NA,FALSE,17.1,NA,FALSE,"none",NA,NA,NA,NA,NA,NA,NA,NA,NA,FALSE,NA,NA
"1013",2,1930,"3SA",3,"SW",1,TRUE,"CC",NA,FALSE,32.6,NA,TRUE,"MLrP",NA,NA,NA,NA,NA,NA,NA,NA,NA,FALSE,NA,NA
"1014",2,1930,"3SB",3,"SW",1,TRUE,"CC",NA,FALSE,32.6,NA,TRUE,"MLrP",NA,NA,NA,NA,NA,NA,NA,NA,NA,FALSE,NA,NA
"1015",2,1930,"3SC",3,"SE",1,TRUE,"CC",NA,FALSE,29.6,NA,TRUE,"MLbP",NA,NA,NA,NA,NA,NA,NA,NA,NA,FALSE,NA,NA
"1016",2,1930,"3SD",3,"SE",1,TRUE,"CC",NA,FALSE,29.6,NA,TRUE,"MLbP",NA,NA,NA,NA,NA,NA,NA,NA,NA,FALSE,NA,NA
"1017",2,1930,"4NA",4,"NW",2,FALSE,"O",NA,FALSE,34.7,NA,FALSE,"none",NA,NA,NA,NA,NA,NA,NA,NA,NA,FALSE,NA,NA
"1018",2,1930,"4NB",4,"NW",2,FALSE,"O",NA,FALSE,34.7,NA,FALSE,"none",NA,NA,NA,NA,NA,NA,NA,NA,NA,FALSE,NA,NA
"1019",2,1930,"4NC",4,"NE",2,FALSE,"O",NA,FALSE,34.7,NA,FALSE,"none",NA,NA,NA,NA,NA,NA,NA,NA,NA,FALSE,NA,NA
"1020",2,1930,"4ND",4,"NE",2,FALSE,"O",NA,FALSE,34.7,NA,FALSE,"none",NA,NA,NA,NA,NA,NA,NA,NA,NA,FALSE,NA,NA
"1021",2,1930,"4SA",4,"SW",2,FALSE,"O",NA,FALSE,59.2,NA,TRUE,"MLrP",NA,NA,NA,NA,NA,NA,NA,NA,NA,FALSE,NA,NA
"1022",2,1930,"4SB",4,"SW",2,FALSE,"O",NA,FALSE,59.2,NA,TRUE,"MLrP",NA,NA,NA,NA,NA,NA,NA,NA,NA,FALSE,NA,NA
"1023",2,1930,"4SC",4,"SE",2,FALSE,"O",NA,FALSE,68.2,NA,TRUE,"MLbP",NA,NA,NA,NA,NA,NA,NA,NA,NA,FALSE,NA,NA
"1024",2,1930,"4SD",4,"SE",2,FALSE,"O",NA,FALSE,68.2,NA,TRUE,"MLbP",NA,NA,NA,NA,NA,NA,NA,NA,NA,FALSE,NA,NA
"1025",2,1930,"5NA",5,"NW",3,FALSE,"H",NA,FALSE,NA,0.82,FALSE,"none",NA,NA,NA,NA,NA,NA,NA,NA,NA,FALSE,NA,NA
"1026",2,1930,"5NB",5,"NW",3,FALSE,"H",NA,FALSE,NA,0.82,FALSE,"none",NA,NA,NA,NA,NA,NA,NA,NA,NA,FALSE,NA,NA
"1027",2,1930,"5NC",5,"NE",3,FALSE,"H",NA,FALSE,NA,0.82,FALSE,"none",NA,NA,NA,NA,NA,NA,NA,NA,NA,FALSE,NA,NA
"1028",2,1930,"5ND",5,"NE",3,FALSE,"H",NA,FALSE,NA,0.82,FALSE,"none",NA,NA,NA,NA,NA,NA,NA,NA,NA,FALSE,NA,NA
"1029",2,1930,"5SA",5,"SW",3,FALSE,"H",NA,FALSE,NA,1.83,TRUE,"MLrP",NA,NA,NA,NA,NA,NA,NA,NA,NA,FALSE,NA,NA
"1030",2,1930,"5SB",5,"SW",3,FALSE,"H",NA,FALSE,NA,1.83,TRUE,"MLrP",NA,NA,NA,NA,NA,NA,NA,NA,NA,FALSE,NA,NA
"1031",2,1930,"5SC",5,"SE",3,FALSE,"H",NA,FALSE,NA,2.35,TRUE,"MLbP",NA,NA,NA,NA,NA,NA,NA,NA,NA,FALSE,NA,NA
"1032",2,1930,"5SD",5,"SE",3,FALSE,"H",NA,FALSE,NA,2.35,TRUE,"MLbP",NA,NA,NA,NA,NA,NA,NA,NA,NA,FALSE,NA,NA
"1033",2,1931,"3NA",3,"NW",1,TRUE,"CC",NA,TRUE,24.8,NA,FALSE,"none",NA,NA,NA,NA,NA,NA,NA,NA,NA,FALSE,NA,NA
"1034",2,1931,"3NB",3,"NW",1,TRUE,"CC",NA,TRUE,24.8,NA,FALSE,"none",NA,NA,NA,NA,NA,NA,NA,NA,NA,FALSE,NA,NA
"1035",2,1931,"3NC",3,"NE",1,TRUE,"CC",NA,TRUE,24.8,NA,FALSE,"none",NA,NA,NA,NA,NA,NA,NA,NA,NA,FALSE,NA,NA
"1036",2,1931,"3ND",3,"NE",1,TRUE,"CC",NA,TRUE,24.8,NA,FALSE,"none",NA,NA,NA,NA,NA,NA,NA,NA,NA,FALSE,NA,NA
"1037",2,1931,"3SA",3,"SW",1,TRUE,"CC",NA,TRUE,49.1,NA,TRUE,"MLrP",NA,NA,NA,NA,NA,NA,NA,NA,NA,FALSE,NA,NA
"1038",2,1931,"3SB",3,"SW",1,TRUE,"CC",NA,TRUE,49.1,NA,TRUE,"MLrP",NA,NA,NA,NA,NA,NA,NA,NA,NA,FALSE,NA,NA
"1039",2,1931,"3SC",3,"SE",1,TRUE,"CC",NA,TRUE,49.3,NA,TRUE,"MLbP",NA,NA,NA,NA,NA,NA,NA,NA,NA,FALSE,NA,NA
"1040",2,1931,"3SD",3,"SE",1,TRUE,"CC",NA,TRUE,49.3,NA,TRUE,"MLbP",NA,NA,NA,NA,NA,NA,NA,NA,NA,FALSE,NA,NA
"1041",2,1931,"4NA",4,"NW",2,TRUE,"C",NA,TRUE,33.5,NA,FALSE,"none",NA,NA,NA,NA,NA,NA,NA,NA,NA,FALSE,NA,NA
"1042",2,1931,"4NB",4,"NW",2,TRUE,"C",NA,TRUE,33.5,NA,FALSE,"none",NA,NA,NA,NA,NA,NA,NA,NA,NA,FALSE,NA,NA
"1043",2,1931,"4NC",4,"NE",2,TRUE,"C",NA,TRUE,33.5,NA,FALSE,"none",NA,NA,NA,NA,NA,NA,NA,NA,NA,FALSE,NA,NA
"1044",2,1931,"4ND",4,"NE",2,TRUE,"C",NA,TRUE,33.5,NA,FALSE,"none",NA,NA,NA,NA,NA,NA,NA,NA,NA,FALSE,NA,NA
"1045",2,1931,"4SA",4,"SW",2,TRUE,"C",NA,TRUE,59.3,NA,TRUE,"MLrP",NA,NA,NA,NA,NA,NA,NA,NA,NA,FALSE,NA,NA
"1046",2,1931,"4SB",4,"SW",2,TRUE,"C",NA,TRUE,59.3,NA,TRUE,"MLrP",NA,NA,NA,NA,NA,NA,NA,NA,NA,FALSE,NA,NA
"1047",2,1931,"4SC",4,"SE",2,TRUE,"C",NA,TRUE,56.4,NA,TRUE,"MLbP",NA,NA,NA,NA,NA,NA,NA,NA,NA,FALSE,NA,NA
"1048",2,1931,"4SD",4,"SE",2,TRUE,"C",NA,TRUE,56.4,NA,TRUE,"MLbP",NA,NA,NA,NA,NA,NA,NA,NA,NA,FALSE,NA,NA
"1049",2,1931,"5NA",5,"NW",3,TRUE,"C",NA,TRUE,45.4,NA,FALSE,"none",NA,NA,NA,NA,NA,NA,NA,NA,NA,FALSE,NA,NA
"1050",2,1931,"5NB",5,"NW",3,TRUE,"C",NA,TRUE,45.4,NA,FALSE,"none",NA,NA,NA,NA,NA,NA,NA,NA,NA,FALSE,NA,NA
"1051",2,1931,"5NC",5,"NE",3,TRUE,"C",NA,TRUE,45.4,NA,FALSE,"none",NA,NA,NA,NA,NA,NA,NA,NA,NA,FALSE,NA,NA
"1052",2,1931,"5ND",5,"NE",3,TRUE,"C",NA,TRUE,45.4,NA,FALSE,"none",NA,NA,NA,NA,NA,NA,NA,NA,NA,FALSE,NA,NA
"1053",2,1931,"5SA",5,"SW",3,TRUE,"C",NA,TRUE,57.8,NA,TRUE,"MLrP",NA,NA,NA,NA,NA,NA,NA,NA,NA,FALSE,NA,NA
"1054",2,1931,"5SB",5,"SW",3,TRUE,"C",NA,TRUE,57.8,NA,TRUE,"MLrP",NA,NA,NA,NA,NA,NA,NA,NA,NA,FALSE,NA,NA
"1055",2,1931,"5SC",5,"SE",3,TRUE,"C",NA,TRUE,60.5,NA,TRUE,"MLbP",NA,NA,NA,NA,NA,NA,NA,NA,NA,FALSE,NA,NA
"1056",2,1931,"5SD",5,"SE",3,TRUE,"C",NA,TRUE,60.5,NA,TRUE,"MLbP",NA,NA,NA,NA,NA,NA,NA,NA,NA,FALSE,NA,NA
"1057",2,1932,"3NA",3,"NW",1,TRUE,"CC",NA,FALSE,32.9,NA,FALSE,"none",NA,NA,NA,NA,NA,NA,NA,NA,NA,FALSE,NA,NA
"1058",2,1932,"3NB",3,"NW",1,TRUE,"CC",NA,FALSE,32.9,NA,FALSE,"none",NA,NA,NA,NA,NA,NA,NA,NA,NA,FALSE,NA,NA
"1059",2,1932,"3NC",3,"NE",1,TRUE,"CC",NA,FALSE,32.9,NA,FALSE,"none",NA,NA,NA,NA,NA,NA,NA,NA,NA,FALSE,NA,NA
"1060",2,1932,"3ND",3,"NE",1,TRUE,"CC",NA,FALSE,32.9,NA,FALSE,"none",NA,NA,NA,NA,NA,NA,NA,NA,NA,FALSE,NA,NA
"1061",2,1932,"3SA",3,"SW",1,TRUE,"CC",NA,FALSE,52.5,NA,TRUE,"MLrP",NA,NA,NA,NA,NA,NA,NA,NA,NA,FALSE,NA,NA
"1062",2,1932,"3SB",3,"SW",1,TRUE,"CC",NA,FALSE,52.5,NA,TRUE,"MLrP",NA,NA,NA,NA,NA,NA,NA,NA,NA,FALSE,NA,NA
"1063",2,1932,"3SC",3,"SE",1,TRUE,"CC",NA,FALSE,55.6,NA,TRUE,"MLbP",NA,NA,NA,NA,NA,NA,NA,NA,NA,FALSE,NA,NA
"1064",2,1932,"3SD",3,"SE",1,TRUE,"CC",NA,FALSE,55.6,NA,TRUE,"MLbP",NA,NA,NA,NA,NA,NA,NA,NA,NA,FALSE,NA,NA
"1065",2,1932,"4NA",4,"NW",2,FALSE,"O",NA,FALSE,46.3,NA,FALSE,"none",NA,NA,NA,NA,NA,NA,NA,NA,NA,FALSE,NA,NA
"1066",2,1932,"4NB",4,"NW",2,FALSE,"O",NA,FALSE,46.3,NA,FALSE,"none",NA,NA,NA,NA,NA,NA,NA,NA,NA,FALSE,NA,NA
"1067",2,1932,"4NC",4,"NE",2,FALSE,"O",NA,FALSE,46.3,NA,FALSE,"none",NA,NA,NA,NA,NA,NA,NA,NA,NA,FALSE,NA,NA
"1068",2,1932,"4ND",4,"NE",2,FALSE,"O",NA,FALSE,46.3,NA,FALSE,"none",NA,NA,NA,NA,NA,NA,NA,NA,NA,FALSE,NA,NA
"1069",2,1932,"4SA",4,"SW",2,FALSE,"O",NA,FALSE,75.5,NA,TRUE,"MLrP",NA,NA,NA,NA,NA,NA,NA,NA,NA,FALSE,NA,NA
"1070",2,1932,"4SB",4,"SW",2,FALSE,"O",NA,FALSE,75.5,NA,TRUE,"MLrP",NA,NA,NA,NA,NA,NA,NA,NA,NA,FALSE,NA,NA
"1071",2,1932,"4SC",4,"SE",2,FALSE,"O",NA,FALSE,76.9,NA,TRUE,"MLbP",NA,NA,NA,NA,NA,NA,NA,NA,NA,FALSE,NA,NA
"1072",2,1932,"4SD",4,"SE",2,FALSE,"O",NA,FALSE,76.9,NA,TRUE,"MLbP",NA,NA,NA,NA,NA,NA,NA,NA,NA,FALSE,NA,NA
"1073",2,1932,"5NA",5,"NW",3,FALSE,"O",NA,FALSE,53.3,NA,FALSE,"none",NA,NA,NA,NA,NA,NA,NA,NA,NA,FALSE,NA,NA
"1074",2,1932,"5NB",5,"NW",3,FALSE,"O",NA,FALSE,53.3,NA,FALSE,"none",NA,NA,NA,NA,NA,NA,NA,NA,NA,FALSE,NA,NA
"1075",2,1932,"5NC",5,"NE",3,FALSE,"O",NA,FALSE,53.3,NA,FALSE,"none",NA,NA,NA,NA,NA,NA,NA,NA,NA,FALSE,NA,NA
"1076",2,1932,"5ND",5,"NE",3,FALSE,"O",NA,FALSE,53.3,NA,FALSE,"none",NA,NA,NA,NA,NA,NA,NA,NA,NA,FALSE,NA,NA
"1077",2,1932,"5SA",5,"SW",3,FALSE,"O",NA,FALSE,83.8,NA,TRUE,"MLrP",NA,NA,NA,NA,NA,NA,NA,NA,NA,FALSE,NA,NA
"1078",2,1932,"5SB",5,"SW",3,FALSE,"O",NA,FALSE,83.8,NA,TRUE,"MLrP",NA,NA,NA,NA,NA,NA,NA,NA,NA,FALSE,NA,NA
"1079",2,1932,"5SC",5,"SE",3,FALSE,"O",NA,FALSE,80.3,NA,TRUE,"MLbP",NA,NA,NA,NA,NA,NA,NA,NA,NA,FALSE,NA,NA
"1080",2,1932,"5SD",5,"SE",3,FALSE,"O",NA,FALSE,80.3,NA,TRUE,"MLbP",NA,NA,NA,NA,NA,NA,NA,NA,NA,FALSE,NA,NA
"1081",2,1933,"3NA",3,"NW",1,TRUE,"CC",NA,FALSE,7.9,NA,FALSE,"none",NA,NA,NA,NA,NA,NA,NA,NA,NA,TRUE,NA,NA
"1082",2,1933,"3NB",3,"NW",1,TRUE,"CC",NA,FALSE,7.9,NA,FALSE,"none",NA,NA,NA,NA,NA,NA,NA,NA,NA,TRUE,NA,NA
"1083",2,1933,"3NC",3,"NE",1,TRUE,"CC",NA,FALSE,7.9,NA,FALSE,"none",NA,NA,NA,NA,NA,NA,NA,NA,NA,TRUE,NA,NA
"1084",2,1933,"3ND",3,"NE",1,TRUE,"CC",NA,FALSE,7.9,NA,FALSE,"none",NA,NA,NA,NA,NA,NA,NA,NA,NA,TRUE,NA,NA
"1085",2,1933,"3SA",3,"SW",1,TRUE,"CC",NA,FALSE,29.3,NA,TRUE,"MLrP",NA,NA,NA,NA,NA,NA,NA,NA,NA,TRUE,NA,NA
"1086",2,1933,"3SB",3,"SW",1,TRUE,"CC",NA,FALSE,29.3,NA,TRUE,"MLrP",NA,NA,NA,NA,NA,NA,NA,NA,NA,TRUE,NA,NA
"1087",2,1933,"3SC",3,"SE",1,TRUE,"CC",NA,FALSE,26.4,NA,TRUE,"MLbP",NA,NA,NA,NA,NA,NA,NA,NA,NA,TRUE,NA,NA
"1088",2,1933,"3SD",3,"SE",1,TRUE,"CC",NA,FALSE,26.4,NA,TRUE,"MLbP",NA,NA,NA,NA,NA,NA,NA,NA,NA,TRUE,NA,NA
"1089",2,1933,"4NA",4,"NW",2,TRUE,"C",NA,FALSE,8.3,NA,FALSE,"none",NA,NA,NA,NA,NA,NA,NA,NA,NA,TRUE,NA,NA
"1090",2,1933,"4NB",4,"NW",2,TRUE,"C",NA,FALSE,8.3,NA,FALSE,"none",NA,NA,NA,NA,NA,NA,NA,NA,NA,TRUE,NA,NA
"1091",2,1933,"4NC",4,"NE",2,TRUE,"C",NA,FALSE,8.3,NA,FALSE,"none",NA,NA,NA,NA,NA,NA,NA,NA,NA,TRUE,NA,NA
"1092",2,1933,"4ND",4,"NE",2,TRUE,"C",NA,FALSE,8.3,NA,FALSE,"none",NA,NA,NA,NA,NA,NA,NA,NA,NA,TRUE,NA,NA
"1093",2,1933,"4SA",4,"SW",2,TRUE,"C",NA,FALSE,30.2,NA,TRUE,"MLrP",NA,NA,NA,NA,NA,NA,NA,NA,NA,TRUE,NA,NA
"1094",2,1933,"4SB",4,"SW",2,TRUE,"C",NA,FALSE,30.2,NA,TRUE,"MLrP",NA,NA,NA,NA,NA,NA,NA,NA,NA,TRUE,NA,NA
"1095",2,1933,"4SC",4,"SE",2,TRUE,"C",NA,FALSE,24.7,NA,TRUE,"MLbP",NA,NA,NA,NA,NA,NA,NA,NA,NA,TRUE,NA,NA
"1096",2,1933,"4SD",4,"SE",2,TRUE,"C",NA,FALSE,24.7,NA,TRUE,"MLbP",NA,NA,NA,NA,NA,NA,NA,NA,NA,TRUE,NA,NA
"1097",2,1933,"5NA",5,"NW",3,FALSE,"H",NA,FALSE,NA,1.6,FALSE,"none",NA,NA,NA,NA,NA,NA,NA,NA,NA,TRUE,NA,"soybean hay"
"1098",2,1933,"5NB",5,"NW",3,FALSE,"H",NA,FALSE,NA,1.6,FALSE,"none",NA,NA,NA,NA,NA,NA,NA,NA,NA,TRUE,NA,"soybean hay"
"1099",2,1933,"5NC",5,"NE",3,FALSE,"H",NA,FALSE,NA,1.6,FALSE,"none",NA,NA,NA,NA,NA,NA,NA,NA,NA,TRUE,NA,"soybean hay"
"1100",2,1933,"5ND",5,"NE",3,FALSE,"H",NA,FALSE,NA,1.6,FALSE,"none",NA,NA,NA,NA,NA,NA,NA,NA,NA,TRUE,NA,"soybean hay"
"1101",2,1933,"5SA",5,"SW",3,FALSE,"H",NA,FALSE,NA,2.4,TRUE,"MLrP",NA,NA,NA,NA,NA,NA,NA,NA,NA,TRUE,NA,"soybean hay"
"1102",2,1933,"5SB",5,"SW",3,FALSE,"H",NA,FALSE,NA,2.4,TRUE,"MLrP",NA,NA,NA,NA,NA,NA,NA,NA,NA,TRUE,NA,"soybean hay"
"1103",2,1933,"5SC",5,"SE",3,FALSE,"H",NA,FALSE,NA,2.8,TRUE,"MLbP",NA,NA,NA,NA,NA,NA,NA,NA,NA,TRUE,NA,"soybean hay"
"1104",2,1933,"5SD",5,"SE",3,FALSE,"H",NA,FALSE,NA,2.8,TRUE,"MLbP",NA,NA,NA,NA,NA,NA,NA,NA,NA,TRUE,NA,"soybean hay"
"1105",2,1934,"3NA",3,"NW",1,TRUE,"CC",NA,FALSE,16.7,NA,FALSE,"none",NA,NA,NA,NA,NA,NA,NA,NA,NA,FALSE,NA,NA
"1106",2,1934,"3NB",3,"NW",1,TRUE,"CC",NA,FALSE,16.7,NA,FALSE,"none",NA,NA,NA,NA,NA,NA,NA,NA,NA,FALSE,NA,NA
"1107",2,1934,"3NC",3,"NE",1,TRUE,"CC",NA,FALSE,16.7,NA,FALSE,"none",NA,NA,NA,NA,NA,NA,NA,NA,NA,FALSE,NA,NA
"1108",2,1934,"3ND",3,"NE",1,TRUE,"CC",NA,FALSE,16.7,NA,FALSE,"none",NA,NA,NA,NA,NA,NA,NA,NA,NA,FALSE,NA,NA
"1109",2,1934,"3SA",3,"SW",1,TRUE,"CC",NA,FALSE,51.6,NA,TRUE,"MLrP",NA,NA,NA,NA,NA,NA,NA,NA,NA,FALSE,NA,NA
"1110",2,1934,"3SB",3,"SW",1,TRUE,"CC",NA,FALSE,51.6,NA,TRUE,"MLrP",NA,NA,NA,NA,NA,NA,NA,NA,NA,FALSE,NA,NA
"1111",2,1934,"3SC",3,"SE",1,TRUE,"CC",NA,FALSE,50.4,NA,TRUE,"MLbP",NA,NA,NA,NA,NA,NA,NA,NA,NA,FALSE,NA,NA
"1112",2,1934,"3SD",3,"SE",1,TRUE,"CC",NA,FALSE,50.4,NA,TRUE,"MLbP",NA,NA,NA,NA,NA,NA,NA,NA,NA,FALSE,NA,NA
"1113",2,1934,"4NA",4,"NW",2,FALSE,"O",NA,FALSE,5.6,NA,FALSE,"none",NA,NA,NA,NA,NA,NA,NA,NA,NA,FALSE,NA,NA
"1114",2,1934,"4NB",4,"NW",2,FALSE,"O",NA,FALSE,5.6,NA,FALSE,"none",NA,NA,NA,NA,NA,NA,NA,NA,NA,FALSE,NA,NA
"1115",2,1934,"4NC",4,"NE",2,FALSE,"O",NA,FALSE,5.6,NA,FALSE,"none",NA,NA,NA,NA,NA,NA,NA,NA,NA,FALSE,NA,NA
"1116",2,1934,"4ND",4,"NE",2,FALSE,"O",NA,FALSE,5.6,NA,FALSE,"none",NA,NA,NA,NA,NA,NA,NA,NA,NA,FALSE,NA,NA
"1117",2,1934,"4SA",4,"SW",2,FALSE,"O",NA,FALSE,27.5,NA,TRUE,"MLrP",NA,NA,NA,NA,NA,NA,NA,NA,NA,FALSE,NA,NA
"1118",2,1934,"4SB",4,"SW",2,FALSE,"O",NA,FALSE,27.5,NA,TRUE,"MLrP",NA,NA,NA,NA,NA,NA,NA,NA,NA,FALSE,NA,NA
"1119",2,1934,"4SC",4,"SE",2,FALSE,"O",NA,FALSE,14,NA,TRUE,"MLbP",NA,NA,NA,NA,NA,NA,NA,NA,NA,FALSE,NA,NA
"1120",2,1934,"4SD",4,"SE",2,FALSE,"O",NA,FALSE,14,NA,TRUE,"MLbP",NA,NA,NA,NA,NA,NA,NA,NA,NA,FALSE,NA,NA
"1121",2,1934,"5NA",5,"NW",3,TRUE,"C",NA,FALSE,13,NA,FALSE,"none",NA,NA,NA,NA,NA,NA,NA,NA,NA,FALSE,NA,NA
"1122",2,1934,"5NB",5,"NW",3,TRUE,"C",NA,FALSE,13,NA,FALSE,"none",NA,NA,NA,NA,NA,NA,NA,NA,NA,FALSE,NA,NA
"1123",2,1934,"5NC",5,"NE",3,TRUE,"C",NA,FALSE,13,NA,FALSE,"none",NA,NA,NA,NA,NA,NA,NA,NA,NA,FALSE,NA,NA
"1124",2,1934,"5ND",5,"NE",3,TRUE,"C",NA,FALSE,13,NA,FALSE,"none",NA,NA,NA,NA,NA,NA,NA,NA,NA,FALSE,NA,NA
"1125",2,1934,"5SA",5,"SW",3,TRUE,"C",NA,FALSE,45,NA,TRUE,"MLrP",NA,NA,NA,NA,NA,NA,NA,NA,NA,FALSE,NA,NA
"1126",2,1934,"5SB",5,"SW",3,TRUE,"C",NA,FALSE,45,NA,TRUE,"MLrP",NA,NA,NA,NA,NA,NA,NA,NA,NA,FALSE,NA,NA
"1127",2,1934,"5SC",5,"SE",3,TRUE,"C",NA,FALSE,45.5,NA,TRUE,"MLbP",NA,NA,NA,NA,NA,NA,NA,NA,NA,FALSE,NA,NA
"1128",2,1934,"5SD",5,"SE",3,TRUE,"C",NA,FALSE,45.5,NA,TRUE,"MLbP",NA,NA,NA,NA,NA,NA,NA,NA,NA,FALSE,NA,NA
"1129",2,1935,"3NA",3,"NW",1,TRUE,"CC",NA,FALSE,44.6,NA,FALSE,"none",NA,NA,NA,NA,NA,NA,NA,NA,NA,FALSE,NA,NA
"1130",2,1935,"3NB",3,"NW",1,TRUE,"CC",NA,FALSE,44.6,NA,FALSE,"none",NA,NA,NA,NA,NA,NA,NA,NA,NA,FALSE,NA,NA
"1131",2,1935,"3NC",3,"NE",1,TRUE,"CC",NA,FALSE,44.6,NA,FALSE,"none",NA,NA,NA,NA,NA,NA,NA,NA,NA,FALSE,NA,NA
"1132",2,1935,"3ND",3,"NE",1,TRUE,"CC",NA,FALSE,44.6,NA,FALSE,"none",NA,NA,NA,NA,NA,NA,NA,NA,NA,FALSE,NA,NA
"1133",2,1935,"3SA",3,"SW",1,TRUE,"CC",NA,FALSE,61,NA,TRUE,"MLrP",NA,NA,NA,NA,NA,NA,NA,NA,NA,FALSE,NA,NA
"1134",2,1935,"3SB",3,"SW",1,TRUE,"CC",NA,FALSE,61,NA,TRUE,"MLrP",NA,NA,NA,NA,NA,NA,NA,NA,NA,FALSE,NA,NA
"1135",2,1935,"3SC",3,"SE",1,TRUE,"CC",NA,FALSE,64.8,NA,TRUE,"MLbP",NA,NA,NA,NA,NA,NA,NA,NA,NA,FALSE,NA,NA
"1136",2,1935,"3SD",3,"SE",1,TRUE,"CC",NA,FALSE,64.8,NA,TRUE,"MLbP",NA,NA,NA,NA,NA,NA,NA,NA,NA,FALSE,NA,NA
"1137",2,1935,"4NA",4,"NW",2,TRUE,"C",NA,FALSE,52,NA,FALSE,"none",NA,NA,NA,NA,NA,NA,NA,NA,NA,FALSE,NA,NA
"1138",2,1935,"4NB",4,"NW",2,TRUE,"C",NA,FALSE,52,NA,FALSE,"none",NA,NA,NA,NA,NA,NA,NA,NA,NA,FALSE,NA,NA
"1139",2,1935,"4NC",4,"NE",2,TRUE,"C",NA,FALSE,52,NA,FALSE,"none",NA,NA,NA,NA,NA,NA,NA,NA,NA,FALSE,NA,NA
"1140",2,1935,"4ND",4,"NE",2,TRUE,"C",NA,FALSE,52,NA,FALSE,"none",NA,NA,NA,NA,NA,NA,NA,NA,NA,FALSE,NA,NA
"1141",2,1935,"4SA",4,"SW",2,TRUE,"C",NA,FALSE,54.3,NA,TRUE,"MLrP",NA,NA,NA,NA,NA,NA,NA,NA,NA,FALSE,NA,NA
"1142",2,1935,"4SB",4,"SW",2,TRUE,"C",NA,FALSE,54.3,NA,TRUE,"MLrP",NA,NA,NA,NA,NA,NA,NA,NA,NA,FALSE,NA,NA
"1143",2,1935,"4SC",4,"SE",2,TRUE,"C",NA,FALSE,53.9,NA,TRUE,"MLbP",NA,NA,NA,NA,NA,NA,NA,NA,NA,FALSE,NA,NA
"1144",2,1935,"4SD",4,"SE",2,TRUE,"C",NA,FALSE,53.9,NA,TRUE,"MLbP",NA,NA,NA,NA,NA,NA,NA,NA,NA,FALSE,NA,NA
"1145",2,1935,"5NA",5,"NW",3,FALSE,"O",NA,FALSE,65.9,NA,FALSE,"none",NA,NA,NA,NA,NA,NA,NA,NA,NA,FALSE,NA,NA
"1146",2,1935,"5NB",5,"NW",3,FALSE,"O",NA,FALSE,65.9,NA,FALSE,"none",NA,NA,NA,NA,NA,NA,NA,NA,NA,FALSE,NA,NA
"1147",2,1935,"5NC",5,"NE",3,FALSE,"O",NA,FALSE,65.9,NA,FALSE,"none",NA,NA,NA,NA,NA,NA,NA,NA,NA,FALSE,NA,NA
"1148",2,1935,"5ND",5,"NE",3,FALSE,"O",NA,FALSE,65.9,NA,FALSE,"none",NA,NA,NA,NA,NA,NA,NA,NA,NA,FALSE,NA,NA
"1149",2,1935,"5SA",5,"SW",3,FALSE,"O",NA,FALSE,80.6,NA,TRUE,"MLrP",NA,NA,NA,NA,NA,NA,NA,NA,NA,FALSE,NA,NA
"1150",2,1935,"5SB",5,"SW",3,FALSE,"O",NA,FALSE,80.6,NA,TRUE,"MLrP",NA,NA,NA,NA,NA,NA,NA,NA,NA,FALSE,NA,NA
"1151",2,1935,"5SC",5,"SE",3,FALSE,"O",NA,FALSE,85.9,NA,TRUE,"MLbP",NA,NA,NA,NA,NA,NA,NA,NA,NA,FALSE,NA,NA
"1152",2,1935,"5SD",5,"SE",3,FALSE,"O",NA,FALSE,85.9,NA,TRUE,"MLbP",NA,NA,NA,NA,NA,NA,NA,NA,NA,FALSE,NA,NA
"1153",2,1936,"3NA",3,"NW",1,TRUE,"CC",NA,FALSE,14,NA,FALSE,"none",NA,NA,NA,NA,NA,NA,NA,NA,NA,FALSE,NA,NA
"1154",2,1936,"3NB",3,"NW",1,TRUE,"CC",NA,FALSE,14,NA,FALSE,"none",NA,NA,NA,NA,NA,NA,NA,NA,NA,FALSE,NA,NA
"1155",2,1936,"3NC",3,"NE",1,TRUE,"CC",NA,FALSE,14,NA,FALSE,"none",NA,NA,NA,NA,NA,NA,NA,NA,NA,FALSE,NA,NA
"1156",2,1936,"3ND",3,"NE",1,TRUE,"CC",NA,FALSE,14,NA,FALSE,"none",NA,NA,NA,NA,NA,NA,NA,NA,NA,FALSE,NA,NA
"1157",2,1936,"3SA",3,"SW",1,TRUE,"CC",NA,FALSE,15.7,NA,TRUE,"MLrP",NA,NA,NA,NA,NA,NA,NA,NA,NA,FALSE,NA,NA
"1158",2,1936,"3SB",3,"SW",1,TRUE,"CC",NA,FALSE,15.7,NA,TRUE,"MLrP",NA,NA,NA,NA,NA,NA,NA,NA,NA,FALSE,NA,NA
"1159",2,1936,"3SC",3,"SE",1,TRUE,"CC",NA,FALSE,17.5,NA,TRUE,"MLbP",NA,NA,NA,NA,NA,NA,NA,NA,NA,FALSE,NA,NA
"1160",2,1936,"3SD",3,"SE",1,TRUE,"CC",NA,FALSE,17.5,NA,TRUE,"MLbP",NA,NA,NA,NA,NA,NA,NA,NA,NA,FALSE,NA,NA
"1161",2,1936,"4NA",4,"NW",2,FALSE,"O",NA,FALSE,39.9,NA,FALSE,"none",NA,NA,NA,NA,NA,NA,NA,NA,NA,FALSE,NA,NA
"1162",2,1936,"4NB",4,"NW",2,FALSE,"O",NA,FALSE,39.9,NA,FALSE,"none",NA,NA,NA,NA,NA,NA,NA,NA,NA,FALSE,NA,NA
"1163",2,1936,"4NC",4,"NE",2,FALSE,"O",NA,FALSE,39.9,NA,FALSE,"none",NA,NA,NA,NA,NA,NA,NA,NA,NA,FALSE,NA,NA
"1164",2,1936,"4ND",4,"NE",2,FALSE,"O",NA,FALSE,39.9,NA,FALSE,"none",NA,NA,NA,NA,NA,NA,NA,NA,NA,FALSE,NA,NA
"1165",2,1936,"4SA",4,"SW",2,FALSE,"O",NA,FALSE,63.5,NA,TRUE,"MLrP",NA,NA,NA,NA,NA,NA,NA,NA,NA,FALSE,NA,NA
"1166",2,1936,"4SB",4,"SW",2,FALSE,"O",NA,FALSE,63.5,NA,TRUE,"MLrP",NA,NA,NA,NA,NA,NA,NA,NA,NA,FALSE,NA,NA
"1167",2,1936,"4SC",4,"SE",2,FALSE,"O",NA,FALSE,64.6,NA,TRUE,"MLbP",NA,NA,NA,NA,NA,NA,NA,NA,NA,FALSE,NA,NA
"1168",2,1936,"4SD",4,"SE",2,FALSE,"O",NA,FALSE,64.6,NA,TRUE,"MLbP",NA,NA,NA,NA,NA,NA,NA,NA,NA,FALSE,NA,NA
"1169",2,1936,"5NA",5,"NW",3,FALSE,"H",NA,FALSE,NA,1.43,FALSE,"none",NA,NA,NA,NA,NA,NA,NA,NA,NA,FALSE,NA,NA
"1170",2,1936,"5NB",5,"NW",3,FALSE,"H",NA,FALSE,NA,1.43,FALSE,"none",NA,NA,NA,NA,NA,NA,NA,NA,NA,FALSE,NA,NA
"1171",2,1936,"5NC",5,"NE",3,FALSE,"H",NA,FALSE,NA,1.43,FALSE,"none",NA,NA,NA,NA,NA,NA,NA,NA,NA,FALSE,NA,NA
"1172",2,1936,"5ND",5,"NE",3,FALSE,"H",NA,FALSE,NA,1.43,FALSE,"none",NA,NA,NA,NA,NA,NA,NA,NA,NA,FALSE,NA,NA
"1173",2,1936,"5SA",5,"SW",3,FALSE,"H",NA,FALSE,NA,2.6,TRUE,"MLrP",NA,NA,NA,NA,NA,NA,NA,NA,NA,FALSE,NA,NA
"1174",2,1936,"5SB",5,"SW",3,FALSE,"H",NA,FALSE,NA,2.6,TRUE,"MLrP",NA,NA,NA,NA,NA,NA,NA,NA,NA,FALSE,NA,NA
"1175",2,1936,"5SC",5,"SE",3,FALSE,"H",NA,FALSE,NA,2.29,TRUE,"MLbP",NA,NA,NA,NA,NA,NA,NA,NA,NA,FALSE,NA,NA
"1176",2,1936,"5SD",5,"SE",3,FALSE,"H",NA,FALSE,NA,2.29,TRUE,"MLbP",NA,NA,NA,NA,NA,NA,NA,NA,NA,FALSE,NA,NA
"1177",2,1937,"3NA",3,"NW",1,TRUE,"CC",NA,TRUE,43.1,NA,FALSE,"none",NA,NA,NA,NA,NA,NA,NA,NA,NA,FALSE,NA,NA
"1178",2,1937,"3NB",3,"NW",1,TRUE,"CC",NA,TRUE,43.1,NA,FALSE,"none",NA,NA,NA,NA,NA,NA,NA,NA,NA,FALSE,NA,NA
"1179",2,1937,"3NC",3,"NE",1,TRUE,"CC",NA,TRUE,43.1,NA,FALSE,"none",NA,NA,NA,NA,NA,NA,NA,NA,NA,FALSE,NA,NA
"1180",2,1937,"3ND",3,"NE",1,TRUE,"CC",NA,TRUE,43.1,NA,FALSE,"none",NA,NA,NA,NA,NA,NA,NA,NA,NA,FALSE,NA,NA
"1181",2,1937,"3SA",3,"SW",1,TRUE,"CC",NA,TRUE,56.9,NA,TRUE,"MLrP",NA,NA,NA,NA,NA,NA,NA,NA,NA,FALSE,NA,NA
"1182",2,1937,"3SB",3,"SW",1,TRUE,"CC",NA,TRUE,56.9,NA,TRUE,"MLrP",NA,NA,NA,NA,NA,NA,NA,NA,NA,FALSE,NA,NA
"1183",2,1937,"3SC",3,"SE",1,TRUE,"CC",NA,TRUE,64.7,NA,TRUE,"MLbP",NA,NA,NA,NA,NA,NA,NA,NA,NA,FALSE,NA,NA
"1184",2,1937,"3SD",3,"SE",1,TRUE,"CC",NA,TRUE,64.7,NA,TRUE,"MLbP",NA,NA,NA,NA,NA,NA,NA,NA,NA,FALSE,NA,NA
"1185",2,1937,"4NA",4,"NW",2,TRUE,"C",NA,TRUE,44,NA,FALSE,"none",NA,NA,NA,NA,NA,NA,NA,NA,NA,FALSE,NA,NA
"1186",2,1937,"4NB",4,"NW",2,TRUE,"C",NA,TRUE,44,NA,FALSE,"none",NA,NA,NA,NA,NA,NA,NA,NA,NA,FALSE,NA,NA
"1187",2,1937,"4NC",4,"NE",2,TRUE,"C",NA,TRUE,44,NA,FALSE,"none",NA,NA,NA,NA,NA,NA,NA,NA,NA,FALSE,NA,NA
"1188",2,1937,"4ND",4,"NE",2,TRUE,"C",NA,TRUE,44,NA,FALSE,"none",NA,NA,NA,NA,NA,NA,NA,NA,NA,FALSE,NA,NA
"1189",2,1937,"4SA",4,"SW",2,TRUE,"C",NA,TRUE,71.5,NA,TRUE,"MLrP",NA,NA,NA,NA,NA,NA,NA,NA,NA,FALSE,NA,NA
"1190",2,1937,"4SB",4,"SW",2,TRUE,"C",NA,TRUE,71.5,NA,TRUE,"MLrP",NA,NA,NA,NA,NA,NA,NA,NA,NA,FALSE,NA,NA
"1191",2,1937,"4SC",4,"SE",2,TRUE,"C",NA,TRUE,81.3,NA,TRUE,"MLbP",NA,NA,NA,NA,NA,NA,NA,NA,NA,FALSE,NA,NA
"1192",2,1937,"4SD",4,"SE",2,TRUE,"C",NA,TRUE,81.3,NA,TRUE,"MLbP",NA,NA,NA,NA,NA,NA,NA,NA,NA,FALSE,NA,NA
"1193",2,1937,"5NA",5,"NW",3,TRUE,"C",NA,TRUE,67.4,NA,FALSE,"none",NA,NA,NA,NA,NA,NA,NA,NA,NA,FALSE,NA,NA
"1194",2,1937,"5NB",5,"NW",3,TRUE,"C",NA,TRUE,67.4,NA,FALSE,"none",NA,NA,NA,NA,NA,NA,NA,NA,NA,FALSE,NA,NA
"1195",2,1937,"5NC",5,"NE",3,TRUE,"C",NA,TRUE,67.4,NA,FALSE,"none",NA,NA,NA,NA,NA,NA,NA,NA,NA,FALSE,NA,NA
"1196",2,1937,"5ND",5,"NE",3,TRUE,"C",NA,TRUE,67.4,NA,FALSE,"none",NA,NA,NA,NA,NA,NA,NA,NA,NA,FALSE,NA,NA
"1197",2,1937,"5SA",5,"SW",3,TRUE,"C",NA,TRUE,81,NA,TRUE,"MLrP",NA,NA,NA,NA,NA,NA,NA,NA,NA,FALSE,NA,NA
"1198",2,1937,"5SB",5,"SW",3,TRUE,"C",NA,TRUE,81,NA,TRUE,"MLrP",NA,NA,NA,NA,NA,NA,NA,NA,NA,FALSE,NA,NA
"1199",2,1937,"5SC",5,"SE",3,TRUE,"C",NA,TRUE,93.2,NA,TRUE,"MLbP",NA,NA,NA,NA,NA,NA,NA,NA,NA,FALSE,NA,NA
"1200",2,1937,"5SD",5,"SE",3,TRUE,"C",NA,TRUE,93.2,NA,TRUE,"MLbP",NA,NA,NA,NA,NA,NA,NA,NA,NA,FALSE,NA,NA
"1201",2,1938,"3NA",3,"NW",1,TRUE,"CC",NA,FALSE,36.3,NA,FALSE,"none",NA,NA,NA,NA,NA,NA,NA,NA,NA,FALSE,NA,NA
"1202",2,1938,"3NB",3,"NW",1,TRUE,"CC",NA,FALSE,36.3,NA,FALSE,"none",NA,NA,NA,NA,NA,NA,NA,NA,NA,FALSE,NA,NA
"1203",2,1938,"3NC",3,"NE",1,TRUE,"CC",NA,FALSE,36.3,NA,FALSE,"none",NA,NA,NA,NA,NA,NA,NA,NA,NA,FALSE,NA,NA
"1204",2,1938,"3ND",3,"NE",1,TRUE,"CC",NA,FALSE,36.3,NA,FALSE,"none",NA,NA,NA,NA,NA,NA,NA,NA,NA,FALSE,NA,NA
"1205",2,1938,"3SA",3,"SW",1,TRUE,"CC",NA,FALSE,59.7,NA,TRUE,"MLrP",NA,NA,NA,NA,NA,NA,NA,NA,NA,FALSE,NA,NA
"1206",2,1938,"3SB",3,"SW",1,TRUE,"CC",NA,FALSE,59.7,NA,TRUE,"MLrP",NA,NA,NA,NA,NA,NA,NA,NA,NA,FALSE,NA,NA
"1207",2,1938,"3SC",3,"SE",1,TRUE,"CC",NA,FALSE,64.9,NA,TRUE,"MLbP",NA,NA,NA,NA,NA,NA,NA,NA,NA,FALSE,NA,NA
"1208",2,1938,"3SD",3,"SE",1,TRUE,"CC",NA,FALSE,64.9,NA,TRUE,"MLbP",NA,NA,NA,NA,NA,NA,NA,NA,NA,FALSE,NA,NA
"1209",2,1938,"4NA",4,"NW",2,FALSE,"O",NA,FALSE,45.8,NA,FALSE,"none",NA,NA,NA,NA,NA,NA,NA,NA,NA,FALSE,NA,NA
"1210",2,1938,"4NB",4,"NW",2,FALSE,"O",NA,FALSE,45.8,NA,FALSE,"none",NA,NA,NA,NA,NA,NA,NA,NA,NA,FALSE,NA,NA
"1211",2,1938,"4NC",4,"NE",2,FALSE,"O",NA,FALSE,45.8,NA,FALSE,"none",NA,NA,NA,NA,NA,NA,NA,NA,NA,FALSE,NA,NA
"1212",2,1938,"4ND",4,"NE",2,FALSE,"O",NA,FALSE,45.8,NA,FALSE,"none",NA,NA,NA,NA,NA,NA,NA,NA,NA,FALSE,NA,NA
"1213",2,1938,"4SA",4,"SW",2,FALSE,"O",NA,FALSE,67.9,NA,TRUE,"MLrP",NA,NA,NA,NA,NA,NA,NA,NA,NA,FALSE,NA,NA
"1214",2,1938,"4SB",4,"SW",2,FALSE,"O",NA,FALSE,67.9,NA,TRUE,"MLrP",NA,NA,NA,NA,NA,NA,NA,NA,NA,FALSE,NA,NA
"1215",2,1938,"4SC",4,"SE",2,FALSE,"O",NA,FALSE,69.1,NA,TRUE,"MLbP",NA,NA,NA,NA,NA,NA,NA,NA,NA,FALSE,NA,NA
"1216",2,1938,"4SD",4,"SE",2,FALSE,"O",NA,FALSE,69.1,NA,TRUE,"MLbP",NA,NA,NA,NA,NA,NA,NA,NA,NA,FALSE,NA,NA
"1217",2,1938,"5NA",5,"NW",3,FALSE,"O",NA,FALSE,52.3,NA,FALSE,"none",NA,NA,NA,NA,NA,NA,NA,NA,NA,FALSE,NA,NA
"1218",2,1938,"5NB",5,"NW",3,FALSE,"O",NA,FALSE,52.3,NA,FALSE,"none",NA,NA,NA,NA,NA,NA,NA,NA,NA,FALSE,NA,NA
"1219",2,1938,"5NC",5,"NE",3,FALSE,"O",NA,FALSE,52.3,NA,FALSE,"none",NA,NA,NA,NA,NA,NA,NA,NA,NA,FALSE,NA,NA
"1220",2,1938,"5ND",5,"NE",3,FALSE,"O",NA,FALSE,52.3,NA,FALSE,"none",NA,NA,NA,NA,NA,NA,NA,NA,NA,FALSE,NA,NA
"1221",2,1938,"5SA",5,"SW",3,FALSE,"O",NA,FALSE,66.4,NA,TRUE,"MLrP",NA,NA,NA,NA,NA,NA,NA,NA,NA,FALSE,NA,NA
"1222",2,1938,"5SB",5,"SW",3,FALSE,"O",NA,FALSE,66.4,NA,TRUE,"MLrP",NA,NA,NA,NA,NA,NA,NA,NA,NA,FALSE,NA,NA
"1223",2,1938,"5SC",5,"SE",3,FALSE,"O",NA,FALSE,72.6,NA,TRUE,"MLbP",NA,NA,NA,NA,NA,NA,NA,NA,NA,FALSE,NA,NA
"1224",2,1938,"5SD",5,"SE",3,FALSE,"O",NA,FALSE,72.6,NA,TRUE,"MLbP",NA,NA,NA,NA,NA,NA,NA,NA,NA,FALSE,NA,NA
"1225",2,1939,"3NA",3,"NW",1,TRUE,"CC",NA,FALSE,22,NA,FALSE,"none",NA,NA,NA,NA,NA,NA,NA,NA,NA,FALSE,NA,NA
"1226",2,1939,"3NB",3,"NW",1,TRUE,"CC",NA,FALSE,22,NA,FALSE,"none",NA,NA,NA,NA,NA,NA,NA,NA,NA,FALSE,NA,NA
"1227",2,1939,"3NC",3,"NE",1,TRUE,"CC",NA,FALSE,22,NA,FALSE,"none",NA,NA,NA,NA,NA,NA,NA,NA,NA,FALSE,NA,NA
"1228",2,1939,"3ND",3,"NE",1,TRUE,"CC",NA,FALSE,22,NA,FALSE,"none",NA,NA,NA,NA,NA,NA,NA,NA,NA,FALSE,NA,NA
"1229",2,1939,"3SA",3,"SW",1,TRUE,"CC",NA,FALSE,45.9,NA,TRUE,"MLrP",NA,NA,NA,NA,NA,NA,NA,NA,NA,FALSE,NA,NA
"1230",2,1939,"3SB",3,"SW",1,TRUE,"CC",NA,FALSE,45.9,NA,TRUE,"MLrP",NA,NA,NA,NA,NA,NA,NA,NA,NA,FALSE,NA,NA
"1231",2,1939,"3SC",3,"SE",1,TRUE,"CC",NA,FALSE,54.8,NA,TRUE,"MLbP",NA,NA,NA,NA,NA,NA,NA,NA,NA,FALSE,NA,NA
"1232",2,1939,"3SD",3,"SE",1,TRUE,"CC",NA,FALSE,54.8,NA,TRUE,"MLbP",NA,NA,NA,NA,NA,NA,NA,NA,NA,FALSE,NA,NA
"1233",2,1939,"4NA",4,"NW",2,TRUE,"C",NA,FALSE,31,NA,FALSE,"none",NA,NA,NA,NA,NA,NA,NA,NA,NA,FALSE,NA,NA
"1234",2,1939,"4NB",4,"NW",2,TRUE,"C",NA,FALSE,31,NA,FALSE,"none",NA,NA,NA,NA,NA,NA,NA,NA,NA,FALSE,NA,NA
"1235",2,1939,"4NC",4,"NE",2,TRUE,"C",NA,FALSE,31,NA,FALSE,"none",NA,NA,NA,NA,NA,NA,NA,NA,NA,FALSE,NA,NA
"1236",2,1939,"4ND",4,"NE",2,TRUE,"C",NA,FALSE,31,NA,FALSE,"none",NA,NA,NA,NA,NA,NA,NA,NA,NA,FALSE,NA,NA
"1237",2,1939,"4SA",4,"SW",2,TRUE,"C",NA,FALSE,82.4,NA,TRUE,"MLrP",NA,NA,NA,NA,NA,NA,NA,NA,NA,FALSE,NA,NA
"1238",2,1939,"4SB",4,"SW",2,TRUE,"C",NA,FALSE,82.4,NA,TRUE,"MLrP",NA,NA,NA,NA,NA,NA,NA,NA,NA,FALSE,NA,NA
"1239",2,1939,"4SC",4,"SE",2,TRUE,"C",NA,FALSE,87,NA,TRUE,"MLbP",NA,NA,NA,NA,NA,NA,NA,NA,NA,FALSE,NA,NA
"1240",2,1939,"4SD",4,"SE",2,TRUE,"C",NA,FALSE,87,NA,TRUE,"MLbP",NA,NA,NA,NA,NA,NA,NA,NA,NA,FALSE,NA,NA
"1241",2,1939,"5NA",5,"NW",3,FALSE,"H",NA,FALSE,NA,0.88,FALSE,"none",NA,NA,NA,NA,NA,NA,NA,NA,NA,FALSE,NA,NA
"1242",2,1939,"5NB",5,"NW",3,FALSE,"H",NA,FALSE,NA,0.88,FALSE,"none",NA,NA,NA,NA,NA,NA,NA,NA,NA,FALSE,NA,NA
"1243",2,1939,"5NC",5,"NE",3,FALSE,"H",NA,FALSE,NA,0.88,FALSE,"none",NA,NA,NA,NA,NA,NA,NA,NA,NA,FALSE,NA,NA
"1244",2,1939,"5ND",5,"NE",3,FALSE,"H",NA,FALSE,NA,0.88,FALSE,"none",NA,NA,NA,NA,NA,NA,NA,NA,NA,FALSE,NA,NA
"1245",2,1939,"5SA",5,"SW",3,FALSE,"H",NA,FALSE,NA,1.98,TRUE,"MLrP",NA,NA,NA,NA,NA,NA,NA,NA,NA,FALSE,NA,NA
"1246",2,1939,"5SB",5,"SW",3,FALSE,"H",NA,FALSE,NA,1.98,TRUE,"MLrP",NA,NA,NA,NA,NA,NA,NA,NA,NA,FALSE,NA,NA
"1247",2,1939,"5SC",5,"SE",3,FALSE,"H",NA,FALSE,NA,2.2,TRUE,"MLbP",NA,NA,NA,NA,NA,NA,NA,NA,NA,FALSE,NA,NA
"1248",2,1939,"5SD",5,"SE",3,FALSE,"H",NA,FALSE,NA,2.2,TRUE,"MLbP",NA,NA,NA,NA,NA,NA,NA,NA,NA,FALSE,NA,NA
"1249",2,1940,"3NA",3,"NW",1,TRUE,"CC",NA,FALSE,18.8,NA,FALSE,"none",NA,NA,NA,NA,NA,NA,NA,NA,NA,FALSE,NA,NA
"1250",2,1940,"3NB",3,"NW",1,TRUE,"CC",NA,FALSE,18.8,NA,FALSE,"none",NA,NA,NA,NA,NA,NA,NA,NA,NA,FALSE,NA,NA
"1251",2,1940,"3NC",3,"NE",1,TRUE,"CC",NA,FALSE,18.8,NA,FALSE,"none",NA,NA,NA,NA,NA,NA,NA,NA,NA,FALSE,NA,NA
"1252",2,1940,"3ND",3,"NE",1,TRUE,"CC",NA,FALSE,18.8,NA,FALSE,"none",NA,NA,NA,NA,NA,NA,NA,NA,NA,FALSE,NA,NA
"1253",2,1940,"3SA",3,"SW",1,TRUE,"CC",NA,FALSE,40.9,NA,TRUE,"MLrP",NA,NA,NA,NA,NA,NA,NA,NA,NA,FALSE,NA,NA
"1254",2,1940,"3SB",3,"SW",1,TRUE,"CC",NA,FALSE,40.9,NA,TRUE,"MLrP",NA,NA,NA,NA,NA,NA,NA,NA,NA,FALSE,NA,NA
"1255",2,1940,"3SC",3,"SE",1,TRUE,"CC",NA,FALSE,46.4,NA,TRUE,"MLbP",NA,NA,NA,NA,NA,NA,NA,NA,NA,FALSE,NA,NA
"1256",2,1940,"3SD",3,"SE",1,TRUE,"CC",NA,FALSE,46.4,NA,TRUE,"MLbP",NA,NA,NA,NA,NA,NA,NA,NA,NA,FALSE,NA,NA
"1257",2,1940,"4NA",4,"NW",2,FALSE,"O",NA,FALSE,47,NA,FALSE,"none",NA,NA,NA,NA,NA,NA,NA,NA,NA,FALSE,NA,NA
"1258",2,1940,"4NB",4,"NW",2,FALSE,"O",NA,FALSE,47,NA,FALSE,"none",NA,NA,NA,NA,NA,NA,NA,NA,NA,FALSE,NA,NA
"1259",2,1940,"4NC",4,"NE",2,FALSE,"O",NA,FALSE,47,NA,FALSE,"none",NA,NA,NA,NA,NA,NA,NA,NA,NA,FALSE,NA,NA
"1260",2,1940,"4ND",4,"NE",2,FALSE,"O",NA,FALSE,47,NA,FALSE,"none",NA,NA,NA,NA,NA,NA,NA,NA,NA,FALSE,NA,NA
"1261",2,1940,"4SA",4,"SW",2,FALSE,"O",NA,FALSE,83.1,NA,TRUE,"MLrP",NA,NA,NA,NA,NA,NA,NA,NA,NA,FALSE,NA,NA
"1262",2,1940,"4SB",4,"SW",2,FALSE,"O",NA,FALSE,83.1,NA,TRUE,"MLrP",NA,NA,NA,NA,NA,NA,NA,NA,NA,FALSE,NA,NA
"1263",2,1940,"4SC",4,"SE",2,FALSE,"O",NA,FALSE,85,NA,TRUE,"MLbP",NA,NA,NA,NA,NA,NA,NA,NA,NA,FALSE,NA,NA
"1264",2,1940,"4SD",4,"SE",2,FALSE,"O",NA,FALSE,85,NA,TRUE,"MLbP",NA,NA,NA,NA,NA,NA,NA,NA,NA,FALSE,NA,NA
"1265",2,1940,"5NA",5,"NW",3,TRUE,"C",NA,FALSE,47,NA,FALSE,"none",NA,NA,NA,NA,NA,NA,NA,NA,NA,FALSE,NA,NA
"1266",2,1940,"5NB",5,"NW",3,TRUE,"C",NA,FALSE,47,NA,FALSE,"none",NA,NA,NA,NA,NA,NA,NA,NA,NA,FALSE,NA,NA
"1267",2,1940,"5NC",5,"NE",3,TRUE,"C",NA,FALSE,47,NA,FALSE,"none",NA,NA,NA,NA,NA,NA,NA,NA,NA,FALSE,NA,NA
"1268",2,1940,"5ND",5,"NE",3,TRUE,"C",NA,FALSE,47,NA,FALSE,"none",NA,NA,NA,NA,NA,NA,NA,NA,NA,FALSE,NA,NA
"1269",2,1940,"5SA",5,"SW",3,TRUE,"C",NA,FALSE,58.3,NA,TRUE,"MLrP",NA,NA,NA,NA,NA,NA,NA,NA,NA,FALSE,NA,NA
"1270",2,1940,"5SB",5,"SW",3,TRUE,"C",NA,FALSE,58.3,NA,TRUE,"MLrP",NA,NA,NA,NA,NA,NA,NA,NA,NA,FALSE,NA,NA
"1271",2,1940,"5SC",5,"SE",3,TRUE,"C",NA,FALSE,67.5,NA,TRUE,"MLbP",NA,NA,NA,NA,NA,NA,NA,NA,NA,TRUE,NA,NA
"1272",2,1940,"5SD",5,"SE",3,TRUE,"C",NA,FALSE,67.5,NA,TRUE,"MLbP",NA,NA,NA,NA,NA,NA,NA,NA,NA,TRUE,NA,NA
"1273",2,1941,"3NA",3,"NW",1,TRUE,"CC",NA,FALSE,24.9,NA,FALSE,"none",NA,NA,NA,NA,NA,NA,NA,NA,NA,FALSE,NA,NA
"1274",2,1941,"3NB",3,"NW",1,TRUE,"CC",NA,FALSE,24.9,NA,FALSE,"none",NA,NA,NA,NA,NA,NA,NA,NA,NA,FALSE,NA,NA
"1275",2,1941,"3NC",3,"NE",1,TRUE,"CC",NA,FALSE,24.9,NA,FALSE,"none",NA,NA,NA,NA,NA,NA,NA,NA,NA,FALSE,NA,NA
"1276",2,1941,"3ND",3,"NE",1,TRUE,"CC",NA,FALSE,24.9,NA,FALSE,"none",NA,NA,NA,NA,NA,NA,NA,NA,NA,FALSE,NA,NA
"1277",2,1941,"3SA",3,"SW",1,TRUE,"CC",NA,FALSE,61.1,NA,TRUE,"MLrP",NA,NA,NA,NA,NA,NA,NA,NA,NA,FALSE,NA,NA
"1278",2,1941,"3SB",3,"SW",1,TRUE,"CC",NA,FALSE,61.1,NA,TRUE,"MLrP",NA,NA,NA,NA,NA,NA,NA,NA,NA,FALSE,NA,NA
"1279",2,1941,"3SC",3,"SE",1,TRUE,"CC",NA,FALSE,65.1,NA,TRUE,"MLbP",NA,NA,NA,NA,NA,NA,NA,NA,NA,FALSE,NA,NA
"1280",2,1941,"3SD",3,"SE",1,TRUE,"CC",NA,FALSE,65.1,NA,TRUE,"MLbP",NA,NA,NA,NA,NA,NA,NA,NA,NA,FALSE,NA,NA
"1281",2,1941,"4NA",4,"NW",2,TRUE,"C",NA,FALSE,32,NA,FALSE,"none",NA,NA,NA,NA,NA,NA,NA,NA,NA,FALSE,NA,NA
"1282",2,1941,"4NB",4,"NW",2,TRUE,"C",NA,FALSE,32,NA,FALSE,"none",NA,NA,NA,NA,NA,NA,NA,NA,NA,FALSE,NA,NA
"1283",2,1941,"4NC",4,"NE",2,TRUE,"C",NA,FALSE,32,NA,FALSE,"none",NA,NA,NA,NA,NA,NA,NA,NA,NA,FALSE,NA,NA
"1284",2,1941,"4ND",4,"NE",2,TRUE,"C",NA,FALSE,32,NA,FALSE,"none",NA,NA,NA,NA,NA,NA,NA,NA,NA,FALSE,NA,NA
"1285",2,1941,"4SA",4,"SW",2,TRUE,"C",NA,FALSE,71.2,NA,TRUE,"MLrP",NA,NA,NA,NA,NA,NA,NA,NA,NA,FALSE,NA,NA
"1286",2,1941,"4SB",4,"SW",2,TRUE,"C",NA,FALSE,71.2,NA,TRUE,"MLrP",NA,NA,NA,NA,NA,NA,NA,NA,NA,FALSE,NA,NA
"1287",2,1941,"4SC",4,"SE",2,TRUE,"C",NA,FALSE,69.6,NA,TRUE,"MLbP",NA,NA,NA,NA,NA,NA,NA,NA,NA,FALSE,NA,NA
"1288",2,1941,"4SD",4,"SE",2,TRUE,"C",NA,FALSE,69.6,NA,TRUE,"MLbP",NA,NA,NA,NA,NA,NA,NA,NA,NA,FALSE,NA,NA
"1289",2,1941,"5NA",5,"NW",3,FALSE,"O",NA,FALSE,64.8,NA,FALSE,"none",NA,NA,NA,NA,NA,NA,NA,NA,NA,FALSE,NA,NA
"1290",2,1941,"5NB",5,"NW",3,FALSE,"O",NA,FALSE,64.8,NA,FALSE,"none",NA,NA,NA,NA,NA,NA,NA,NA,NA,FALSE,NA,NA
"1291",2,1941,"5NC",5,"NE",3,FALSE,"O",NA,FALSE,64.8,NA,FALSE,"none",NA,NA,NA,NA,NA,NA,NA,NA,NA,FALSE,NA,NA
"1292",2,1941,"5ND",5,"NE",3,FALSE,"O",NA,FALSE,64.8,NA,FALSE,"none",NA,NA,NA,NA,NA,NA,NA,NA,NA,FALSE,NA,NA
"1293",2,1941,"5SA",5,"SW",3,FALSE,"O",NA,FALSE,70.8,NA,TRUE,"MLrP",NA,NA,NA,NA,NA,NA,NA,NA,NA,FALSE,NA,NA
"1294",2,1941,"5SB",5,"SW",3,FALSE,"O",NA,FALSE,70.8,NA,TRUE,"MLrP",NA,NA,NA,NA,NA,NA,NA,NA,NA,FALSE,NA,NA
"1295",2,1941,"5SC",5,"SE",3,FALSE,"O",NA,FALSE,78.8,NA,TRUE,"MLbP",NA,NA,NA,NA,NA,NA,NA,NA,NA,FALSE,NA,NA
"1296",2,1941,"5SD",5,"SE",3,FALSE,"O",NA,FALSE,78.8,NA,TRUE,"MLbP",NA,NA,NA,NA,NA,NA,NA,NA,NA,FALSE,NA,NA
"1297",2,1942,"3NA",3,"NW",1,TRUE,"CC",NA,FALSE,26.5,NA,FALSE,"none",NA,NA,NA,NA,NA,NA,NA,NA,NA,FALSE,NA,NA
"1298",2,1942,"3NB",3,"NW",1,TRUE,"CC",NA,FALSE,26.5,NA,FALSE,"none",NA,NA,NA,NA,NA,NA,NA,NA,NA,FALSE,NA,NA
"1299",2,1942,"3NC",3,"NE",1,TRUE,"CC",NA,FALSE,26.5,NA,FALSE,"none",NA,NA,NA,NA,NA,NA,NA,NA,NA,FALSE,NA,NA
"1300",2,1942,"3ND",3,"NE",1,TRUE,"CC",NA,FALSE,26.5,NA,FALSE,"none",NA,NA,NA,NA,NA,NA,NA,NA,NA,FALSE,NA,NA
"1301",2,1942,"3SA",3,"SW",1,TRUE,"CC",NA,FALSE,58.4,NA,TRUE,"MLrP",NA,NA,NA,NA,NA,NA,NA,NA,NA,FALSE,NA,NA
"1302",2,1942,"3SB",3,"SW",1,TRUE,"CC",NA,FALSE,58.4,NA,TRUE,"MLrP",NA,NA,NA,NA,NA,NA,NA,NA,NA,FALSE,NA,NA
"1303",2,1942,"3SC",3,"SE",1,TRUE,"CC",NA,FALSE,63.2,NA,TRUE,"MLbP",NA,NA,NA,NA,NA,NA,NA,NA,NA,FALSE,NA,NA
"1304",2,1942,"3SD",3,"SE",1,TRUE,"CC",NA,FALSE,63.2,NA,TRUE,"MLbP",NA,NA,NA,NA,NA,NA,NA,NA,NA,FALSE,NA,NA
"1305",2,1942,"4NA",4,"NW",2,FALSE,"O",NA,FALSE,33.6,NA,FALSE,"none",NA,NA,NA,NA,NA,NA,NA,NA,NA,FALSE,NA,NA
"1306",2,1942,"4NB",4,"NW",2,FALSE,"O",NA,FALSE,33.6,NA,FALSE,"none",NA,NA,NA,NA,NA,NA,NA,NA,NA,FALSE,NA,NA
"1307",2,1942,"4NC",4,"NE",2,FALSE,"O",NA,FALSE,33.6,NA,FALSE,"none",NA,NA,NA,NA,NA,NA,NA,NA,NA,FALSE,NA,NA
"1308",2,1942,"4ND",4,"NE",2,FALSE,"O",NA,FALSE,33.6,NA,FALSE,"none",NA,NA,NA,NA,NA,NA,NA,NA,NA,FALSE,NA,NA
"1309",2,1942,"4SA",4,"SW",2,FALSE,"O",NA,FALSE,56,NA,TRUE,"MLrP",NA,NA,NA,NA,NA,NA,NA,NA,NA,FALSE,NA,NA
"1310",2,1942,"4SB",4,"SW",2,FALSE,"O",NA,FALSE,56,NA,TRUE,"MLrP",NA,NA,NA,NA,NA,NA,NA,NA,NA,FALSE,NA,NA
"1311",2,1942,"4SC",4,"SE",2,FALSE,"O",NA,FALSE,52.7,NA,TRUE,"MLbP",NA,NA,NA,NA,NA,NA,NA,NA,NA,FALSE,NA,NA
"1312",2,1942,"4SD",4,"SE",2,FALSE,"O",NA,FALSE,52.7,NA,TRUE,"MLbP",NA,NA,NA,NA,NA,NA,NA,NA,NA,FALSE,NA,NA
"1313",2,1942,"5NA",5,"NW",3,FALSE,"H",NA,FALSE,NA,1.13,FALSE,"none",NA,NA,NA,NA,NA,NA,NA,NA,NA,FALSE,NA,NA
"1314",2,1942,"5NB",5,"NW",3,FALSE,"H",NA,FALSE,NA,1.13,FALSE,"none",NA,NA,NA,NA,NA,NA,NA,NA,NA,FALSE,NA,NA
"1315",2,1942,"5NC",5,"NE",3,FALSE,"H",NA,FALSE,NA,1.13,FALSE,"none",NA,NA,NA,NA,NA,NA,NA,NA,NA,FALSE,NA,NA
"1316",2,1942,"5ND",5,"NE",3,FALSE,"H",NA,FALSE,NA,1.13,FALSE,"none",NA,NA,NA,NA,NA,NA,NA,NA,NA,FALSE,NA,NA
"1317",2,1942,"5SA",5,"SW",3,FALSE,"H",NA,FALSE,NA,3.51,TRUE,"MLrP",NA,NA,NA,NA,NA,NA,NA,NA,NA,FALSE,NA,NA
"1318",2,1942,"5SB",5,"SW",3,FALSE,"H",NA,FALSE,NA,3.51,TRUE,"MLrP",NA,NA,NA,NA,NA,NA,NA,NA,NA,FALSE,NA,NA
"1319",2,1942,"5SC",5,"SE",3,FALSE,"H",NA,FALSE,NA,3.2,TRUE,"MLbP",NA,NA,NA,NA,NA,NA,NA,NA,NA,FALSE,NA,NA
"1320",2,1942,"5SD",5,"SE",3,FALSE,"H",NA,FALSE,NA,3.2,TRUE,"MLbP",NA,NA,NA,NA,NA,NA,NA,NA,NA,FALSE,NA,NA
"1321",2,1943,"3NA",3,"NW",1,TRUE,"CC",NA,TRUE,16.4,NA,FALSE,"none",NA,NA,NA,NA,NA,NA,NA,NA,NA,FALSE,NA,NA
"1322",2,1943,"3NB",3,"NW",1,TRUE,"CC",NA,TRUE,16.4,NA,FALSE,"none",NA,NA,NA,NA,NA,NA,NA,NA,NA,FALSE,NA,NA
"1323",2,1943,"3NC",3,"NE",1,TRUE,"CC",NA,TRUE,16.4,NA,FALSE,"none",NA,NA,NA,NA,NA,NA,NA,NA,NA,FALSE,NA,NA
"1324",2,1943,"3ND",3,"NE",1,TRUE,"CC",NA,TRUE,16.4,NA,FALSE,"none",NA,NA,NA,NA,NA,NA,NA,NA,NA,FALSE,NA,NA
"1325",2,1943,"3SA",3,"SW",1,TRUE,"CC",NA,TRUE,55.9,NA,TRUE,"MLrP",NA,NA,NA,NA,NA,NA,NA,NA,NA,FALSE,NA,NA
"1326",2,1943,"3SB",3,"SW",1,TRUE,"CC",NA,TRUE,55.9,NA,TRUE,"MLrP",NA,NA,NA,NA,NA,NA,NA,NA,NA,FALSE,NA,NA
"1327",2,1943,"3SC",3,"SE",1,TRUE,"CC",NA,TRUE,63.9,NA,TRUE,"MLbP",NA,NA,NA,NA,NA,NA,NA,NA,NA,FALSE,NA,NA
"1328",2,1943,"3SD",3,"SE",1,TRUE,"CC",NA,TRUE,63.9,NA,TRUE,"MLbP",NA,NA,NA,NA,NA,NA,NA,NA,NA,FALSE,NA,NA
"1329",2,1943,"4NA",4,"NW",2,TRUE,"C",NA,TRUE,26.2,NA,FALSE,"none",NA,NA,NA,NA,NA,NA,NA,NA,NA,FALSE,NA,NA
"1330",2,1943,"4NB",4,"NW",2,TRUE,"C",NA,TRUE,26.2,NA,FALSE,"none",NA,NA,NA,NA,NA,NA,NA,NA,NA,FALSE,NA,NA
"1331",2,1943,"4NC",4,"NE",2,TRUE,"C",NA,TRUE,26.2,NA,FALSE,"none",NA,NA,NA,NA,NA,NA,NA,NA,NA,FALSE,NA,NA
"1332",2,1943,"4ND",4,"NE",2,TRUE,"C",NA,TRUE,26.2,NA,FALSE,"none",NA,NA,NA,NA,NA,NA,NA,NA,NA,FALSE,NA,NA
"1333",2,1943,"4SA",4,"SW",2,TRUE,"C",NA,TRUE,83.2,NA,TRUE,"MLrP",NA,NA,NA,NA,NA,NA,NA,NA,NA,FALSE,NA,NA
"1334",2,1943,"4SB",4,"SW",2,TRUE,"C",NA,TRUE,83.2,NA,TRUE,"MLrP",NA,NA,NA,NA,NA,NA,NA,NA,NA,FALSE,NA,NA
"1335",2,1943,"4SC",4,"SE",2,TRUE,"C",NA,TRUE,84.6,NA,TRUE,"MLbP",NA,NA,NA,NA,NA,NA,NA,NA,NA,FALSE,NA,NA
"1336",2,1943,"4SD",4,"SE",2,TRUE,"C",NA,TRUE,84.6,NA,TRUE,"MLbP",NA,NA,NA,NA,NA,NA,NA,NA,NA,FALSE,NA,NA
"1337",2,1943,"5NA",5,"NW",3,TRUE,"C",NA,TRUE,52.9,NA,FALSE,"none",NA,NA,NA,NA,NA,NA,NA,NA,NA,FALSE,NA,NA
"1338",2,1943,"5NB",5,"NW",3,TRUE,"C",NA,TRUE,52.9,NA,FALSE,"none",NA,NA,NA,NA,NA,NA,NA,NA,NA,FALSE,NA,NA
"1339",2,1943,"5NC",5,"NE",3,TRUE,"C",NA,TRUE,52.9,NA,FALSE,"none",NA,NA,NA,NA,NA,NA,NA,NA,NA,FALSE,NA,NA
"1340",2,1943,"5ND",5,"NE",3,TRUE,"C",NA,TRUE,52.9,NA,FALSE,"none",NA,NA,NA,NA,NA,NA,NA,NA,NA,FALSE,NA,NA
"1341",2,1943,"5SA",5,"SW",3,TRUE,"C",NA,TRUE,100.9,NA,TRUE,"MLrP",NA,NA,NA,NA,NA,NA,NA,NA,NA,FALSE,NA,NA
"1342",2,1943,"5SB",5,"SW",3,TRUE,"C",NA,TRUE,100.9,NA,TRUE,"MLrP",NA,NA,NA,NA,NA,NA,NA,NA,NA,FALSE,NA,NA
"1343",2,1943,"5SC",5,"SE",3,TRUE,"C",NA,TRUE,100,NA,TRUE,"MLbP",NA,NA,NA,NA,NA,NA,NA,NA,NA,FALSE,NA,NA
"1344",2,1943,"5SD",5,"SE",3,TRUE,"C",NA,TRUE,100,NA,TRUE,"MLbP",NA,NA,NA,NA,NA,NA,NA,NA,NA,FALSE,NA,NA
"1345",2,1944,"3NA",3,"NW",1,TRUE,"CC",NA,FALSE,18.8,NA,FALSE,"none",NA,NA,NA,NA,NA,NA,NA,NA,NA,TRUE,NA,NA
"1346",2,1944,"3NB",3,"NW",1,TRUE,"CC",NA,FALSE,18.8,NA,FALSE,"none",NA,NA,NA,NA,NA,NA,NA,NA,NA,TRUE,NA,NA
"1347",2,1944,"3NC",3,"NE",1,TRUE,"CC",NA,FALSE,18.8,NA,FALSE,"none",NA,NA,NA,NA,NA,NA,NA,NA,NA,TRUE,NA,NA
"1348",2,1944,"3ND",3,"NE",1,TRUE,"CC",NA,FALSE,18.8,NA,FALSE,"none",NA,NA,NA,NA,NA,NA,NA,NA,NA,TRUE,NA,NA
"1349",2,1944,"3SA",3,"SW",1,TRUE,"CC",NA,FALSE,59.7,NA,TRUE,"MLrP",NA,NA,NA,NA,NA,NA,NA,NA,NA,TRUE,NA,NA
"1350",2,1944,"3SB",3,"SW",1,TRUE,"CC",NA,FALSE,59.7,NA,TRUE,"MLrP",NA,NA,NA,NA,NA,NA,NA,NA,NA,TRUE,NA,NA
"1351",2,1944,"3SC",3,"SE",1,TRUE,"CC",NA,FALSE,64.7,NA,TRUE,"MLbP",NA,NA,NA,NA,NA,NA,NA,NA,NA,TRUE,NA,NA
"1352",2,1944,"3SD",3,"SE",1,TRUE,"CC",NA,FALSE,64.7,NA,TRUE,"MLbP",NA,NA,NA,NA,NA,NA,NA,NA,NA,TRUE,NA,NA
"1353",2,1944,"4NA",4,"NW",2,FALSE,"O",NA,FALSE,29.7,NA,FALSE,"none",NA,NA,NA,NA,NA,NA,NA,NA,NA,TRUE,NA,NA
"1354",2,1944,"4NB",4,"NW",2,FALSE,"O",NA,FALSE,29.7,NA,FALSE,"none",NA,NA,NA,NA,NA,NA,NA,NA,NA,TRUE,NA,NA
"1355",2,1944,"4NC",4,"NE",2,FALSE,"O",NA,FALSE,29.7,NA,FALSE,"none",NA,NA,NA,NA,NA,NA,NA,NA,NA,TRUE,NA,NA
"1356",2,1944,"4ND",4,"NE",2,FALSE,"O",NA,FALSE,29.7,NA,FALSE,"none",NA,NA,NA,NA,NA,NA,NA,NA,NA,TRUE,NA,NA
"1357",2,1944,"4SA",4,"SW",2,FALSE,"O",NA,FALSE,50.6,NA,TRUE,"MLrP",NA,NA,NA,NA,NA,NA,NA,NA,NA,TRUE,NA,NA
"1358",2,1944,"4SB",4,"SW",2,FALSE,"O",NA,FALSE,50.6,NA,TRUE,"MLrP",NA,NA,NA,NA,NA,NA,NA,NA,NA,TRUE,NA,NA
"1359",2,1944,"4SC",4,"SE",2,FALSE,"O",NA,FALSE,57.6,NA,TRUE,"MLbP",NA,NA,NA,NA,NA,NA,NA,NA,NA,TRUE,NA,NA
"1360",2,1944,"4SD",4,"SE",2,FALSE,"O",NA,FALSE,57.6,NA,TRUE,"MLbP",NA,NA,NA,NA,NA,NA,NA,NA,NA,TRUE,NA,NA
"1361",2,1944,"5NA",5,"NW",3,FALSE,"O",NA,FALSE,53.2,NA,FALSE,"none",NA,NA,NA,NA,NA,NA,NA,NA,NA,TRUE,NA,NA
"1362",2,1944,"5NB",5,"NW",3,FALSE,"O",NA,FALSE,53.2,NA,FALSE,"none",NA,NA,NA,NA,NA,NA,NA,NA,NA,TRUE,NA,NA
"1363",2,1944,"5NC",5,"NE",3,FALSE,"O",NA,FALSE,53.2,NA,FALSE,"none",NA,NA,NA,NA,NA,NA,NA,NA,NA,TRUE,NA,NA
"1364",2,1944,"5ND",5,"NE",3,FALSE,"O",NA,FALSE,53.2,NA,FALSE,"none",NA,NA,NA,NA,NA,NA,NA,NA,NA,TRUE,NA,NA
"1365",2,1944,"5SA",5,"SW",3,FALSE,"O",NA,FALSE,71.9,NA,TRUE,"MLrP",NA,NA,NA,NA,NA,NA,NA,NA,NA,TRUE,NA,NA
"1366",2,1944,"5SB",5,"SW",3,FALSE,"O",NA,FALSE,71.9,NA,TRUE,"MLrP",NA,NA,NA,NA,NA,NA,NA,NA,NA,TRUE,NA,NA
"1367",2,1944,"5SC",5,"SE",3,FALSE,"O",NA,FALSE,72.8,NA,TRUE,"MLbP",NA,NA,NA,NA,NA,NA,NA,NA,NA,TRUE,NA,NA
"1368",2,1944,"5SD",5,"SE",3,FALSE,"O",NA,FALSE,72.8,NA,TRUE,"MLbP",NA,NA,NA,NA,NA,NA,NA,NA,NA,TRUE,NA,NA
"1369",2,1945,"3NA",3,"NW",1,TRUE,"CC",NA,FALSE,30.4,NA,FALSE,"none",NA,NA,NA,NA,NA,NA,NA,NA,NA,FALSE,NA,NA
"1370",2,1945,"3NB",3,"NW",1,TRUE,"CC",NA,FALSE,30.4,NA,FALSE,"none",NA,NA,NA,NA,NA,NA,NA,NA,NA,FALSE,NA,NA
"1371",2,1945,"3NC",3,"NE",1,TRUE,"CC",NA,FALSE,30.4,NA,FALSE,"none",NA,NA,NA,NA,NA,NA,NA,NA,NA,FALSE,NA,NA
"1372",2,1945,"3ND",3,"NE",1,TRUE,"CC",NA,FALSE,30.4,NA,FALSE,"none",NA,NA,NA,NA,NA,NA,NA,NA,NA,FALSE,NA,NA
"1373",2,1945,"3SA",3,"SW",1,TRUE,"CC",NA,FALSE,74.8,NA,TRUE,"MLrP",NA,NA,NA,NA,NA,NA,NA,NA,NA,FALSE,NA,NA
"1374",2,1945,"3SB",3,"SW",1,TRUE,"CC",NA,FALSE,74.8,NA,TRUE,"MLrP",NA,NA,NA,NA,NA,NA,NA,NA,NA,FALSE,NA,NA
"1375",2,1945,"3SC",3,"SE",1,TRUE,"CC",NA,FALSE,66.7,NA,TRUE,"MLbP",NA,NA,NA,NA,NA,NA,NA,NA,NA,FALSE,NA,NA
"1376",2,1945,"3SD",3,"SE",1,TRUE,"CC",NA,FALSE,66.7,NA,TRUE,"MLbP",NA,NA,NA,NA,NA,NA,NA,NA,NA,FALSE,NA,NA
"1377",2,1945,"4NA",4,"NW",2,TRUE,"C",NA,FALSE,45.8,NA,FALSE,"none",NA,NA,NA,NA,NA,NA,NA,NA,NA,FALSE,NA,NA
"1378",2,1945,"4NB",4,"NW",2,TRUE,"C",NA,FALSE,45.8,NA,FALSE,"none",NA,NA,NA,NA,NA,NA,NA,NA,NA,FALSE,NA,NA
"1379",2,1945,"4NC",4,"NE",2,TRUE,"C",NA,FALSE,45.8,NA,FALSE,"none",NA,NA,NA,NA,NA,NA,NA,NA,NA,FALSE,NA,NA
"1380",2,1945,"4ND",4,"NE",2,TRUE,"C",NA,FALSE,45.8,NA,FALSE,"none",NA,NA,NA,NA,NA,NA,NA,NA,NA,FALSE,NA,NA
"1381",2,1945,"4SA",4,"SW",2,TRUE,"C",NA,FALSE,108.8,NA,TRUE,"MLrP",NA,NA,NA,NA,NA,NA,NA,NA,NA,FALSE,NA,NA
"1382",2,1945,"4SB",4,"SW",2,TRUE,"C",NA,FALSE,108.8,NA,TRUE,"MLrP",NA,NA,NA,NA,NA,NA,NA,NA,NA,FALSE,NA,NA
"1383",2,1945,"4SC",4,"SE",2,TRUE,"C",NA,FALSE,106.7,NA,TRUE,"MLbP",NA,NA,NA,NA,NA,NA,NA,NA,NA,FALSE,NA,NA
"1384",2,1945,"4SD",4,"SE",2,TRUE,"C",NA,FALSE,106.7,NA,TRUE,"MLbP",NA,NA,NA,NA,NA,NA,NA,NA,NA,FALSE,NA,NA
"1385",2,1945,"5NA",5,"NW",3,FALSE,"H",NA,FALSE,NA,1.24,FALSE,"none",NA,NA,NA,NA,NA,NA,NA,NA,NA,FALSE,NA,NA
"1386",2,1945,"5NB",5,"NW",3,FALSE,"H",NA,FALSE,NA,1.24,FALSE,"none",NA,NA,NA,NA,NA,NA,NA,NA,NA,FALSE,NA,NA
"1387",2,1945,"5NC",5,"NE",3,FALSE,"H",NA,FALSE,NA,1.24,FALSE,"none",NA,NA,NA,NA,NA,NA,NA,NA,NA,FALSE,NA,NA
"1388",2,1945,"5ND",5,"NE",3,FALSE,"H",NA,FALSE,NA,1.24,FALSE,"none",NA,NA,NA,NA,NA,NA,NA,NA,NA,FALSE,NA,NA
"1389",2,1945,"5SA",5,"SW",3,FALSE,"H",NA,FALSE,NA,3.47,TRUE,"MLrP",NA,NA,NA,NA,NA,NA,NA,NA,NA,FALSE,NA,NA
"1390",2,1945,"5SB",5,"SW",3,FALSE,"H",NA,FALSE,NA,3.47,TRUE,"MLrP",NA,NA,NA,NA,NA,NA,NA,NA,NA,FALSE,NA,NA
"1391",2,1945,"5SC",5,"SE",3,FALSE,"H",NA,FALSE,NA,3.73,TRUE,"MLbP",NA,NA,NA,NA,NA,NA,NA,NA,NA,FALSE,NA,NA
"1392",2,1945,"5SD",5,"SE",3,FALSE,"H",NA,FALSE,NA,3.73,TRUE,"MLbP",NA,NA,NA,NA,NA,NA,NA,NA,NA,FALSE,NA,NA
"1393",2,1946,"3NA",3,"NW",1,TRUE,"CC",NA,FALSE,23.1,NA,FALSE,"none",NA,NA,NA,NA,NA,NA,NA,NA,NA,FALSE,NA,NA
"1394",2,1946,"3NB",3,"NW",1,TRUE,"CC",NA,FALSE,23.1,NA,FALSE,"none",NA,NA,NA,NA,NA,NA,NA,NA,NA,FALSE,NA,NA
"1395",2,1946,"3NC",3,"NE",1,TRUE,"CC",NA,FALSE,23.1,NA,FALSE,"none",NA,NA,NA,NA,NA,NA,NA,NA,NA,FALSE,NA,NA
"1396",2,1946,"3ND",3,"NE",1,TRUE,"CC",NA,FALSE,23.1,NA,FALSE,"none",NA,NA,NA,NA,NA,NA,NA,NA,NA,FALSE,NA,NA
"1397",2,1946,"3SA",3,"SW",1,TRUE,"CC",NA,FALSE,81.6,NA,TRUE,"MLrP",NA,NA,NA,NA,NA,NA,NA,NA,NA,FALSE,NA,NA
"1398",2,1946,"3SB",3,"SW",1,TRUE,"CC",NA,FALSE,81.6,NA,TRUE,"MLrP",NA,NA,NA,NA,NA,NA,NA,NA,NA,FALSE,NA,NA
"1399",2,1946,"3SC",3,"SE",1,TRUE,"CC",NA,FALSE,87.7,NA,TRUE,"MLbP",NA,NA,NA,NA,NA,NA,NA,NA,NA,FALSE,NA,NA
"1400",2,1946,"3SD",3,"SE",1,TRUE,"CC",NA,FALSE,87.7,NA,TRUE,"MLbP",NA,NA,NA,NA,NA,NA,NA,NA,NA,FALSE,NA,NA
"1401",2,1946,"4NA",4,"NW",2,FALSE,"O",NA,FALSE,32.1,NA,FALSE,"none",NA,NA,NA,NA,NA,NA,NA,NA,NA,FALSE,NA,NA
"1402",2,1946,"4NB",4,"NW",2,FALSE,"O",NA,FALSE,32.1,NA,FALSE,"none",NA,NA,NA,NA,NA,NA,NA,NA,NA,FALSE,NA,NA
"1403",2,1946,"4NC",4,"NE",2,FALSE,"O",NA,FALSE,32.1,NA,FALSE,"none",NA,NA,NA,NA,NA,NA,NA,NA,NA,FALSE,NA,NA
"1404",2,1946,"4ND",4,"NE",2,FALSE,"O",NA,FALSE,32.1,NA,FALSE,"none",NA,NA,NA,NA,NA,NA,NA,NA,NA,FALSE,NA,NA
"1405",2,1946,"4SA",4,"SW",2,FALSE,"O",NA,FALSE,77,NA,TRUE,"MLrP",NA,NA,NA,NA,NA,NA,NA,NA,NA,TRUE,NA,NA
"1406",2,1946,"4SB",4,"SW",2,FALSE,"O",NA,FALSE,77,NA,TRUE,"MLrP",NA,NA,NA,NA,NA,NA,NA,NA,NA,TRUE,NA,NA
"1407",2,1946,"4SC",4,"SE",2,FALSE,"O",NA,FALSE,83.1,NA,TRUE,"MLbP",NA,NA,NA,NA,NA,NA,NA,NA,NA,TRUE,NA,NA
"1408",2,1946,"4SD",4,"SE",2,FALSE,"O",NA,FALSE,83.1,NA,TRUE,"MLbP",NA,NA,NA,NA,NA,NA,NA,NA,NA,TRUE,NA,NA
"1409",2,1946,"5NA",5,"NW",3,TRUE,"C",NA,FALSE,75.8,NA,FALSE,"none",NA,NA,NA,NA,NA,NA,NA,NA,NA,FALSE,NA,NA
"1410",2,1946,"5NB",5,"NW",3,TRUE,"C",NA,FALSE,75.8,NA,FALSE,"none",NA,NA,NA,NA,NA,NA,NA,NA,NA,FALSE,NA,NA
"1411",2,1946,"5NC",5,"NE",3,TRUE,"C",NA,FALSE,75.8,NA,FALSE,"none",NA,NA,NA,NA,NA,NA,NA,NA,NA,FALSE,NA,NA
"1412",2,1946,"5ND",5,"NE",3,TRUE,"C",NA,FALSE,75.8,NA,FALSE,"none",NA,NA,NA,NA,NA,NA,NA,NA,NA,FALSE,NA,NA
"1413",2,1946,"5SA",5,"SW",3,TRUE,"C",NA,FALSE,119.3,NA,TRUE,"MLrP",NA,NA,NA,NA,NA,NA,NA,NA,NA,FALSE,NA,NA
"1414",2,1946,"5SB",5,"SW",3,TRUE,"C",NA,FALSE,119.3,NA,TRUE,"MLrP",NA,NA,NA,NA,NA,NA,NA,NA,NA,FALSE,NA,NA
"1415",2,1946,"5SC",5,"SE",3,TRUE,"C",NA,FALSE,123.3,NA,TRUE,"MLbP",NA,NA,NA,NA,NA,NA,NA,NA,NA,FALSE,NA,NA
"1416",2,1946,"5SD",5,"SE",3,TRUE,"C",NA,FALSE,123.3,NA,TRUE,"MLbP",NA,NA,NA,NA,NA,NA,NA,NA,NA,FALSE,NA,NA
"1417",2,1947,"3NA",3,"NW",1,TRUE,"CC",NA,FALSE,12.6,NA,FALSE,"none",NA,NA,NA,NA,NA,NA,NA,NA,NA,FALSE,NA,NA
"1418",2,1947,"3NB",3,"NW",1,TRUE,"CC",NA,FALSE,12.6,NA,FALSE,"none",NA,NA,NA,NA,NA,NA,NA,NA,NA,FALSE,NA,NA
"1419",2,1947,"3NC",3,"NE",1,TRUE,"CC",NA,FALSE,12.6,NA,FALSE,"none",NA,NA,NA,NA,NA,NA,NA,NA,NA,FALSE,NA,NA
"1420",2,1947,"3ND",3,"NE",1,TRUE,"CC",NA,FALSE,12.6,NA,FALSE,"none",NA,NA,NA,NA,NA,NA,NA,NA,NA,FALSE,NA,NA
"1421",2,1947,"3SA",3,"SW",1,TRUE,"CC",NA,FALSE,35.9,NA,TRUE,"MLrP",NA,NA,NA,NA,NA,NA,NA,NA,NA,FALSE,NA,NA
"1422",2,1947,"3SB",3,"SW",1,TRUE,"CC",NA,FALSE,35.9,NA,TRUE,"MLrP",NA,NA,NA,NA,NA,NA,NA,NA,NA,FALSE,NA,NA
"1423",2,1947,"3SC",3,"SE",1,TRUE,"CC",NA,FALSE,39.9,NA,TRUE,"MLbP",NA,NA,NA,NA,NA,NA,NA,NA,NA,FALSE,NA,NA
"1424",2,1947,"3SD",3,"SE",1,TRUE,"CC",NA,FALSE,39.9,NA,TRUE,"MLbP",NA,NA,NA,NA,NA,NA,NA,NA,NA,FALSE,NA,NA
"1425",2,1947,"4NA",4,"NW",2,TRUE,"C",NA,FALSE,22.8,NA,FALSE,"none",NA,NA,NA,NA,NA,NA,NA,NA,NA,FALSE,NA,NA
"1426",2,1947,"4NB",4,"NW",2,TRUE,"C",NA,FALSE,22.8,NA,FALSE,"none",NA,NA,NA,NA,NA,NA,NA,NA,NA,FALSE,NA,NA
"1427",2,1947,"4NC",4,"NE",2,TRUE,"C",NA,FALSE,22.8,NA,FALSE,"none",NA,NA,NA,NA,NA,NA,NA,NA,NA,FALSE,NA,NA
"1428",2,1947,"4ND",4,"NE",2,TRUE,"C",NA,FALSE,22.8,NA,FALSE,"none",NA,NA,NA,NA,NA,NA,NA,NA,NA,FALSE,NA,NA
"1429",2,1947,"4SA",4,"SW",2,TRUE,"C",NA,FALSE,75.8,NA,TRUE,"MLrP",NA,NA,NA,NA,NA,NA,NA,NA,NA,FALSE,NA,NA
"1430",2,1947,"4SB",4,"SW",2,TRUE,"C",NA,FALSE,75.8,NA,TRUE,"MLrP",NA,NA,NA,NA,NA,NA,NA,NA,NA,FALSE,NA,NA
"1431",2,1947,"4SC",4,"SE",2,TRUE,"C",NA,FALSE,75.9,NA,TRUE,"MLbP",NA,NA,NA,NA,NA,NA,NA,NA,NA,FALSE,NA,NA
"1432",2,1947,"4SD",4,"SE",2,TRUE,"C",NA,FALSE,75.9,NA,TRUE,"MLbP",NA,NA,NA,NA,NA,NA,NA,NA,NA,FALSE,NA,NA
"1433",2,1947,"5NA",5,"NW",3,FALSE,"O",NA,FALSE,40.8,NA,FALSE,"none",NA,NA,NA,NA,NA,NA,NA,NA,NA,FALSE,NA,NA
"1434",2,1947,"5NB",5,"NW",3,FALSE,"O",NA,FALSE,40.8,NA,FALSE,"none",NA,NA,NA,NA,NA,NA,NA,NA,NA,FALSE,NA,NA
"1435",2,1947,"5NC",5,"NE",3,FALSE,"O",NA,FALSE,40.8,NA,FALSE,"none",NA,NA,NA,NA,NA,NA,NA,NA,NA,FALSE,NA,NA
"1436",2,1947,"5ND",5,"NE",3,FALSE,"O",NA,FALSE,40.8,NA,FALSE,"none",NA,NA,NA,NA,NA,NA,NA,NA,NA,FALSE,NA,NA
"1437",2,1947,"5SA",5,"SW",3,FALSE,"O",NA,FALSE,59.4,NA,TRUE,"MLrP",NA,NA,NA,NA,NA,NA,NA,NA,NA,FALSE,NA,NA
"1438",2,1947,"5SB",5,"SW",3,FALSE,"O",NA,FALSE,59.4,NA,TRUE,"MLrP",NA,NA,NA,NA,NA,NA,NA,NA,NA,FALSE,NA,NA
"1439",2,1947,"5SC",5,"SE",3,FALSE,"O",NA,FALSE,67.4,NA,TRUE,"MLbP",NA,NA,NA,NA,NA,NA,NA,NA,NA,FALSE,NA,NA
"1440",2,1947,"5SD",5,"SE",3,FALSE,"O",NA,FALSE,67.4,NA,TRUE,"MLbP",NA,NA,NA,NA,NA,NA,NA,NA,NA,FALSE,NA,NA
"1441",2,1948,"3NA",3,"NW",1,TRUE,"CC",NA,FALSE,27.1,NA,FALSE,"none",NA,NA,NA,NA,NA,NA,NA,NA,NA,FALSE,NA,NA
"1442",2,1948,"3NB",3,"NW",1,TRUE,"CC",NA,FALSE,27.1,NA,FALSE,"none",NA,NA,NA,NA,NA,NA,NA,NA,NA,FALSE,NA,NA
"1443",2,1948,"3NC",3,"NE",1,TRUE,"CC",NA,FALSE,27.1,NA,FALSE,"none",NA,NA,NA,NA,NA,NA,NA,NA,NA,FALSE,NA,NA
"1444",2,1948,"3ND",3,"NE",1,TRUE,"CC",NA,FALSE,27.1,NA,FALSE,"none",NA,NA,NA,NA,NA,NA,NA,NA,NA,FALSE,NA,NA
"1445",2,1948,"3SA",3,"SW",1,TRUE,"CC",NA,FALSE,71.3,NA,TRUE,"MLrP",NA,NA,NA,NA,NA,NA,NA,NA,NA,FALSE,NA,NA
"1446",2,1948,"3SB",3,"SW",1,TRUE,"CC",NA,FALSE,71.3,NA,TRUE,"MLrP",NA,NA,NA,NA,NA,NA,NA,NA,NA,FALSE,NA,NA
"1447",2,1948,"3SC",3,"SE",1,TRUE,"CC",NA,FALSE,78.1,NA,TRUE,"MLbP",NA,NA,NA,NA,NA,NA,NA,NA,NA,FALSE,NA,NA
"1448",2,1948,"3SD",3,"SE",1,TRUE,"CC",NA,FALSE,78.1,NA,TRUE,"MLbP",NA,NA,NA,NA,NA,NA,NA,NA,NA,FALSE,NA,NA
"1449",2,1948,"4NA",4,"NW",2,FALSE,"O",NA,FALSE,36.8,NA,FALSE,"none",NA,NA,NA,NA,NA,NA,NA,NA,NA,FALSE,NA,NA
"1450",2,1948,"4NB",4,"NW",2,FALSE,"O",NA,FALSE,36.8,NA,FALSE,"none",NA,NA,NA,NA,NA,NA,NA,NA,NA,FALSE,NA,NA
"1451",2,1948,"4NC",4,"NE",2,FALSE,"O",NA,FALSE,36.8,NA,FALSE,"none",NA,NA,NA,NA,NA,NA,NA,NA,NA,FALSE,NA,NA
"1452",2,1948,"4ND",4,"NE",2,FALSE,"O",NA,FALSE,36.8,NA,FALSE,"none",NA,NA,NA,NA,NA,NA,NA,NA,NA,FALSE,NA,NA
"1453",2,1948,"4SA",4,"SW",2,FALSE,"O",NA,FALSE,85.6,NA,TRUE,"MLrP",NA,NA,NA,NA,NA,NA,NA,NA,NA,FALSE,NA,NA
"1454",2,1948,"4SB",4,"SW",2,FALSE,"O",NA,FALSE,85.6,NA,TRUE,"MLrP",NA,NA,NA,NA,NA,NA,NA,NA,NA,FALSE,NA,NA
"1455",2,1948,"4SC",4,"SE",2,FALSE,"O",NA,FALSE,88.4,NA,TRUE,"MLbP",NA,NA,NA,NA,NA,NA,NA,NA,NA,FALSE,NA,NA
"1456",2,1948,"4SD",4,"SE",2,FALSE,"O",NA,FALSE,88.4,NA,TRUE,"MLbP",NA,NA,NA,NA,NA,NA,NA,NA,NA,FALSE,NA,NA
"1457",2,1948,"5NA",5,"NW",3,FALSE,"H",NA,FALSE,NA,0.71,FALSE,"none",NA,NA,NA,NA,NA,NA,NA,NA,NA,FALSE,NA,NA
"1458",2,1948,"5NB",5,"NW",3,FALSE,"H",NA,FALSE,NA,0.71,FALSE,"none",NA,NA,NA,NA,NA,NA,NA,NA,NA,FALSE,NA,NA
"1459",2,1948,"5NC",5,"NE",3,FALSE,"H",NA,FALSE,NA,0.71,FALSE,"none",NA,NA,NA,NA,NA,NA,NA,NA,NA,FALSE,NA,NA
"1460",2,1948,"5ND",5,"NE",3,FALSE,"H",NA,FALSE,NA,0.71,FALSE,"none",NA,NA,NA,NA,NA,NA,NA,NA,NA,FALSE,NA,NA
"1461",2,1948,"5SA",5,"SW",3,FALSE,"H",NA,FALSE,NA,4.91,TRUE,"MLrP",NA,NA,NA,NA,NA,NA,NA,NA,NA,FALSE,NA,NA
"1462",2,1948,"5SB",5,"SW",3,FALSE,"H",NA,FALSE,NA,4.91,TRUE,"MLrP",NA,NA,NA,NA,NA,NA,NA,NA,NA,FALSE,NA,NA
"1463",2,1948,"5SC",5,"SE",3,FALSE,"H",NA,FALSE,NA,4.18,TRUE,"MLbP",NA,NA,NA,NA,NA,NA,NA,NA,NA,FALSE,NA,NA
"1464",2,1948,"5SD",5,"SE",3,FALSE,"H",NA,FALSE,NA,4.18,TRUE,"MLbP",NA,NA,NA,NA,NA,NA,NA,NA,NA,FALSE,NA,NA
"1465",2,1949,"3NA",3,"NW",1,TRUE,"CC",NA,TRUE,20,NA,FALSE,"none",NA,NA,NA,NA,NA,NA,NA,NA,NA,TRUE,NA,NA
"1466",2,1949,"3NB",3,"NW",1,TRUE,"CC",NA,TRUE,20,NA,FALSE,"none",NA,NA,NA,NA,NA,NA,NA,NA,NA,TRUE,NA,NA
"1467",2,1949,"3NC",3,"NE",1,TRUE,"CC",NA,TRUE,20,NA,FALSE,"none",NA,NA,NA,NA,NA,NA,NA,NA,NA,TRUE,NA,NA
"1468",2,1949,"3ND",3,"NE",1,TRUE,"CC",NA,TRUE,20,NA,FALSE,"none",NA,NA,NA,NA,NA,NA,NA,NA,NA,TRUE,NA,NA
"1469",2,1949,"3SA",3,"SW",1,TRUE,"CC",NA,TRUE,57.2,NA,TRUE,"MLrP",NA,NA,NA,NA,NA,NA,NA,NA,NA,TRUE,NA,NA
"1470",2,1949,"3SB",3,"SW",1,TRUE,"CC",NA,TRUE,57.2,NA,TRUE,"MLrP",NA,NA,NA,NA,NA,NA,NA,NA,NA,TRUE,NA,NA
"1471",2,1949,"3SC",3,"SE",1,TRUE,"CC",NA,TRUE,70.4,NA,TRUE,"MLbP",NA,NA,NA,NA,NA,NA,NA,NA,NA,TRUE,NA,NA
"1472",2,1949,"3SD",3,"SE",1,TRUE,"CC",NA,TRUE,70.4,NA,TRUE,"MLbP",NA,NA,NA,NA,NA,NA,NA,NA,NA,TRUE,NA,NA
"1473",2,1949,"4NA",4,"NW",2,TRUE,"C",NA,TRUE,32.1,NA,FALSE,"none",NA,NA,NA,NA,NA,NA,NA,NA,NA,TRUE,NA,NA
"1474",2,1949,"4NB",4,"NW",2,TRUE,"C",NA,TRUE,32.1,NA,FALSE,"none",NA,NA,NA,NA,NA,NA,NA,NA,NA,TRUE,NA,NA
"1475",2,1949,"4NC",4,"NE",2,TRUE,"C",NA,TRUE,32.1,NA,FALSE,"none",NA,NA,NA,NA,NA,NA,NA,NA,NA,TRUE,NA,NA
"1476",2,1949,"4ND",4,"NE",2,TRUE,"C",NA,TRUE,32.1,NA,FALSE,"none",NA,NA,NA,NA,NA,NA,NA,NA,NA,TRUE,NA,NA
"1477",2,1949,"4SA",4,"SW",2,TRUE,"C",NA,TRUE,104.3,NA,TRUE,"MLrP",NA,NA,NA,NA,NA,NA,NA,NA,NA,TRUE,NA,NA
"1478",2,1949,"4SB",4,"SW",2,TRUE,"C",NA,TRUE,104.3,NA,TRUE,"MLrP",NA,NA,NA,NA,NA,NA,NA,NA,NA,TRUE,NA,NA
"1479",2,1949,"4SC",4,"SE",2,TRUE,"C",NA,TRUE,110.6,NA,TRUE,"MLbP",NA,NA,NA,NA,NA,NA,NA,NA,NA,TRUE,NA,NA
"1480",2,1949,"4SD",4,"SE",2,TRUE,"C",NA,TRUE,110.6,NA,TRUE,"MLbP",NA,NA,NA,NA,NA,NA,NA,NA,NA,TRUE,NA,NA
"1481",2,1949,"5NA",5,"NW",3,TRUE,"C",NA,TRUE,72.7,NA,FALSE,"none",NA,NA,NA,NA,NA,NA,NA,NA,NA,TRUE,NA,NA
"1482",2,1949,"5NB",5,"NW",3,TRUE,"C",NA,TRUE,72.7,NA,FALSE,"none",NA,NA,NA,NA,NA,NA,NA,NA,NA,TRUE,NA,NA
"1483",2,1949,"5NC",5,"NE",3,TRUE,"C",NA,TRUE,72.7,NA,FALSE,"none",NA,NA,NA,NA,NA,NA,NA,NA,NA,TRUE,NA,NA
"1484",2,1949,"5ND",5,"NE",3,TRUE,"C",NA,TRUE,72.7,NA,FALSE,"none",NA,NA,NA,NA,NA,NA,NA,NA,NA,TRUE,NA,NA
"1485",2,1949,"5SA",5,"SW",3,TRUE,"C",NA,TRUE,104.2,NA,TRUE,"MLrP",NA,NA,NA,NA,NA,NA,NA,NA,NA,TRUE,NA,NA
"1486",2,1949,"5SB",5,"SW",3,TRUE,"C",NA,TRUE,104.2,NA,TRUE,"MLrP",NA,NA,NA,NA,NA,NA,NA,NA,NA,TRUE,NA,NA
"1487",2,1949,"5SC",5,"SE",3,TRUE,"C",NA,TRUE,103.6,NA,TRUE,"MLbP",NA,NA,NA,NA,NA,NA,NA,NA,NA,FALSE,NA,NA
"1488",2,1949,"5SD",5,"SE",3,TRUE,"C",NA,TRUE,103.6,NA,TRUE,"MLbP",NA,NA,NA,NA,NA,NA,NA,NA,NA,FALSE,NA,NA
"1489",2,1950,"3NA",3,"NW",1,TRUE,"CC",NA,FALSE,19.1,NA,FALSE,"none",NA,NA,NA,NA,NA,NA,NA,NA,NA,FALSE,NA,NA
"1490",2,1950,"3NB",3,"NW",1,TRUE,"CC",NA,FALSE,19.1,NA,FALSE,"none",NA,NA,NA,NA,NA,NA,NA,NA,NA,FALSE,NA,NA
"1491",2,1950,"3NC",3,"NE",1,TRUE,"CC",NA,FALSE,19.1,NA,FALSE,"none",NA,NA,NA,NA,NA,NA,NA,NA,NA,FALSE,NA,NA
"1492",2,1950,"3ND",3,"NE",1,TRUE,"CC",NA,FALSE,19.1,NA,FALSE,"none",NA,NA,NA,NA,NA,NA,NA,NA,NA,FALSE,NA,NA
"1493",2,1950,"3SA",3,"SW",1,TRUE,"CC",NA,FALSE,47.8,NA,TRUE,"MLrP",NA,NA,NA,NA,NA,NA,NA,NA,NA,FALSE,NA,NA
"1494",2,1950,"3SB",3,"SW",1,TRUE,"CC",NA,FALSE,47.8,NA,TRUE,"MLrP",NA,NA,NA,NA,NA,NA,NA,NA,NA,FALSE,NA,NA
"1495",2,1950,"3SC",3,"SE",1,TRUE,"CC",NA,FALSE,53.7,NA,TRUE,"MLbP",NA,NA,NA,NA,NA,NA,NA,NA,NA,FALSE,NA,NA
"1496",2,1950,"3SD",3,"SE",1,TRUE,"CC",NA,FALSE,53.7,NA,TRUE,"MLbP",NA,NA,NA,NA,NA,NA,NA,NA,NA,FALSE,NA,NA
"1497",2,1950,"4NA",4,"NW",2,FALSE,"O",NA,FALSE,26.3,NA,FALSE,"none",NA,NA,NA,NA,NA,NA,NA,NA,NA,FALSE,NA,NA
"1498",2,1950,"4NB",4,"NW",2,FALSE,"O",NA,FALSE,26.3,NA,FALSE,"none",NA,NA,NA,NA,NA,NA,NA,NA,NA,FALSE,NA,NA
"1499",2,1950,"4NC",4,"NE",2,FALSE,"O",NA,FALSE,26.3,NA,FALSE,"none",NA,NA,NA,NA,NA,NA,NA,NA,NA,FALSE,NA,NA
"1500",2,1950,"4ND",4,"NE",2,FALSE,"O",NA,FALSE,26.3,NA,FALSE,"none",NA,NA,NA,NA,NA,NA,NA,NA,NA,FALSE,NA,NA
"1501",2,1950,"4SA",4,"SW",2,FALSE,"O",NA,FALSE,44,NA,TRUE,"MLrP",NA,NA,NA,NA,NA,NA,NA,NA,NA,FALSE,NA,NA
"1502",2,1950,"4SB",4,"SW",2,FALSE,"O",NA,FALSE,44,NA,TRUE,"MLrP",NA,NA,NA,NA,NA,NA,NA,NA,NA,FALSE,NA,NA
"1503",2,1950,"4SC",4,"SE",2,FALSE,"O",NA,FALSE,48.4,NA,TRUE,"MLbP",NA,NA,NA,NA,NA,NA,NA,NA,NA,FALSE,NA,NA
"1504",2,1950,"4SD",4,"SE",2,FALSE,"O",NA,FALSE,48.4,NA,TRUE,"MLbP",NA,NA,NA,NA,NA,NA,NA,NA,NA,FALSE,NA,NA
"1505",2,1950,"5NA",5,"NW",3,FALSE,"O",NA,FALSE,36.8,NA,FALSE,"none",NA,NA,NA,NA,NA,NA,NA,NA,NA,FALSE,NA,NA
"1506",2,1950,"5NB",5,"NW",3,FALSE,"O",NA,FALSE,36.8,NA,FALSE,"none",NA,NA,NA,NA,NA,NA,NA,NA,NA,FALSE,NA,NA
"1507",2,1950,"5NC",5,"NE",3,FALSE,"O",NA,FALSE,36.8,NA,FALSE,"none",NA,NA,NA,NA,NA,NA,NA,NA,NA,FALSE,NA,NA
"1508",2,1950,"5ND",5,"NE",3,FALSE,"O",NA,FALSE,36.8,NA,FALSE,"none",NA,NA,NA,NA,NA,NA,NA,NA,NA,FALSE,NA,NA
"1509",2,1950,"5SA",5,"SW",3,FALSE,"O",NA,FALSE,47.7,NA,TRUE,"MLrP",NA,NA,NA,NA,NA,NA,NA,NA,NA,FALSE,NA,NA
"1510",2,1950,"5SB",5,"SW",3,FALSE,"O",NA,FALSE,47.7,NA,TRUE,"MLrP",NA,NA,NA,NA,NA,NA,NA,NA,NA,FALSE,NA,NA
"1511",2,1950,"5SC",5,"SE",3,FALSE,"O",NA,FALSE,50.6,NA,TRUE,"MLbP",NA,NA,NA,NA,NA,NA,NA,NA,NA,FALSE,NA,NA
"1512",2,1950,"5SD",5,"SE",3,FALSE,"O",NA,FALSE,50.6,NA,TRUE,"MLbP",NA,NA,NA,NA,NA,NA,NA,NA,NA,FALSE,NA,NA
"1513",2,1951,"3NA",3,"NW",1,TRUE,"CC",NA,FALSE,12.6,NA,FALSE,"none",NA,NA,NA,NA,NA,NA,NA,NA,NA,FALSE,NA,NA
"1514",2,1951,"3NB",3,"NW",1,TRUE,"CC",NA,FALSE,12.6,NA,FALSE,"none",NA,NA,NA,NA,NA,NA,NA,NA,NA,FALSE,NA,NA
"1515",2,1951,"3NC",3,"NE",1,TRUE,"CC",NA,FALSE,12.6,NA,FALSE,"none",NA,NA,NA,NA,NA,NA,NA,NA,NA,FALSE,NA,NA
"1516",2,1951,"3ND",3,"NE",1,TRUE,"CC",NA,FALSE,12.6,NA,FALSE,"none",NA,NA,NA,NA,NA,NA,NA,NA,NA,FALSE,NA,NA
"1517",2,1951,"3SA",3,"SW",1,TRUE,"CC",NA,FALSE,61.2,NA,TRUE,"MLrP",NA,NA,NA,NA,NA,NA,NA,NA,NA,FALSE,NA,NA
"1518",2,1951,"3SB",3,"SW",1,TRUE,"CC",NA,FALSE,61.2,NA,TRUE,"MLrP",NA,NA,NA,NA,NA,NA,NA,NA,NA,FALSE,NA,NA
"1519",2,1951,"3SC",3,"SE",1,TRUE,"CC",NA,FALSE,69.4,NA,TRUE,"MLbP",NA,NA,NA,NA,NA,NA,NA,NA,NA,FALSE,NA,NA
"1520",2,1951,"3SD",3,"SE",1,TRUE,"CC",NA,FALSE,69.4,NA,TRUE,"MLbP",NA,NA,NA,NA,NA,NA,NA,NA,NA,FALSE,NA,NA
"1521",2,1951,"4NA",4,"NW",2,TRUE,"C",NA,FALSE,31.9,NA,FALSE,"none",NA,NA,NA,NA,NA,NA,NA,NA,NA,FALSE,NA,NA
"1522",2,1951,"4NB",4,"NW",2,TRUE,"C",NA,FALSE,31.9,NA,FALSE,"none",NA,NA,NA,NA,NA,NA,NA,NA,NA,FALSE,NA,NA
"1523",2,1951,"4NC",4,"NE",2,TRUE,"C",NA,FALSE,31.9,NA,FALSE,"none",NA,NA,NA,NA,NA,NA,NA,NA,NA,FALSE,NA,NA
"1524",2,1951,"4ND",4,"NE",2,TRUE,"C",NA,FALSE,31.9,NA,FALSE,"none",NA,NA,NA,NA,NA,NA,NA,NA,NA,FALSE,NA,NA
"1525",2,1951,"4SA",4,"SW",2,TRUE,"C",NA,FALSE,120,NA,TRUE,"MLrP",NA,NA,NA,NA,NA,NA,NA,NA,NA,FALSE,NA,NA
"1526",2,1951,"4SB",4,"SW",2,TRUE,"C",NA,FALSE,120,NA,TRUE,"MLrP",NA,NA,NA,NA,NA,NA,NA,NA,NA,FALSE,NA,NA
"1527",2,1951,"4SC",4,"SE",2,TRUE,"C",NA,FALSE,119.8,NA,TRUE,"MLbP",NA,NA,NA,NA,NA,NA,NA,NA,NA,FALSE,NA,NA
"1528",2,1951,"4SD",4,"SE",2,TRUE,"C",NA,FALSE,119.8,NA,TRUE,"MLbP",NA,NA,NA,NA,NA,NA,NA,NA,NA,FALSE,NA,NA
"1529",2,1951,"5NA",5,"NW",3,FALSE,"H",NA,FALSE,NA,0.4,FALSE,"none",NA,NA,NA,NA,NA,NA,NA,NA,NA,FALSE,NA,NA
"1530",2,1951,"5NB",5,"NW",3,FALSE,"H",NA,FALSE,NA,0.4,FALSE,"none",NA,NA,NA,NA,NA,NA,NA,NA,NA,FALSE,NA,NA
"1531",2,1951,"5NC",5,"NE",3,FALSE,"H",NA,FALSE,NA,0.4,FALSE,"none",NA,NA,NA,NA,NA,NA,NA,NA,NA,FALSE,NA,NA
"1532",2,1951,"5ND",5,"NE",3,FALSE,"H",NA,FALSE,NA,0.4,FALSE,"none",NA,NA,NA,NA,NA,NA,NA,NA,NA,FALSE,NA,NA
"1533",2,1951,"5SA",5,"SW",3,FALSE,"H",NA,FALSE,NA,2.86,TRUE,"MLrP",NA,NA,NA,NA,NA,NA,NA,NA,NA,FALSE,NA,NA
"1534",2,1951,"5SB",5,"SW",3,FALSE,"H",NA,FALSE,NA,2.86,TRUE,"MLrP",NA,NA,NA,NA,NA,NA,NA,NA,NA,FALSE,NA,NA
"1535",2,1951,"5SC",5,"SE",3,FALSE,"H",NA,FALSE,NA,2.56,TRUE,"MLbP",NA,NA,NA,NA,NA,NA,NA,NA,NA,FALSE,NA,NA
"1536",2,1951,"5SD",5,"SE",3,FALSE,"H",NA,FALSE,NA,2.56,TRUE,"MLbP",NA,NA,NA,NA,NA,NA,NA,NA,NA,FALSE,NA,NA
"1537",2,1952,"3NA",3,"NW",1,TRUE,"CC",NA,FALSE,18.7,NA,FALSE,"none",NA,NA,NA,NA,NA,NA,NA,NA,NA,FALSE,NA,NA
"1538",2,1952,"3NB",3,"NW",1,TRUE,"CC",NA,FALSE,18.7,NA,FALSE,"none",NA,NA,NA,NA,NA,NA,NA,NA,NA,FALSE,NA,NA
"1539",2,1952,"3NC",3,"NE",1,TRUE,"CC",NA,FALSE,18.7,NA,FALSE,"none",NA,NA,NA,NA,NA,NA,NA,NA,NA,FALSE,NA,NA
"1540",2,1952,"3ND",3,"NE",1,TRUE,"CC",NA,FALSE,18.7,NA,FALSE,"none",NA,NA,NA,NA,NA,NA,NA,NA,NA,FALSE,NA,NA
"1541",2,1952,"3SA",3,"SW",1,TRUE,"CC",NA,FALSE,47.9,NA,TRUE,"MLrP",NA,NA,NA,NA,NA,NA,NA,NA,NA,FALSE,NA,NA
"1542",2,1952,"3SB",3,"SW",1,TRUE,"CC",NA,FALSE,47.9,NA,TRUE,"MLrP",NA,NA,NA,NA,NA,NA,NA,NA,NA,FALSE,NA,NA
"1543",2,1952,"3SC",3,"SE",1,TRUE,"CC",NA,FALSE,57.1,NA,TRUE,"MLbP",NA,NA,NA,NA,NA,NA,NA,NA,NA,FALSE,NA,NA
"1544",2,1952,"3SD",3,"SE",1,TRUE,"CC",NA,FALSE,57.1,NA,TRUE,"MLbP",NA,NA,NA,NA,NA,NA,NA,NA,NA,FALSE,NA,NA
"1545",2,1952,"4NA",4,"NW",2,FALSE,"O",NA,FALSE,19.9,NA,FALSE,"none",NA,NA,NA,NA,NA,NA,NA,NA,NA,FALSE,NA,NA
"1546",2,1952,"4NB",4,"NW",2,FALSE,"O",NA,FALSE,19.9,NA,FALSE,"none",NA,NA,NA,NA,NA,NA,NA,NA,NA,FALSE,NA,NA
"1547",2,1952,"4NC",4,"NE",2,FALSE,"O",NA,FALSE,19.9,NA,FALSE,"none",NA,NA,NA,NA,NA,NA,NA,NA,NA,FALSE,NA,NA
"1548",2,1952,"4ND",4,"NE",2,FALSE,"O",NA,FALSE,19.9,NA,FALSE,"none",NA,NA,NA,NA,NA,NA,NA,NA,NA,FALSE,NA,NA
"1549",2,1952,"4SA",4,"SW",2,FALSE,"O",NA,FALSE,49.6,NA,TRUE,"MLrP",NA,NA,NA,NA,NA,NA,NA,NA,NA,FALSE,NA,NA
"1550",2,1952,"4SB",4,"SW",2,FALSE,"O",NA,FALSE,49.6,NA,TRUE,"MLrP",NA,NA,NA,NA,NA,NA,NA,NA,NA,FALSE,NA,NA
"1551",2,1952,"4SC",4,"SE",2,FALSE,"O",NA,FALSE,51.6,NA,TRUE,"MLbP",NA,NA,NA,NA,NA,NA,NA,NA,NA,FALSE,NA,NA
"1552",2,1952,"4SD",4,"SE",2,FALSE,"O",NA,FALSE,51.6,NA,TRUE,"MLbP",NA,NA,NA,NA,NA,NA,NA,NA,NA,FALSE,NA,NA
"1553",2,1952,"5NA",5,"NW",3,TRUE,"C",NA,FALSE,61.5,NA,FALSE,"none",NA,NA,NA,NA,NA,NA,NA,NA,NA,FALSE,NA,NA
"1554",2,1952,"5NB",5,"NW",3,TRUE,"C",NA,FALSE,61.5,NA,FALSE,"none",NA,NA,NA,NA,NA,NA,NA,NA,NA,FALSE,NA,NA
"1555",2,1952,"5NC",5,"NE",3,TRUE,"C",NA,FALSE,61.5,NA,FALSE,"none",NA,NA,NA,NA,NA,NA,NA,NA,NA,FALSE,NA,NA
"1556",2,1952,"5ND",5,"NE",3,TRUE,"C",NA,FALSE,61.5,NA,FALSE,"none",NA,NA,NA,NA,NA,NA,NA,NA,NA,FALSE,NA,NA
"1557",2,1952,"5SA",5,"SW",3,TRUE,"C",NA,FALSE,106.7,NA,TRUE,"MLrP",NA,NA,NA,NA,NA,NA,NA,NA,NA,FALSE,NA,NA
"1558",2,1952,"5SB",5,"SW",3,TRUE,"C",NA,FALSE,106.7,NA,TRUE,"MLrP",NA,NA,NA,NA,NA,NA,NA,NA,NA,FALSE,NA,NA
"1559",2,1952,"5SC",5,"SE",3,TRUE,"C",NA,FALSE,111.2,NA,TRUE,"MLbP",NA,NA,NA,NA,NA,NA,NA,NA,NA,FALSE,NA,NA
"1560",2,1952,"5SD",5,"SE",3,TRUE,"C",NA,FALSE,111.2,NA,TRUE,"MLbP",NA,NA,NA,NA,NA,NA,NA,NA,NA,FALSE,NA,NA
"1561",2,1953,"3NA",3,"NW",1,TRUE,"CC",NA,FALSE,16.8,NA,FALSE,"none",NA,NA,NA,NA,NA,NA,NA,NA,NA,TRUE,NA,NA
"1562",2,1953,"3NB",3,"NW",1,TRUE,"CC",NA,FALSE,16.8,NA,FALSE,"none",NA,NA,NA,NA,NA,NA,NA,NA,NA,TRUE,NA,NA
"1563",2,1953,"3NC",3,"NE",1,TRUE,"CC",NA,FALSE,16.8,NA,FALSE,"none",NA,NA,NA,NA,NA,NA,NA,NA,NA,TRUE,NA,NA
"1564",2,1953,"3ND",3,"NE",1,TRUE,"CC",NA,FALSE,16.8,NA,FALSE,"none",NA,NA,NA,NA,NA,NA,NA,NA,NA,TRUE,NA,NA
"1565",2,1953,"3SA",3,"SW",1,TRUE,"CC",NA,FALSE,51,NA,TRUE,"MLrP",NA,NA,NA,NA,NA,NA,NA,NA,NA,TRUE,NA,NA
"1566",2,1953,"3SB",3,"SW",1,TRUE,"CC",NA,FALSE,51,NA,TRUE,"MLrP",NA,NA,NA,NA,NA,NA,NA,NA,NA,TRUE,NA,NA
"1567",2,1953,"3SC",3,"SE",1,TRUE,"CC",NA,FALSE,55.4,NA,TRUE,"MLbP",NA,NA,NA,NA,NA,NA,NA,NA,NA,TRUE,NA,NA
"1568",2,1953,"3SD",3,"SE",1,TRUE,"CC",NA,FALSE,55.4,NA,TRUE,"MLbP",NA,NA,NA,NA,NA,NA,NA,NA,NA,TRUE,NA,NA
"1569",2,1953,"4NA",4,"NW",2,TRUE,"C",NA,FALSE,39.1,NA,FALSE,"none",NA,NA,NA,NA,NA,NA,NA,NA,NA,TRUE,NA,NA
"1570",2,1953,"4NB",4,"NW",2,TRUE,"C",NA,FALSE,39.1,NA,FALSE,"none",NA,NA,NA,NA,NA,NA,NA,NA,NA,TRUE,NA,NA
"1571",2,1953,"4NC",4,"NE",2,TRUE,"C",NA,FALSE,39.1,NA,FALSE,"none",NA,NA,NA,NA,NA,NA,NA,NA,NA,TRUE,NA,NA
"1572",2,1953,"4ND",4,"NE",2,TRUE,"C",NA,FALSE,39.1,NA,FALSE,"none",NA,NA,NA,NA,NA,NA,NA,NA,NA,TRUE,NA,NA
"1573",2,1953,"4SA",4,"SW",2,TRUE,"C",NA,FALSE,92.8,NA,TRUE,"MLrP",NA,NA,NA,NA,NA,NA,NA,NA,NA,TRUE,NA,NA
"1574",2,1953,"4SB",4,"SW",2,TRUE,"C",NA,FALSE,92.8,NA,TRUE,"MLrP",NA,NA,NA,NA,NA,NA,NA,NA,NA,TRUE,NA,NA
"1575",2,1953,"4SC",4,"SE",2,TRUE,"C",NA,FALSE,94.5,NA,TRUE,"MLbP",NA,NA,NA,NA,NA,NA,NA,NA,NA,FALSE,NA,NA
"1576",2,1953,"4SD",4,"SE",2,TRUE,"C",NA,FALSE,94.5,NA,TRUE,"MLbP",NA,NA,NA,NA,NA,NA,NA,NA,NA,FALSE,NA,NA
"1577",2,1953,"5NA",5,"NW",3,FALSE,"O",NA,FALSE,34.1,NA,FALSE,"none",NA,NA,NA,NA,NA,NA,NA,NA,NA,TRUE,NA,NA
"1578",2,1953,"5NB",5,"NW",3,FALSE,"O",NA,FALSE,34.1,NA,FALSE,"none",NA,NA,NA,NA,NA,NA,NA,NA,NA,TRUE,NA,NA
"1579",2,1953,"5NC",5,"NE",3,FALSE,"O",NA,FALSE,34.1,NA,FALSE,"none",NA,NA,NA,NA,NA,NA,NA,NA,NA,TRUE,NA,NA
"1580",2,1953,"5ND",5,"NE",3,FALSE,"O",NA,FALSE,34.1,NA,FALSE,"none",NA,NA,NA,NA,NA,NA,NA,NA,NA,TRUE,NA,NA
"1581",2,1953,"5SA",5,"SW",3,FALSE,"O",NA,FALSE,49.6,NA,TRUE,"MLrP",NA,NA,NA,NA,NA,NA,NA,NA,NA,TRUE,NA,NA
"1582",2,1953,"5SB",5,"SW",3,FALSE,"O",NA,FALSE,49.6,NA,TRUE,"MLrP",NA,NA,NA,NA,NA,NA,NA,NA,NA,TRUE,NA,NA
"1583",2,1953,"5SC",5,"SE",3,FALSE,"O",NA,FALSE,54.1,NA,TRUE,"MLbP",NA,NA,NA,NA,NA,NA,NA,NA,NA,TRUE,NA,NA
"1584",2,1953,"5SD",5,"SE",3,FALSE,"O",NA,FALSE,54.1,NA,TRUE,"MLbP",NA,NA,NA,NA,NA,NA,NA,NA,NA,TRUE,NA,NA
"1585",2,1954,"3NA",3,"NW",1,TRUE,"CC",NA,FALSE,32.9,NA,FALSE,"none",NA,NA,NA,NA,NA,NA,NA,NA,NA,FALSE,NA,NA
"1586",2,1954,"3NB",3,"NW",1,TRUE,"CC",NA,FALSE,32.9,NA,FALSE,"none",NA,NA,NA,NA,NA,NA,NA,NA,NA,FALSE,NA,NA
"1587",2,1954,"3NC",3,"NE",1,TRUE,"CC",NA,FALSE,32.9,NA,FALSE,"none",NA,NA,NA,NA,NA,NA,NA,NA,NA,FALSE,NA,NA
"1588",2,1954,"3ND",3,"NE",1,TRUE,"CC",NA,FALSE,32.9,NA,FALSE,"none",NA,NA,NA,NA,NA,NA,NA,NA,NA,FALSE,NA,NA
"1589",2,1954,"3SA",3,"SW",1,TRUE,"CC",NA,FALSE,69.6,NA,TRUE,"MLrP",NA,NA,NA,NA,NA,NA,NA,NA,NA,FALSE,NA,NA
"1590",2,1954,"3SB",3,"SW",1,TRUE,"CC",NA,FALSE,69.6,NA,TRUE,"MLrP",NA,NA,NA,NA,NA,NA,NA,NA,NA,FALSE,NA,NA
"1591",2,1954,"3SC",3,"SE",1,TRUE,"CC",NA,FALSE,74.4,NA,TRUE,"MLbP",NA,NA,NA,NA,NA,NA,NA,NA,NA,FALSE,NA,NA
"1592",2,1954,"3SD",3,"SE",1,TRUE,"CC",NA,FALSE,74.4,NA,TRUE,"MLbP",NA,NA,NA,NA,NA,NA,NA,NA,NA,FALSE,NA,NA
"1593",2,1954,"4NA",4,"NW",2,FALSE,"O",NA,FALSE,15.9,NA,FALSE,"none",NA,NA,NA,NA,NA,NA,NA,NA,NA,FALSE,NA,NA
"1594",2,1954,"4NB",4,"NW",2,FALSE,"O",NA,FALSE,15.9,NA,FALSE,"none",NA,NA,NA,NA,NA,NA,NA,NA,NA,FALSE,NA,NA
"1595",2,1954,"4NC",4,"NE",2,FALSE,"O",NA,FALSE,15.9,NA,FALSE,"none",NA,NA,NA,NA,NA,NA,NA,NA,NA,FALSE,NA,NA
"1596",2,1954,"4ND",4,"NE",2,FALSE,"O",NA,FALSE,15.9,NA,FALSE,"none",NA,NA,NA,NA,NA,NA,NA,NA,NA,FALSE,NA,NA
"1597",2,1954,"4SA",4,"SW",2,FALSE,"O",NA,FALSE,43.5,NA,TRUE,"MLrP",NA,NA,NA,NA,NA,NA,NA,NA,NA,FALSE,NA,NA
"1598",2,1954,"4SB",4,"SW",2,FALSE,"O",NA,FALSE,43.5,NA,TRUE,"MLrP",NA,NA,NA,NA,NA,NA,NA,NA,NA,FALSE,NA,NA
"1599",2,1954,"4SC",4,"SE",2,FALSE,"O",NA,FALSE,42.9,NA,TRUE,"MLbP",NA,NA,NA,NA,NA,NA,NA,NA,NA,FALSE,NA,NA
"1600",2,1954,"4SD",4,"SE",2,FALSE,"O",NA,FALSE,42.9,NA,TRUE,"MLbP",NA,NA,NA,NA,NA,NA,NA,NA,NA,FALSE,NA,NA
"1601",2,1954,"5NA",5,"NW",3,FALSE,"H",NA,FALSE,NA,0.42,FALSE,"none",NA,NA,NA,NA,NA,NA,NA,NA,NA,FALSE,NA,NA
"1602",2,1954,"5NB",5,"NW",3,FALSE,"H",NA,FALSE,NA,0.42,FALSE,"none",NA,NA,NA,NA,NA,NA,NA,NA,NA,FALSE,NA,NA
"1603",2,1954,"5NC",5,"NE",3,FALSE,"H",NA,FALSE,NA,0.42,FALSE,"none",NA,NA,NA,NA,NA,NA,NA,NA,NA,FALSE,NA,NA
"1604",2,1954,"5ND",5,"NE",3,FALSE,"H",NA,FALSE,NA,0.42,FALSE,"none",NA,NA,NA,NA,NA,NA,NA,NA,NA,FALSE,NA,NA
"1605",2,1954,"5SA",5,"SW",3,FALSE,"H",NA,FALSE,NA,5.83,TRUE,"MLrP",NA,NA,NA,NA,NA,NA,NA,NA,NA,FALSE,NA,NA
"1606",2,1954,"5SB",5,"SW",3,FALSE,"H",NA,FALSE,NA,5.83,TRUE,"MLrP",NA,NA,NA,NA,NA,NA,NA,NA,NA,FALSE,NA,NA
"1607",2,1954,"5SC",5,"SE",3,FALSE,"H",NA,FALSE,NA,5.69,TRUE,"MLbP",NA,NA,NA,NA,NA,NA,NA,NA,NA,FALSE,NA,NA
"1608",2,1954,"5SD",5,"SE",3,FALSE,"H",NA,FALSE,NA,5.69,TRUE,"MLbP",NA,NA,NA,NA,NA,NA,NA,NA,NA,FALSE,NA,NA
"1609",3,1955,"3NA",3,"NW",1,TRUE,"CC","Illinois 1570",TRUE,31.3,NA,FALSE,"none",NA,NA,NA,NA,NA,NA,NA,"5/19/1955",139,TRUE,NA,NA
"1610",3,1955,"3NB",3,"NW",1,TRUE,"CC","Illinois 1570",TRUE,85.9,NA,TRUE,"0LNsPK",NA,2.5,105,75,100,NA,NA,"5/19/1955",139,TRUE,NA,NA
"1611",3,1955,"3NC",3,"NE",1,TRUE,"CC","Illinois 1570",TRUE,40.5,NA,FALSE,"none",NA,NA,NA,NA,NA,NA,NA,"5/19/1955",139,TRUE,NA,NA
"1612",3,1955,"3ND",3,"NE",1,TRUE,"CC","Illinois 1570",TRUE,40.5,NA,FALSE,"none",NA,NA,NA,NA,NA,NA,NA,"5/19/1955",139,TRUE,NA,NA
"1613",3,1955,"3SA",3,"SW",1,TRUE,"CC","Illinois 1570",TRUE,75.2,NA,TRUE,"MLrP",NA,2,NA,NA,NA,NA,NA,"5/19/1955",139,TRUE,NA,NA
"1614",3,1955,"3SB",3,"SW",1,TRUE,"CC","Illinois 1570",TRUE,98,NA,TRUE,"MLrPNsPK",NA,2,105,75,100,NA,NA,"5/19/1955",139,TRUE,NA,NA
"1615",3,1955,"3SC",3,"SE",1,TRUE,"CC","Illinois 1570",TRUE,82.4,NA,TRUE,"MLbP",NA,2,NA,NA,NA,NA,NA,"5/19/1955",139,TRUE,NA,NA
"1616",3,1955,"3SD",3,"SE",1,TRUE,"CC","Illinois 1570",TRUE,82.4,NA,TRUE,"MLbP",NA,2,NA,NA,NA,NA,NA,"5/19/1955",139,TRUE,NA,NA
"1617",3,1955,"4NA",4,"NW",2,TRUE,"C","Illinois 1570",TRUE,39.1,NA,FALSE,"none",NA,NA,NA,NA,NA,NA,NA,"5/19/1955",139,TRUE,NA,NA
"1618",3,1955,"4NB",4,"NW",2,TRUE,"C","Illinois 1570",TRUE,96.5,NA,TRUE,"0LNsPK",NA,2.5,105,75,100,NA,NA,"5/19/1955",139,TRUE,NA,NA
"1619",3,1955,"4NC",4,"NE",2,TRUE,"C","Illinois 1570",TRUE,48,NA,FALSE,"none",NA,NA,NA,NA,NA,NA,NA,"5/19/1955",139,TRUE,NA,NA
"1620",3,1955,"4ND",4,"NE",2,TRUE,"C","Illinois 1570",TRUE,NA,NA,FALSE,"none",NA,NA,NA,NA,NA,NA,NA,"5/19/1955",139,TRUE,NA,NA
"1621",3,1955,"4SA",4,"SW",2,TRUE,"C","Illinois 1570",TRUE,95.6,NA,TRUE,"MLrP",NA,2,NA,NA,NA,NA,NA,"5/19/1955",139,TRUE,NA,NA
"1622",3,1955,"4SB",4,"SW",2,TRUE,"C","Illinois 1570",TRUE,107.2,NA,TRUE,"MLrPNsPK",NA,2,105,75,100,NA,NA,"5/19/1955",139,TRUE,NA,NA
"1623",3,1955,"4SC",4,"SE",2,TRUE,"C","Illinois 1570",TRUE,101.3,NA,TRUE,"MLbP",NA,2,NA,NA,NA,NA,NA,"5/19/1955",139,TRUE,NA,NA
"1624",3,1955,"4SD",4,"SE",2,TRUE,"C","Illinois 1570",TRUE,NA,NA,TRUE,"MLbP",NA,2,NA,NA,NA,NA,NA,"5/19/1955",139,TRUE,NA,NA
"1625",3,1955,"5NA",5,"NW",3,TRUE,"C","Illinois 1570",TRUE,53.9,NA,FALSE,"none",NA,NA,NA,NA,NA,NA,NA,"5/19/1955",139,TRUE,NA,NA
"1626",3,1955,"5NB",5,"NW",3,TRUE,"C","Illinois 1570",TRUE,102.4,NA,TRUE,"0LNsPK",NA,2.5,105,75,100,NA,NA,"5/19/1955",139,TRUE,NA,NA
"1627",3,1955,"5NC",5,"NE",3,TRUE,"C","Illinois 1570",TRUE,72.3,NA,FALSE,"none",NA,NA,NA,NA,NA,NA,NA,"5/19/1955",139,TRUE,NA,NA
"1628",3,1955,"5ND",5,"NE",3,TRUE,"C","Illinois 1570",TRUE,NA,NA,FALSE,"none",NA,NA,NA,NA,NA,NA,NA,"5/19/1955",139,TRUE,NA,NA
"1629",3,1955,"5SA",5,"SW",3,TRUE,"C","Illinois 1570",TRUE,93.3,NA,TRUE,"MLrP",NA,2,NA,NA,NA,NA,NA,"5/19/1955",139,TRUE,NA,NA
"1630",3,1955,"5SB",5,"SW",3,TRUE,"C","Illinois 1570",TRUE,101.2,NA,TRUE,"MLrPNsPK",NA,2,105,75,100,NA,NA,"5/19/1955",139,TRUE,NA,NA
"1631",3,1955,"5SC",5,"SE",3,TRUE,"C","Illinois 1570",TRUE,105.7,NA,TRUE,"MLbP",NA,2,NA,NA,NA,NA,NA,"5/19/1955",139,TRUE,NA,NA
"1632",3,1955,"5SD",5,"SE",3,TRUE,"C","Illinois 1570",TRUE,NA,NA,TRUE,"MLbP",NA,2,NA,NA,NA,NA,NA,"5/19/1955",139,TRUE,NA,NA
"1633",3,1956,"3NA",3,"NW",1,TRUE,"CC","Illinois 1570",FALSE,30.8,NA,FALSE,"none",NA,NA,NA,NA,NA,1.92,NA,"5/18/1956",138,FALSE,NA,NA
"1634",3,1956,"3NB",3,"NW",1,TRUE,"CC","Illinois 1570",FALSE,113,NA,TRUE,"0LNsPK",NA,NA,200,40,30,NA,NA,"5/18/1956",138,FALSE,NA,NA
"1635",3,1956,"3NC",3,"NE",1,TRUE,"CC","Illinois 1570",FALSE,28.1,NA,FALSE,"none",NA,NA,NA,NA,NA,1.56,NA,"5/18/1956",138,FALSE,NA,NA
"1636",3,1956,"3ND",3,"NE",1,TRUE,"CC","Illinois 1570",FALSE,28.1,NA,FALSE,"none",NA,NA,NA,NA,NA,1.56,NA,"5/18/1956",138,FALSE,NA,NA
"1637",3,1956,"3SA",3,"SW",1,TRUE,"CC","Illinois 1570",FALSE,92.9,NA,TRUE,"MLrP",150,NA,NA,NA,NA,2.5,NA,"5/18/1956",138,FALSE,NA,NA
"1638",3,1956,"3SB",3,"SW",1,TRUE,"CC","Illinois 1570",FALSE,128.1,NA,TRUE,"MLrPNsPK",NA,NA,200,40,30,NA,NA,"5/18/1956",138,FALSE,NA,NA
"1639",3,1956,"3SC",3,"SE",1,TRUE,"CC","Illinois 1570",FALSE,99.6,NA,TRUE,"MLbP",340,NA,NA,NA,NA,2.62,NA,"5/18/1956",138,FALSE,NA,NA
"1640",3,1956,"3SD",3,"SE",1,TRUE,"CC","Illinois 1570",FALSE,99.6,NA,TRUE,"MLbP",340,NA,NA,NA,NA,2.62,NA,"5/18/1956",138,FALSE,NA,NA
"1641",3,1956,"4NA",4,"NW",2,FALSE,"O","Clinton II",FALSE,40.4,NA,FALSE,"none",NA,NA,NA,NA,NA,0.7,NA,"3/23/1956",82,FALSE,NA,NA
"1642",3,1956,"4NB",4,"NW",2,FALSE,"O","Clinton II",FALSE,64.3,NA,TRUE,"0LNsPK",NA,NA,50,40,30,NA,NA,"3/23/1956",82,FALSE,NA,NA
"1643",3,1956,"4NC",4,"NE",2,FALSE,"O","Clinton II",FALSE,36.9,NA,FALSE,"none",NA,NA,NA,NA,NA,0.82,NA,"3/23/1956",82,FALSE,NA,NA
"1644",3,1956,"4ND",4,"NE",2,FALSE,"O","Clinton II",FALSE,NA,NA,FALSE,"none",NA,NA,NA,NA,NA,NA,NA,"3/23/1956",82,FALSE,NA,NA
"1645",3,1956,"4SA",4,"SW",2,FALSE,"O","Clinton II",FALSE,86.5,NA,TRUE,"MLrP",356,NA,NA,NA,NA,1.61,NA,"3/23/1956",82,FALSE,NA,NA
"1646",3,1956,"4SB",4,"SW",2,FALSE,"O","Clinton II",FALSE,83.8,NA,TRUE,"MLrPNsPK",NA,NA,50,40,30,NA,NA,"3/23/1956",82,FALSE,NA,NA
"1647",3,1956,"4SC",4,"SE",2,FALSE,"O","Clinton II",FALSE,85.1,NA,TRUE,"MLbP",NA,NA,NA,NA,NA,1.87,NA,"3/23/1956",82,FALSE,NA,NA
"1648",3,1956,"4SD",4,"SE",2,FALSE,"O","Clinton II",FALSE,NA,NA,TRUE,"MLbP",NA,NA,NA,NA,NA,NA,NA,"3/23/1956",82,FALSE,NA,NA
"1649",3,1956,"5NA",5,"NW",3,FALSE,"O","Clinton II",FALSE,53.8,NA,FALSE,"none",NA,NA,NA,NA,NA,0.98,NA,"3/23/1956",82,FALSE,NA,NA
"1650",3,1956,"5NB",5,"NW",3,FALSE,"O","Clinton II",FALSE,82.3,NA,TRUE,"0LNsPK",NA,NA,50,40,30,NA,NA,"3/23/1956",82,FALSE,NA,NA
"1651",3,1956,"5NC",5,"NE",3,FALSE,"O","Clinton II",FALSE,56.1,NA,FALSE,"none",NA,NA,NA,NA,NA,0.6,NA,"3/23/1956",82,FALSE,NA,NA
"1652",3,1956,"5ND",5,"NE",3,FALSE,"O","Clinton II",FALSE,NA,NA,FALSE,"none",NA,NA,NA,NA,NA,NA,NA,"3/23/1956",82,FALSE,NA,NA
"1653",3,1956,"5SA",5,"SW",3,FALSE,"O","Clinton II",FALSE,70,NA,TRUE,"MLrP",574,NA,NA,NA,NA,2.56,NA,"3/23/1956",82,FALSE,NA,NA
"1654",3,1956,"5SB",5,"SW",3,FALSE,"O","Clinton II",FALSE,70.6,NA,TRUE,"MLrPNsPK",574,NA,50,40,30,1.68,NA,"3/23/1956",82,FALSE,NA,NA
"1655",3,1956,"5SC",5,"SE",3,FALSE,"O","Clinton II",FALSE,79.7,NA,TRUE,"MLbP",600,NA,NA,NA,NA,1.53,NA,"3/23/1956",82,FALSE,NA,NA
"1656",3,1956,"5SD",5,"SE",3,FALSE,"O","Clinton II",FALSE,NA,NA,TRUE,"MLbP",600,NA,NA,NA,NA,NA,NA,"3/23/1956",82,FALSE,NA,NA
"1657",3,1957,"3NA",3,"NW",1,TRUE,"CC","Illinois 1570",FALSE,36.5,NA,FALSE,"none",NA,NA,NA,NA,NA,1.59,7840,"6/3/1957",154,TRUE,NA,NA
"1658",3,1957,"3NB",3,"NW",1,TRUE,"CC","Illinois 1570",FALSE,105.7,NA,TRUE,"0LNsPK",NA,NA,200,40,30,NA,15520,"6/3/1957",154,TRUE,NA,NA
"1659",3,1957,"3NC",3,"NE",1,TRUE,"CC","Illinois 1570",FALSE,46.3,NA,FALSE,"none",NA,NA,NA,NA,NA,1.74,7440,"6/3/1957",154,TRUE,NA,NA
"1660",3,1957,"3ND",3,"NE",1,TRUE,"CC","Illinois 1570",FALSE,44.5,NA,FALSE,"none",NA,NA,NA,NA,NA,1.42,7440,"6/3/1957",154,TRUE,NA,NA
"1661",3,1957,"3SA",3,"SW",1,TRUE,"CC","Illinois 1570",FALSE,67.3,NA,TRUE,"MLrP",250,NA,NA,NA,NA,2.31,11640,"6/3/1957",154,TRUE,NA,NA
"1662",3,1957,"3SB",3,"SW",1,TRUE,"CC","Illinois 1570",FALSE,121.1,NA,TRUE,"MLrPNsPK",NA,NA,200,40,30,NA,15680,"6/3/1957",154,TRUE,NA,NA
"1663",3,1957,"3SC",3,"SE",1,TRUE,"CC","Illinois 1570",FALSE,91.2,NA,TRUE,"MLbP",250,NA,NA,NA,NA,3.24,14960,"6/3/1957",154,TRUE,NA,NA
"1664",3,1957,"3SD",3,"SE",1,TRUE,"CC","Illinois 1570",FALSE,85.5,NA,TRUE,"MLbP",250,NA,NA,NA,NA,2.74,11480,"6/3/1957",154,TRUE,NA,NA
"1665",3,1957,"4NA",4,"NW",2,TRUE,"C","Illinois 1570",FALSE,48.1,NA,FALSE,"none",NA,NA,NA,NA,NA,1.59,7680,"6/3/1957",154,TRUE,NA,NA
"1666",3,1957,"4NB",4,"NW",2,TRUE,"C","Illinois 1570",FALSE,125,NA,TRUE,"0LNsPK",NA,NA,200,40,30,NA,15600,"6/3/1957",154,TRUE,NA,NA
"1667",3,1957,"4NC",4,"NE",2,TRUE,"C","Illinois 1570",FALSE,47.7,NA,FALSE,"none",NA,NA,NA,NA,NA,1.46,7680,"6/3/1957",154,TRUE,NA,NA
"1668",3,1957,"4ND",4,"NE",2,TRUE,"C","Illinois 1570",FALSE,50.4,NA,FALSE,"none",NA,NA,NA,NA,NA,1.74,7720,"6/3/1957",154,TRUE,NA,NA
"1669",3,1957,"4SA",4,"SW",2,TRUE,"C","Illinois 1570",FALSE,119.6,NA,TRUE,"MLrP",NA,NA,NA,NA,NA,3.62,11680,"6/3/1957",154,TRUE,NA,NA
"1670",3,1957,"4SB",4,"SW",2,TRUE,"C","Illinois 1570",FALSE,126.2,NA,TRUE,"MLrPNsPK",NA,NA,200,40,30,NA,14800,"6/3/1957",154,TRUE,NA,NA
"1671",3,1957,"4SC",4,"SE",2,TRUE,"C","Illinois 1570",FALSE,132.9,NA,TRUE,"MLbP",NA,NA,NA,NA,NA,4.44,14880,"6/3/1957",154,TRUE,NA,NA
"1672",3,1957,"4SD",4,"SE",2,TRUE,"C","Illinois 1570",FALSE,114,NA,TRUE,"MLbP",NA,NA,NA,NA,NA,4.41,11360,"6/3/1957",154,TRUE,NA,NA
"1673",3,1957,"5NA",5,"NW",3,FALSE,"A","Ranger",FALSE,0.73,NA,FALSE,"none",NA,NA,NA,NA,NA,NA,NA,NA,NA,TRUE,NA,NA
"1674",3,1957,"5NB",5,"NW",3,FALSE,"A","Ranger",FALSE,NA,NA,TRUE,"0LNsPK",NA,NA,NA,40,30,NA,NA,NA,NA,TRUE,NA,NA
"1675",3,1957,"5NC",5,"NE",3,FALSE,"A","Ranger",FALSE,0.08,NA,FALSE,"none",NA,NA,NA,NA,NA,NA,NA,NA,NA,TRUE,NA,NA
"1676",3,1957,"5ND",5,"NE",3,FALSE,"A","Ranger",FALSE,NA,NA,FALSE,"none",NA,NA,NA,NA,NA,NA,NA,NA,NA,TRUE,NA,NA
"1677",3,1957,"5SA",5,"SW",3,FALSE,"A","Ranger",FALSE,4.4,NA,TRUE,"MLrP",NA,NA,NA,NA,NA,NA,NA,NA,NA,TRUE,NA,NA
"1678",3,1957,"5SB",5,"SW",3,FALSE,"A","Ranger",FALSE,4.33,NA,TRUE,"MLrPNsPK",NA,NA,NA,40,30,NA,NA,NA,NA,TRUE,NA,NA
"1679",3,1957,"5SC",5,"SE",3,FALSE,"A","Ranger",FALSE,4.19,NA,TRUE,"MLbP",NA,NA,NA,NA,NA,NA,NA,NA,NA,TRUE,NA,NA
"1680",3,1957,"5SD",5,"SE",3,FALSE,"A","Ranger",FALSE,NA,NA,TRUE,"MLbP",NA,NA,NA,NA,NA,NA,NA,NA,NA,TRUE,NA,NA
"1681",3,1958,"3NA",3,"NW",1,TRUE,"CC","Illinois 1570",FALSE,27.3,NA,FALSE,"none",NA,NA,NA,NA,NA,1.16,7840,"5/14/1958",134,FALSE,NA,NA
"1682",3,1958,"3NB",3,"NW",1,TRUE,"CC","Illinois 1570",FALSE,129.9,NA,TRUE,"0LNsPK",NA,NA,200,40,30,NA,15440,"5/14/1958",134,FALSE,NA,NA
"1683",3,1958,"3NC",3,"NE",1,TRUE,"CC","Illinois 1570",FALSE,36.9,NA,FALSE,"none",NA,NA,NA,NA,NA,1.24,7640,"5/14/1958",134,FALSE,NA,NA
"1684",3,1958,"3ND",3,"NE",1,TRUE,"CC","Illinois 1570",FALSE,33.4,NA,FALSE,"none",NA,NA,NA,NA,NA,1.33,7920,"5/14/1958",134,FALSE,NA,NA
"1685",3,1958,"3SA",3,"SW",1,TRUE,"CC","Illinois 1570",FALSE,66.6,NA,TRUE,"MLrP",265,NA,NA,NA,NA,1.88,11840,"5/14/1958",134,FALSE,NA,NA
"1686",3,1958,"3SB",3,"SW",1,TRUE,"CC","Illinois 1570",FALSE,138.9,NA,TRUE,"MLrPNsPK",NA,NA,200,40,30,NA,15840,"5/14/1958",134,FALSE,NA,NA
"1687",3,1958,"3SC",3,"SE",1,TRUE,"CC","Illinois 1570",FALSE,84.5,NA,TRUE,"MLbP",596,NA,NA,NA,NA,2.74,15640,"5/14/1958",134,FALSE,NA,NA
"1688",3,1958,"3SD",3,"SE",1,TRUE,"CC","Illinois 1570",FALSE,71.9,NA,TRUE,"MLbP",596,NA,NA,NA,NA,1.97,11840,"5/14/1958",134,FALSE,NA,NA
"1689",3,1958,"4NA",4,"NW",2,FALSE,"O","Newton",FALSE,43,NA,FALSE,"none",NA,NA,NA,NA,NA,0.69,NA,"3/31/1958",90,FALSE,NA,NA
"1690",3,1958,"4NB",4,"NW",2,FALSE,"O","Newton",FALSE,94.5,NA,TRUE,"0LNsPK",NA,NA,50,40,30,NA,NA,"3/31/1958",90,FALSE,NA,NA
"1691",3,1958,"4NC",4,"NE",2,FALSE,"O","Newton",FALSE,42.6,NA,FALSE,"none",NA,NA,NA,NA,NA,0.51,NA,"3/31/1958",90,FALSE,NA,NA
"1692",3,1958,"4ND",4,"NE",2,FALSE,"O","Newton",FALSE,NA,NA,FALSE,"none",NA,NA,NA,NA,NA,NA,NA,"3/31/1958",90,FALSE,NA,NA
"1693",3,1958,"4SA",4,"SW",2,FALSE,"O","Newton",FALSE,96.9,NA,TRUE,"MLrP",489,NA,NA,NA,NA,2.23,NA,"3/31/1958",90,FALSE,NA,NA
"1694",3,1958,"4SB",4,"SW",2,FALSE,"O","Newton",FALSE,100.6,NA,TRUE,"MLrPNsPK",NA,NA,50,40,30,NA,NA,"3/31/1958",90,FALSE,NA,NA
"1695",3,1958,"4SC",4,"SE",2,FALSE,"O","Newton",FALSE,94.1,NA,TRUE,"MLbP",489,NA,NA,NA,NA,2.62,NA,"3/31/1958",90,FALSE,NA,NA
"1696",3,1958,"4SD",4,"SE",2,FALSE,"O","Newton",FALSE,NA,NA,TRUE,"MLbP",489,NA,NA,NA,NA,NA,NA,"3/31/1958",90,FALSE,NA,NA
"1697",3,1958,"5NA",5,"NW",3,TRUE,"C","Illinois 1570",FALSE,62.4,NA,FALSE,"none",NA,NA,NA,NA,NA,1.76,11800,"5/14/1958",134,FALSE,NA,NA
"1698",3,1958,"5NB",5,"NW",3,TRUE,"C","Illinois 1570",FALSE,146.4,NA,TRUE,"0LNsPK",NA,NA,200,40,30,NA,15800,"5/14/1958",134,FALSE,NA,NA
"1699",3,1958,"5NC",5,"NE",3,TRUE,"C","Illinois 1570",FALSE,62.3,NA,FALSE,"none",NA,NA,NA,NA,NA,1.8,11760,"5/14/1958",134,FALSE,NA,NA
"1700",3,1958,"5ND",5,"NE",3,TRUE,"C","Illinois 1570",FALSE,64.7,NA,FALSE,"none",NA,NA,NA,NA,NA,1.87,11960,"5/14/1958",134,FALSE,NA,NA
"1701",3,1958,"5SA",5,"SW",3,TRUE,"C","Illinois 1570",FALSE,129.2,NA,TRUE,"MLrP",754,NA,NA,NA,NA,3.77,11720,"5/14/1958",134,FALSE,NA,NA
"1702",3,1958,"5SB",5,"SW",3,TRUE,"C","Illinois 1570",FALSE,143.6,NA,TRUE,"MLrPNsPK",609,NA,200,40,30,4.25,15640,"5/14/1958",134,FALSE,NA,NA
"1703",3,1958,"5SC",5,"SE",3,TRUE,"C","Illinois 1570",FALSE,140.1,NA,TRUE,"MLbP",823,NA,NA,NA,NA,3.77,15480,"5/14/1958",134,FALSE,NA,NA
"1704",3,1958,"5SD",5,"SE",3,TRUE,"C","Illinois 1570",FALSE,128.5,NA,TRUE,"MLbP",823,NA,NA,NA,NA,3.77,11880,"5/14/1958",134,FALSE,NA,NA
"1705",3,1959,"3NA",3,"NW",1,TRUE,"CC","Illinois 1570",FALSE,29.4,NA,FALSE,"none",NA,NA,NA,NA,NA,0.62,7440,"5/30/1959",149,FALSE,NA,NA
"1706",3,1959,"3NB",3,"NW",1,TRUE,"CC","Illinois 1570",FALSE,55.9,NA,TRUE,"0LNsPK",NA,NA,200,40,30,NA,15480,"5/30/1959",149,FALSE,NA,NA
"1707",3,1959,"3NC",3,"NE",1,TRUE,"CC","Illinois 1570",FALSE,19.7,NA,FALSE,"none",NA,NA,NA,NA,NA,0.58,7320,"5/30/1959",149,FALSE,NA,NA
"1708",3,1959,"3ND",3,"NE",1,TRUE,"CC","Illinois 1570",FALSE,28.4,NA,FALSE,"none",NA,NA,NA,NA,NA,0.72,7280,"5/30/1959",149,FALSE,NA,NA
"1709",3,1959,"3SA",3,"SW",1,TRUE,"CC","Illinois 1570",FALSE,69.7,NA,TRUE,"MLrP",NA,NA,NA,NA,NA,1.67,11720,"5/30/1959",149,FALSE,NA,NA
"1710",3,1959,"3SB",3,"SW",1,TRUE,"CC","Illinois 1570",FALSE,95,NA,TRUE,"MLrPNsPK",NA,NA,200,40,30,NA,15760,"5/30/1959",149,FALSE,NA,NA
"1711",3,1959,"3SC",3,"SE",1,TRUE,"CC","Illinois 1570",FALSE,82.6,NA,TRUE,"MLbP",NA,NA,NA,NA,NA,2.47,15520,"5/30/1959",149,FALSE,NA,NA
"1712",3,1959,"3SD",3,"SE",1,TRUE,"CC","Illinois 1570",FALSE,81.2,NA,TRUE,"MLbP",NA,NA,NA,NA,NA,2.44,11560,"5/30/1959",149,FALSE,NA,NA
"1713",3,1959,"4NA",4,"NW",2,TRUE,"C","Illinois 1570",FALSE,48.1,NA,FALSE,"none",NA,NA,NA,NA,NA,1.02,11720,"5/30/1959",149,FALSE,NA,NA
"1714",3,1959,"4NB",4,"NW",2,TRUE,"C","Illinois 1570",FALSE,90.9,NA,TRUE,"0LNsPK",NA,NA,200,40,30,NA,15760,"5/30/1959",149,FALSE,NA,NA
"1715",3,1959,"4NC",4,"NE",2,TRUE,"C","Illinois 1570",FALSE,39.5,NA,FALSE,"none",NA,NA,NA,NA,NA,0.86,15520,"5/30/1959",149,FALSE,NA,NA
"1716",3,1959,"4ND",4,"NE",2,TRUE,"C","Illinois 1570",FALSE,47,NA,FALSE,"none",NA,NA,NA,NA,NA,1.09,11560,"5/30/1959",149,FALSE,NA,NA
"1717",3,1959,"4SA",4,"SW",2,TRUE,"C","Illinois 1570",FALSE,85.7,NA,TRUE,"MLrP",600,NA,NA,NA,NA,2.91,16700,"5/30/1959",149,FALSE,NA,NA
"1718",3,1959,"4SB",4,"SW",2,TRUE,"C","Illinois 1570",FALSE,86.3,NA,TRUE,"MLrPNsPK",NA,NA,200,40,30,NA,14200,"5/30/1959",149,FALSE,NA,NA
"1719",3,1959,"4SC",4,"SE",2,TRUE,"C","Illinois 1570",FALSE,95.4,NA,TRUE,"MLbP",600,NA,NA,NA,NA,3.27,17000,"5/30/1959",149,FALSE,NA,NA
"1720",3,1959,"4SD",4,"SE",2,TRUE,"C","Illinois 1570",FALSE,82.5,NA,TRUE,"MLbP",600,NA,NA,NA,NA,3.11,10400,"5/30/1959",149,FALSE,NA,NA
"1721",3,1959,"5NA",5,"NW",3,FALSE,"O","Newton",FALSE,24,NA,FALSE,"none",NA,NA,NA,NA,NA,0.89,NA,"3/24/1959",83,FALSE,NA,NA
"1722",3,1959,"5NB",5,"NW",3,FALSE,"O","Newton",FALSE,80,NA,TRUE,"0LNsPK",NA,NA,50,40,30,NA,NA,"3/24/1959",83,FALSE,NA,NA
"1723",3,1959,"5NC",5,"NE",3,FALSE,"O","Newton",FALSE,28.8,NA,FALSE,"none",NA,NA,NA,NA,NA,0.96,NA,"3/24/1959",83,FALSE,NA,NA
"1724",3,1959,"5ND",5,"NE",3,FALSE,"O","Newton",FALSE,NA,NA,FALSE,"none",NA,NA,NA,NA,NA,NA,NA,"3/24/1959",83,FALSE,NA,NA
"1725",3,1959,"5SA",5,"SW",3,FALSE,"O","Newton",FALSE,89.5,NA,TRUE,"MLrP",NA,NA,NA,NA,NA,3.03,NA,"3/24/1959",83,FALSE,NA,NA
"1726",3,1959,"5SB",5,"SW",3,FALSE,"O","Newton",FALSE,73.1,NA,TRUE,"MLrPNsPK",NA,NA,50,40,30,2.82,NA,"3/24/1959",83,FALSE,NA,NA
"1727",3,1959,"5SC",5,"SE",3,FALSE,"O","Newton",FALSE,93.9,NA,TRUE,"MLbP",NA,NA,NA,NA,NA,3.82,NA,"3/24/1959",83,FALSE,NA,NA
"1728",3,1959,"5SD",5,"SE",3,FALSE,"O","Newton",FALSE,NA,NA,TRUE,"MLbP",NA,NA,NA,NA,NA,NA,NA,"3/24/1959",83,FALSE,NA,NA
"1729",3,1960,"3NA",3,"NW",1,TRUE,"CC","Illinois 1570",FALSE,45.6,NA,FALSE,"none",NA,NA,NA,NA,NA,2.11,8000,"5/30/1960",149,FALSE,NA,NA
"1730",3,1960,"3NB",3,"NW",1,TRUE,"CC","Illinois 1570",FALSE,96.4,NA,TRUE,"0LNsPK",NA,NA,200,40,30,NA,16000,"5/30/1960",149,FALSE,NA,NA
"1731",3,1960,"3NC",3,"NE",1,TRUE,"CC","Illinois 1570",FALSE,48.5,NA,FALSE,"none",NA,NA,NA,NA,NA,2.6,8000,"5/30/1960",149,FALSE,NA,NA
"1732",3,1960,"3ND",3,"NE",1,TRUE,"CC","Illinois 1570",FALSE,55.1,NA,FALSE,"none",NA,NA,NA,NA,NA,2.75,8000,"5/30/1960",149,FALSE,NA,NA
"1733",3,1960,"3SA",3,"SW",1,TRUE,"CC","Illinois 1570",FALSE,74.3,NA,TRUE,"MLrP",215,NA,NA,NA,NA,2.26,12000,"5/30/1960",149,FALSE,NA,NA
"1734",3,1960,"3SB",3,"SW",1,TRUE,"CC","Illinois 1570",FALSE,119.1,NA,TRUE,"MLrPNsPK",NA,NA,200,40,30,NA,16000,"5/30/1960",149,FALSE,NA,NA
"1735",3,1960,"3SC",3,"SE",1,TRUE,"CC","Illinois 1570",FALSE,80.9,NA,TRUE,"MLbP",259,NA,NA,NA,NA,4.2,16000,"5/30/1960",149,FALSE,NA,NA
"1736",3,1960,"3SD",3,"SE",1,TRUE,"CC","Illinois 1570",FALSE,83.9,NA,TRUE,"MLbP",259,NA,NA,NA,NA,3.64,12000,"5/30/1960",149,FALSE,NA,NA
"1737",3,1960,"4NA",4,"NW",2,FALSE,"O","Newton",FALSE,26.9,NA,FALSE,"none",NA,NA,NA,NA,NA,0.61,NA,"4/7/1960",97,FALSE,NA,NA
"1738",3,1960,"4NB",4,"NW",2,FALSE,"O","Newton",FALSE,38.2,NA,TRUE,"0LNsPK",NA,NA,50,40,30,NA,NA,"4/7/1960",97,FALSE,NA,NA
"1739",3,1960,"4NC",4,"NE",2,FALSE,"O","Newton",FALSE,24.7,NA,FALSE,"none",NA,NA,NA,NA,NA,0.58,NA,"4/7/1960",97,FALSE,NA,NA
"1740",3,1960,"4ND",4,"NE",2,FALSE,"O","Newton",FALSE,NA,NA,FALSE,"none",NA,NA,NA,NA,NA,NA,NA,"4/7/1960",97,FALSE,NA,NA
"1741",3,1960,"4SA",4,"SW",2,FALSE,"O","Newton",FALSE,35.6,NA,TRUE,"MLrP",NA,NA,NA,NA,NA,1.72,NA,"4/7/1960",97,FALSE,NA,NA
"1742",3,1960,"4SB",4,"SW",2,FALSE,"O","Newton",FALSE,40.6,NA,TRUE,"MLrPNsPK",NA,NA,25,40,30,NA,NA,"4/7/1960",97,FALSE,NA,NA
"1743",3,1960,"4SC",4,"SE",2,FALSE,"O","Newton",FALSE,37.6,NA,TRUE,"MLbP",NA,NA,NA,NA,NA,1.77,NA,"4/7/1960",97,FALSE,NA,NA
"1744",3,1960,"4SD",4,"SE",2,FALSE,"O","Newton",FALSE,NA,NA,TRUE,"MLbP",NA,NA,NA,NA,NA,NA,NA,"4/7/1960",97,FALSE,NA,NA
"1745",3,1960,"5NA",5,"NW",3,FALSE,"A","Buffalo",FALSE,1.11,NA,FALSE,"none",NA,NA,NA,NA,NA,NA,NA,NA,NA,FALSE,NA,NA
"1746",3,1960,"5NB",5,"NW",3,FALSE,"A","Buffalo",FALSE,NA,NA,TRUE,"0LNsPK",NA,NA,NA,40,30,NA,NA,NA,NA,FALSE,NA,NA
"1747",3,1960,"5NC",5,"NE",3,FALSE,"A","Buffalo",FALSE,1.05,NA,FALSE,"none",NA,NA,NA,NA,NA,NA,NA,NA,NA,FALSE,NA,NA
"1748",3,1960,"5ND",5,"NE",3,FALSE,"A","Buffalo",FALSE,NA,NA,FALSE,"none",NA,NA,NA,NA,NA,NA,NA,NA,NA,FALSE,NA,NA
"1749",3,1960,"5SA",5,"SW",3,FALSE,"A","Buffalo",FALSE,4.17,NA,TRUE,"MLrP",NA,NA,NA,NA,NA,NA,NA,NA,NA,FALSE,NA,NA
"1750",3,1960,"5SB",5,"SW",3,FALSE,"A","Buffalo",FALSE,3.78,NA,TRUE,"MLrPNsPK",NA,NA,NA,40,30,NA,NA,NA,NA,FALSE,NA,NA
"1751",3,1960,"5SC",5,"SE",3,FALSE,"A","Buffalo",FALSE,3.8,NA,TRUE,"MLbP",NA,NA,NA,NA,NA,NA,NA,NA,NA,FALSE,NA,NA
"1752",3,1960,"5SD",5,"SE",3,FALSE,"A","Buffalo",FALSE,NA,NA,TRUE,"MLbP",NA,NA,NA,NA,NA,NA,NA,NA,NA,FALSE,NA,NA
"1753",3,1961,"3NA",3,"NW",1,TRUE,"CC","Illinois 1570",TRUE,37.8,NA,FALSE,"none",NA,NA,NA,NA,NA,0.962,8000,"5/16/1961",136,TRUE,NA,NA
"1754",3,1961,"3NB",3,"NW",1,TRUE,"CC","Illinois 1570",TRUE,104,NA,TRUE,"0LNsPK",NA,NA,200,40,30,NA,16000,"5/16/1961",136,TRUE,NA,NA
"1755",3,1961,"3NC",3,"NE",1,TRUE,"CC","Illinois 1570",TRUE,48,NA,FALSE,"none",NA,NA,NA,NA,NA,1.256,8000,"5/16/1961",136,FALSE,NA,NA
"1756",3,1961,"3ND",3,"NE",1,TRUE,"CC","Illinois 1570",TRUE,52.8,NA,FALSE,"none",NA,NA,NA,NA,NA,1.428,8000,"5/16/1961",136,FALSE,NA,NA
"1757",3,1961,"3SA",3,"SW",1,TRUE,"CC","Illinois 1570",TRUE,68.6,NA,TRUE,"MLrP",265,NA,NA,NA,NA,1.494,12000,"5/16/1961",136,TRUE,NA,NA
"1758",3,1961,"3SB",3,"SW",1,TRUE,"CC","Illinois 1570",TRUE,117.2,NA,TRUE,"MLrPNsPK",NA,NA,200,40,30,NA,16000,"5/16/1961",136,TRUE,NA,NA
"1759",3,1961,"3SC",3,"SE",1,TRUE,"CC","Illinois 1570",TRUE,78.1,NA,TRUE,"MLbP",265,NA,NA,NA,NA,2.344,16000,"5/16/1961",136,FALSE,NA,NA
"1760",3,1961,"3SD",3,"SE",1,TRUE,"CC","Illinois 1570",TRUE,78.5,NA,TRUE,"MLbP",265,NA,NA,NA,NA,2.394,12000,"5/16/1961",136,FALSE,NA,NA
"1761",3,1961,"4NA",4,"NW",2,TRUE,"C","Illinois 1570",TRUE,51.6,NA,FALSE,"none",NA,NA,NA,NA,NA,1.42,8000,"5/16/1961",136,TRUE,NA,NA
"1762",3,1961,"4NB",4,"NW",2,TRUE,"C","Illinois 1570",TRUE,114.4,NA,TRUE,"0LNsPK",NA,NA,200,40,30,NA,16000,"5/16/1961",136,TRUE,NA,NA
"1763",3,1961,"4NC",4,"NE",2,TRUE,"C","Illinois 1570",TRUE,46.7,NA,FALSE,"none",NA,NA,NA,NA,NA,1.456,8000,"5/16/1961",136,FALSE,NA,NA
"1764",3,1961,"4ND",4,"NE",2,TRUE,"C","Illinois 1570",TRUE,50.9,NA,FALSE,"none",NA,NA,NA,NA,NA,1.504,8000,"5/16/1961",136,FALSE,NA,NA
"1765",3,1961,"4SA",4,"SW",2,TRUE,"C","Illinois 1570",TRUE,109,NA,TRUE,"MLrP",531,NA,NA,NA,NA,3.46,12000,"5/16/1961",136,TRUE,NA,NA
"1766",3,1961,"4SB",4,"SW",2,TRUE,"C","Illinois 1570",TRUE,124,NA,TRUE,"MLrPNsPK",NA,NA,200,40,30,NA,16000,"5/16/1961",136,TRUE,NA,NA
"1767",3,1961,"4SC",4,"SE",2,TRUE,"C","Illinois 1570",TRUE,125,NA,TRUE,"MLbP",531,NA,NA,NA,NA,3.432,16000,"5/16/1961",136,FALSE,NA,NA
"1768",3,1961,"4SD",4,"SE",2,TRUE,"C","Illinois 1570",TRUE,107.5,NA,TRUE,"MLbP",531,NA,NA,NA,NA,3.76,12000,"5/16/1961",136,FALSE,NA,NA
"1769",3,1961,"5NA",5,"NW",3,TRUE,"C","Illinois 1570",TRUE,66.7,NA,FALSE,"none",NA,NA,NA,NA,NA,1.442,8000,"5/16/1961",136,TRUE,NA,NA
"1770",3,1961,"5NB",5,"NW",3,TRUE,"C","Illinois 1570",TRUE,126.4,NA,TRUE,"0LNsPK",NA,NA,200,40,30,NA,16000,"5/16/1961",136,TRUE,NA,NA
"1771",3,1961,"5NC",5,"NE",3,TRUE,"C","Illinois 1570",TRUE,67.6,NA,FALSE,"none",NA,NA,NA,NA,NA,1.884,8000,"5/16/1961",136,FALSE,NA,NA
"1772",3,1961,"5ND",5,"NE",3,TRUE,"C","Illinois 1570",TRUE,83.8,NA,FALSE,"none",NA,NA,NA,NA,NA,2.276,8000,"5/16/1961",136,FALSE,NA,NA
"1773",3,1961,"5SA",5,"SW",3,TRUE,"C","Illinois 1570",TRUE,113.1,NA,TRUE,"MLrP",895,NA,NA,NA,NA,4.05,12000,"5/16/1961",136,TRUE,NA,NA
"1774",3,1961,"5SB",5,"SW",3,TRUE,"C","Illinois 1570",TRUE,132.7,NA,TRUE,"MLrPNsPK",NA,NA,200,40,30,4.54,16000,"5/16/1961",136,TRUE,NA,NA
"1775",3,1961,"5SC",5,"SE",3,TRUE,"C","Illinois 1570",TRUE,133.9,NA,TRUE,"MLbP",895,NA,NA,NA,NA,4.996,16000,"5/16/1961",136,FALSE,NA,NA
"1776",3,1961,"5SD",5,"SE",3,TRUE,"C","Illinois 1570",TRUE,118.5,NA,TRUE,"MLbP",895,NA,NA,NA,NA,5.07,12000,"5/16/1961",136,FALSE,NA,NA
"1777",3,1962,"3NA",3,"NW",1,TRUE,"CC","Illinois 1570",FALSE,34.9,NA,FALSE,"none",NA,NA,NA,NA,NA,1.04,8000,"5/19/1962",139,FALSE,NA,NA
"1778",3,1962,"3NB",3,"NW",1,TRUE,"CC","Illinois 1570",FALSE,123.8,NA,TRUE,"0LNsPK",NA,NA,200,40,30,NA,16000,"5/19/1962",139,FALSE,NA,NA
"1779",3,1962,"3NC",3,"NE",1,TRUE,"CC","Illinois 1570",FALSE,45.4,NA,FALSE,"none",NA,NA,NA,NA,NA,1.31,8000,"5/19/1962",139,FALSE,NA,NA
"1780",3,1962,"3ND",3,"NE",1,TRUE,"CC","Illinois 1570",FALSE,43.9,NA,FALSE,"none",NA,NA,NA,NA,NA,1.18,8000,"5/19/1962",139,FALSE,NA,NA
"1781",3,1962,"3SA",3,"SW",1,TRUE,"CC","Illinois 1570",FALSE,73.9,NA,TRUE,"MLrP",NA,NA,NA,NA,NA,2.79,12000,"5/19/1962",139,FALSE,NA,NA
"1782",3,1962,"3SB",3,"SW",1,TRUE,"CC","Illinois 1570",FALSE,131.5,NA,TRUE,"MLrPNsPK",NA,NA,200,40,30,NA,16000,"5/19/1962",139,FALSE,NA,NA
"1783",3,1962,"3SC",3,"SE",1,TRUE,"CC","Illinois 1570",FALSE,90.5,NA,TRUE,"MLbP",NA,NA,NA,NA,NA,2.75,16000,"5/19/1962",139,FALSE,NA,NA
"1784",3,1962,"3SD",3,"SE",1,TRUE,"CC","Illinois 1570",FALSE,70.8,NA,TRUE,"MLbP",NA,NA,NA,NA,NA,2.53,12000,"5/19/1962",139,FALSE,NA,NA
"1785",3,1962,"4NA",4,"NW",2,FALSE,"O","Newton",FALSE,22.1,NA,FALSE,"none",NA,NA,NA,NA,NA,0.42,NA,"4/11/1962",101,FALSE,NA,NA
"1786",3,1962,"4NB",4,"NW",2,FALSE,"O","Newton",FALSE,58.1,NA,TRUE,"0LNsPK",NA,NA,50,40,30,NA,NA,"4/11/1962",101,FALSE,NA,NA
"1787",3,1962,"4NC",4,"NE",2,FALSE,"O","Newton",FALSE,23.9,NA,FALSE,"none",NA,NA,NA,NA,NA,0.33,NA,"4/11/1962",101,FALSE,NA,NA
"1788",3,1962,"4ND",4,"NE",2,FALSE,"O","Newton",FALSE,NA,NA,FALSE,"none",NA,NA,NA,NA,NA,NA,NA,"4/11/1962",101,FALSE,NA,NA
"1789",3,1962,"4SA",4,"SW",2,FALSE,"O","Newton",FALSE,59.8,NA,TRUE,"MLrP",NA,NA,50,40,30,0.87,NA,"4/11/1962",101,FALSE,NA,NA
"1790",3,1962,"4SB",4,"SW",2,FALSE,"O","Newton",FALSE,76.2,NA,TRUE,"MLrPNsPK",NA,NA,NA,NA,NA,NA,NA,"4/11/1962",101,FALSE,NA,NA
"1791",3,1962,"4SC",4,"SE",2,FALSE,"O","Newton",FALSE,68.8,NA,TRUE,"MLbP",NA,NA,NA,NA,NA,0.87,NA,"4/11/1962",101,FALSE,NA,NA
"1792",3,1962,"4SD",4,"SE",2,FALSE,"O","Newton",FALSE,NA,NA,TRUE,"MLbP",NA,NA,NA,NA,NA,NA,NA,"4/11/1962",101,FALSE,NA,NA
"1793",3,1962,"5NA",5,"NW",3,FALSE,"O","Newton",FALSE,48.8,NA,FALSE,"none",NA,NA,NA,NA,NA,0.56,NA,"4/11/1962",101,FALSE,NA,NA
"1794",3,1962,"5NB",5,"NW",3,FALSE,"O","Newton",FALSE,78.4,NA,TRUE,"0LNsPK",NA,NA,50,40,30,NA,NA,"4/11/1962",101,FALSE,NA,NA
"1795",3,1962,"5NC",5,"NE",3,FALSE,"O","Newton",FALSE,50.5,NA,FALSE,"none",NA,NA,NA,NA,NA,0.58,NA,"4/11/1962",101,FALSE,NA,NA
"1796",3,1962,"5ND",5,"NE",3,FALSE,"O","Newton",FALSE,NA,NA,FALSE,"none",NA,NA,NA,NA,NA,NA,NA,"4/11/1962",101,FALSE,NA,NA
"1797",3,1962,"5SA",5,"SW",3,FALSE,"O","Newton",FALSE,78.8,NA,TRUE,"MLrP",NA,NA,NA,NA,NA,0.97,NA,"4/11/1962",101,FALSE,NA,NA
"1798",3,1962,"5SB",5,"SW",3,FALSE,"O","Newton",FALSE,91.1,NA,TRUE,"MLrPNsPK",NA,NA,25,40,30,1.29,NA,"4/11/1962",101,FALSE,NA,NA
"1799",3,1962,"5SC",5,"SE",3,FALSE,"O","Newton",FALSE,78.4,NA,TRUE,"MLbP",NA,NA,NA,NA,NA,1.3,NA,"4/11/1962",101,FALSE,NA,NA
"1800",3,1962,"5SD",5,"SE",3,FALSE,"O","Newton",FALSE,NA,NA,TRUE,"MLbP",NA,NA,NA,NA,NA,NA,NA,"4/11/1962",101,FALSE,NA,NA
"1801",3,1963,"3NA",3,"NW",1,TRUE,"CC","Illinois 1570",FALSE,42.2,NA,FALSE,"none",NA,NA,NA,NA,NA,1.76,8000,"5/10/1963",130,FALSE,NA,NA
"1802",3,1963,"3NB",3,"NW",1,TRUE,"CC","Illinois 1570",FALSE,124.3,NA,TRUE,"0LNsPK",NA,3,200,40,30,NA,16000,"5/10/1963",130,FALSE,NA,NA
"1803",3,1963,"3NC",3,"NE",1,TRUE,"CC","Illinois 1570",FALSE,51,NA,FALSE,"none",NA,NA,NA,NA,NA,1.75,8000,"5/10/1963",130,FALSE,NA,NA
"1804",3,1963,"3ND",3,"NE",1,TRUE,"CC","Illinois 1570",FALSE,57.3,NA,FALSE,"none",NA,NA,NA,NA,NA,1.5,8000,"5/10/1963",130,FALSE,NA,NA
"1805",3,1963,"3SA",3,"SW",1,TRUE,"CC","Illinois 1570",FALSE,82.2,NA,TRUE,"MLrP",237,NA,NA,NA,NA,2.5,12000,"5/10/1963",130,FALSE,NA,NA
"1806",3,1963,"3SB",3,"SW",1,TRUE,"CC","Illinois 1570",FALSE,119.2,NA,TRUE,"MLrPNsPK",NA,1,200,40,30,NA,16000,"5/10/1963",130,FALSE,NA,NA
"1807",3,1963,"3SC",3,"SE",1,TRUE,"CC","Illinois 1570",FALSE,89.3,NA,TRUE,"MLbP",237,NA,NA,NA,NA,3.2,16000,"5/10/1963",130,FALSE,NA,NA
"1808",3,1963,"3SD",3,"SE",1,TRUE,"CC","Illinois 1570",FALSE,96.7,NA,TRUE,"MLbP",237,NA,NA,NA,NA,3.2,12000,"5/10/1963",130,FALSE,NA,NA
"1809",3,1963,"4NA",4,"NW",2,TRUE,"C","Illinois 1570",FALSE,54.2,NA,FALSE,"none",NA,NA,NA,NA,NA,NA,8000,"5/10/1963",130,FALSE,NA,NA
"1810",3,1963,"4NB",4,"NW",2,TRUE,"C","Illinois 1570",FALSE,137.3,NA,TRUE,"0LNsPK",NA,3,200,40,30,NA,16000,"5/10/1963",130,FALSE,NA,NA
"1811",3,1963,"4NC",4,"NE",2,TRUE,"C","Illinois 1570",FALSE,47.9,NA,FALSE,"none",NA,NA,NA,NA,NA,NA,8000,"5/10/1963",130,FALSE,NA,NA
"1812",3,1963,"4ND",4,"NE",2,TRUE,"C","Illinois 1570",FALSE,54.7,NA,FALSE,"none",NA,NA,NA,NA,NA,NA,8000,"5/10/1963",130,FALSE,NA,NA
"1813",3,1963,"4SA",4,"SW",2,TRUE,"C","Illinois 1570",FALSE,122,NA,TRUE,"MLrP",NA,NA,NA,NA,NA,NA,12000,"5/10/1963",130,FALSE,NA,NA
"1814",3,1963,"4SB",4,"SW",2,TRUE,"C","Illinois 1570",FALSE,134.6,NA,TRUE,"MLrPNsPK",NA,1,200,40,30,NA,16000,"5/10/1963",130,FALSE,NA,NA
"1815",3,1963,"4SC",4,"SE",2,TRUE,"C","Illinois 1570",FALSE,129,NA,TRUE,"MLbP",NA,NA,NA,NA,NA,NA,16000,"5/10/1963",130,FALSE,NA,NA
"1816",3,1963,"4SD",4,"SE",2,TRUE,"C","Illinois 1570",FALSE,118.1,NA,TRUE,"MLbP",NA,NA,NA,NA,NA,NA,12000,"5/10/1963",130,FALSE,NA,NA
"1817",3,1963,"5NA",5,"NW",3,FALSE,"A","Du Prits",FALSE,NA,NA,FALSE,"none",NA,NA,NA,NA,NA,NA,NA,NA,NA,FALSE,NA,NA
"1818",3,1963,"5NB",5,"NW",3,FALSE,"A","Du Prits",FALSE,NA,NA,TRUE,"0LNsPK",NA,NA,NA,40,30,NA,NA,NA,NA,FALSE,NA,NA
"1819",3,1963,"5NC",5,"NE",3,FALSE,"A","Du Prits",FALSE,NA,NA,FALSE,"none",NA,NA,NA,NA,NA,NA,NA,NA,NA,FALSE,NA,NA
"1820",3,1963,"5ND",5,"NE",3,FALSE,"A","Du Prits",FALSE,NA,NA,FALSE,"none",NA,NA,NA,NA,NA,NA,NA,NA,NA,FALSE,NA,NA
"1821",3,1963,"5SA",5,"SW",3,FALSE,"A","Du Prits",FALSE,5.25,NA,TRUE,"MLrP",NA,NA,NA,NA,NA,NA,NA,NA,NA,FALSE,NA,NA
"1822",3,1963,"5SB",5,"SW",3,FALSE,"A","Du Prits",FALSE,5.14,NA,TRUE,"MLrPNsPK",NA,NA,NA,40,30,NA,NA,NA,NA,FALSE,NA,NA
"1823",3,1963,"5SC",5,"SE",3,FALSE,"A","Du Prits",FALSE,5.09,NA,TRUE,"MLbP",NA,NA,NA,NA,NA,NA,NA,NA,NA,FALSE,NA,NA
"1824",3,1963,"5SD",5,"SE",3,FALSE,"A","Du Prits",FALSE,NA,NA,TRUE,"MLbP",NA,NA,NA,NA,NA,NA,NA,NA,NA,FALSE,NA,NA
"1825",3,1964,"3NA",3,"NW",1,TRUE,"CC","P.A.G. SX29",FALSE,38.4,NA,FALSE,"none",NA,NA,NA,NA,NA,2.06,8000,"5/8/1964",128,FALSE,NA,NA
"1826",3,1964,"3NB",3,"NW",1,TRUE,"CC","P.A.G. SX29",FALSE,109.5,NA,TRUE,"0LNsPK",NA,NA,200,40,30,NA,16000,"5/8/1964",128,FALSE,NA,NA
"1827",3,1964,"3NC",3,"NE",1,TRUE,"CC","P.A.G. SX29",FALSE,51.7,NA,FALSE,"none",NA,NA,NA,NA,NA,2.14,8000,"5/8/1964",128,FALSE,NA,NA
"1828",3,1964,"3ND",3,"NE",1,TRUE,"CC","P.A.G. SX29",FALSE,50.2,NA,FALSE,"none",NA,NA,NA,NA,NA,1.93,8000,"5/8/1964",128,FALSE,NA,NA
"1829",3,1964,"3SA",3,"SW",1,TRUE,"CC","P.A.G. SX29",FALSE,68.3,NA,TRUE,"MLrP",279,NA,NA,NA,NA,2.6,12000,"5/8/1964",128,FALSE,NA,NA
"1830",3,1964,"3SB",3,"SW",1,TRUE,"CC","P.A.G. SX29",FALSE,126.1,NA,TRUE,"MLrPNsPK",NA,NA,200,40,30,NA,16000,"5/8/1964",128,FALSE,NA,NA
"1831",3,1964,"3SC",3,"SE",1,TRUE,"CC","P.A.G. SX29",FALSE,89.2,NA,TRUE,"MLbP",279,NA,NA,NA,NA,4.48,16000,"5/8/1964",128,FALSE,NA,NA
"1832",3,1964,"3SD",3,"SE",1,TRUE,"CC","P.A.G. SX29",FALSE,78.6,NA,TRUE,"MLbP",279,NA,NA,NA,NA,4.17,12000,"5/8/1964",128,FALSE,NA,NA
"1833",3,1964,"4NA",4,"NW",2,FALSE,"O","Goodfield",FALSE,19.1,NA,FALSE,"none",NA,NA,NA,NA,NA,0.22,NA,"4/14/1964",104,FALSE,NA,NA
"1834",3,1964,"4NB",4,"NW",2,FALSE,"O","Goodfield",FALSE,42.5,NA,TRUE,"0LNsPK",NA,NA,50,40,30,NA,NA,"4/14/1964",104,FALSE,NA,NA
"1835",3,1964,"4NC",4,"NE",2,FALSE,"O","Goodfield",FALSE,15,NA,FALSE,"none",NA,NA,NA,NA,NA,0.19,NA,"4/14/1964",104,FALSE,NA,NA
"1836",3,1964,"4ND",4,"NE",2,FALSE,"O","Goodfield",FALSE,NA,NA,FALSE,"none",NA,NA,NA,NA,NA,NA,NA,"4/14/1964",104,FALSE,NA,NA
"1837",3,1964,"4SA",4,"SW",2,FALSE,"O","Goodfield",FALSE,52.5,NA,TRUE,"MLrP",496,NA,NA,NA,NA,0.7,NA,"4/14/1964",104,FALSE,NA,NA
"1838",3,1964,"4SB",4,"SW",2,FALSE,"O","Goodfield",FALSE,58.5,NA,TRUE,"MLrPNsPK",NA,NA,50,40,30,NA,NA,"4/14/1964",104,FALSE,NA,NA
"1839",3,1964,"4SC",4,"SE",2,FALSE,"O","Goodfield",FALSE,49.7,NA,TRUE,"MLbP",496,NA,NA,NA,NA,0.79,NA,"4/14/1964",104,FALSE,NA,NA
"1840",3,1964,"4SD",4,"SE",2,FALSE,"O","Goodfield",FALSE,NA,NA,TRUE,"MLbP",496,NA,NA,NA,NA,NA,NA,"4/14/1964",104,FALSE,NA,NA
"1841",3,1964,"5NA",5,"NW",3,TRUE,"C","P.A.G. SX29",FALSE,60.4,NA,FALSE,"none",NA,NA,NA,NA,NA,2.76,12000,"5/8/1964",128,FALSE,NA,NA
"1842",3,1964,"5NB",5,"NW",3,TRUE,"C","P.A.G. SX29",FALSE,143.9,NA,TRUE,"0LNsPK",NA,NA,200,40,30,NA,16000,"5/8/1964",128,FALSE,NA,NA
"1843",3,1964,"5NC",5,"NE",3,TRUE,"C","P.A.G. SX29",FALSE,66.9,NA,FALSE,"none",NA,NA,NA,NA,NA,3.61,12000,"5/8/1964",128,FALSE,NA,NA
"1844",3,1964,"5ND",5,"NE",3,TRUE,"C","P.A.G. SX29",FALSE,86.3,NA,FALSE,"none",NA,NA,NA,NA,NA,3.69,12000,"5/8/1964",128,FALSE,NA,NA
"1845",3,1964,"5SA",5,"SW",3,TRUE,"C","P.A.G. SX29",FALSE,109.9,NA,TRUE,"MLrP",NA,NA,NA,NA,NA,3.89,12000,"5/8/1964",128,FALSE,NA,NA
"1846",3,1964,"5SB",5,"SW",3,TRUE,"C","P.A.G. SX29",FALSE,140,NA,TRUE,"MLrPNsPK",NA,NA,200,40,30,5.48,16000,"5/8/1964",128,FALSE,NA,NA
"1847",3,1964,"5SC",5,"SE",3,TRUE,"C","P.A.G. SX29",FALSE,146.2,NA,TRUE,"MLbP",NA,NA,NA,NA,NA,6.95,16000,"5/8/1964",128,FALSE,NA,NA
"1848",3,1964,"5SD",5,"SE",3,TRUE,"C","P.A.G. SX29",FALSE,133.2,NA,TRUE,"MLbP",NA,NA,NA,NA,NA,6.93,12000,"5/8/1964",128,FALSE,NA,NA
"1849",3,1965,"3NA",3,"NW",1,TRUE,"CC","P.A.G. SX29",FALSE,42.7,NA,FALSE,"none",NA,NA,NA,NA,NA,1.76,8000,"5/12/1965",132,FALSE,NA,NA
"1850",3,1965,"3NB",3,"NW",1,TRUE,"CC","P.A.G. SX29",FALSE,139.7,NA,TRUE,"0LNsPK",NA,NA,200,40,30,NA,16000,"5/12/1965",132,FALSE,NA,NA
"1851",3,1965,"3NC",3,"NE",1,TRUE,"CC","P.A.G. SX29",FALSE,52,NA,FALSE,"none",NA,NA,NA,NA,NA,1.71,8000,"5/12/1965",132,FALSE,NA,NA
"1852",3,1965,"3ND",3,"NE",1,TRUE,"CC","P.A.G. SX29",FALSE,57,NA,FALSE,"none",NA,NA,NA,NA,NA,1.89,8000,"5/12/1965",132,FALSE,NA,NA
"1853",3,1965,"3SA",3,"SW",1,TRUE,"CC","P.A.G. SX29",FALSE,102.1,NA,TRUE,"MLrP",NA,NA,NA,NA,NA,3,12000,"5/12/1965",132,TRUE,NA,NA
"1854",3,1965,"3SB",3,"SW",1,TRUE,"CC","P.A.G. SX29",FALSE,163.2,NA,TRUE,"MLrPNsPK",NA,NA,200,40,30,NA,16000,"5/12/1965",132,TRUE,NA,NA
"1855",3,1965,"3SC",3,"SE",1,TRUE,"CC","P.A.G. SX29",FALSE,126.4,NA,TRUE,"MLbP",NA,NA,NA,NA,NA,3,16000,"5/12/1965",132,FALSE,NA,NA
"1856",3,1965,"3SD",3,"SE",1,TRUE,"CC","P.A.G. SX29",FALSE,112.5,NA,TRUE,"MLbP",NA,NA,NA,NA,NA,3.9,12000,"5/12/1965",132,FALSE,NA,NA
"1857",3,1965,"4NA",4,"NW",2,TRUE,"C","P.A.G. SX29",FALSE,64.3,NA,FALSE,"none",NA,NA,NA,NA,NA,2.526,8000,"5/12/1965",132,FALSE,NA,NA
"1858",3,1965,"4NB",4,"NW",2,TRUE,"C","P.A.G. SX29",FALSE,156.9,NA,TRUE,"0LNsPK",NA,NA,200,40,30,NA,16000,"5/12/1965",132,FALSE,NA,NA
"1859",3,1965,"4NC",4,"NE",2,TRUE,"C","P.A.G. SX29",FALSE,63.5,NA,FALSE,"none",NA,NA,NA,NA,NA,2.22,8000,"5/12/1965",132,FALSE,NA,NA
"1860",3,1965,"4ND",4,"NE",2,TRUE,"C","P.A.G. SX29",FALSE,69.3,NA,FALSE,"none",NA,NA,NA,NA,NA,2.178,8000,"5/12/1965",132,FALSE,NA,NA
"1861",3,1965,"4SA",4,"SW",2,TRUE,"C","P.A.G. SX29",FALSE,146.9,NA,TRUE,"MLrP",NA,NA,NA,NA,NA,5.924,12000,"5/12/1965",132,FALSE,NA,NA
"1862",3,1965,"4SB",4,"SW",2,TRUE,"C","P.A.G. SX29",FALSE,162.4,NA,TRUE,"MLrPNsPK",NA,NA,200,40,30,NA,16000,"5/12/1965",132,FALSE,NA,NA
"1863",3,1965,"4SC",4,"SE",2,TRUE,"C","P.A.G. SX29",FALSE,159.2,NA,TRUE,"MLbP",NA,NA,NA,NA,NA,4.076,16000,"5/12/1965",132,FALSE,NA,NA
"1864",3,1965,"4SD",4,"SE",2,TRUE,"C","P.A.G. SX29",FALSE,142.1,NA,TRUE,"MLbP",NA,NA,NA,NA,NA,5.268,12000,"5/12/1965",132,FALSE,NA,NA
"1865",3,1965,"5NA",5,"NW",3,FALSE,"O","Goodfield",FALSE,38.1,NA,FALSE,"none",NA,NA,NA,NA,NA,0.628,NA,"4/20/1965",110,FALSE,NA,NA
"1866",3,1965,"5NB",5,"NW",3,FALSE,"O","Goodfield",FALSE,78.3,NA,TRUE,"0LNsPK",NA,NA,50,40,30,1.65,NA,"4/20/1965",110,FALSE,NA,NA
"1867",3,1965,"5NC",5,"NE",3,FALSE,"O","Goodfield",FALSE,39.1,NA,FALSE,"none",NA,NA,NA,NA,NA,1.038,NA,"4/20/1965",110,FALSE,NA,NA
"1868",3,1965,"5ND",5,"NE",3,FALSE,"O","Goodfield",FALSE,NA,NA,FALSE,"none",NA,NA,NA,NA,NA,NA,NA,"4/20/1965",110,FALSE,NA,NA
"1869",3,1965,"5SA",5,"SW",3,FALSE,"O","Goodfield",FALSE,102.6,NA,TRUE,"MLrP",774,NA,NA,NA,NA,1.61,NA,"4/20/1965",110,FALSE,NA,NA
"1870",3,1965,"5SB",5,"SW",3,FALSE,"O","Goodfield",FALSE,99,NA,TRUE,"MLrPNsPK",774,NA,50,40,30,2.55,NA,"4/20/1965",110,FALSE,NA,NA
"1871",3,1965,"5SC",5,"SE",3,FALSE,"O","Goodfield",FALSE,93.6,NA,TRUE,"MLbP",774,NA,NA,NA,NA,2.62,NA,"4/20/1965",110,FALSE,NA,NA
"1872",3,1965,"5SD",5,"SE",3,FALSE,"O","Goodfield",FALSE,NA,NA,TRUE,"MLbP",774,NA,NA,NA,NA,NA,NA,"4/20/1965",110,FALSE,NA,NA
"1873",3,1966,"3NA",3,"NW",1,TRUE,"CC","Pioneer SX29",FALSE,54,NA,FALSE,"none",NA,NA,NA,NA,NA,1.16,8000,"5/10/1966",130,FALSE,NA,NA
"1874",3,1966,"3NB",3,"NW",1,TRUE,"CC","Pioneer SX29",FALSE,116.4,NA,TRUE,"0LNsPK",NA,NA,200,40,30,NA,16000,"5/10/1966",130,FALSE,NA,NA
"1875",3,1966,"3NC",3,"NE",1,TRUE,"CC","Pioneer SX29",FALSE,50.1,NA,FALSE,"none",NA,NA,NA,NA,NA,0.92,8000,"5/10/1966",130,FALSE,NA,NA
"1876",3,1966,"3ND",3,"NE",1,TRUE,"CC","Pioneer SX29",FALSE,61.1,NA,FALSE,"none",NA,NA,NA,NA,NA,1.3,8000,"5/10/1966",130,FALSE,NA,NA
"1877",3,1966,"3SA",3,"SW",1,TRUE,"CC","Pioneer SX29",FALSE,86.8,NA,TRUE,"MLrP",332,NA,NA,NA,NA,1.8,12000,"5/10/1966",130,FALSE,NA,NA
"1878",3,1966,"3SB",3,"SW",1,TRUE,"CC","Pioneer SX29",FALSE,130.8,NA,TRUE,"MLrPNsPK",NA,NA,200,40,30,NA,16000,"5/10/1966",130,FALSE,NA,NA
"1879",3,1966,"3SC",3,"SE",1,TRUE,"CC","Pioneer SX29",FALSE,121.4,NA,TRUE,"MLbP",332,NA,NA,NA,NA,3.3,16000,"5/10/1966",130,FALSE,NA,NA
"1880",3,1966,"3SD",3,"SE",1,TRUE,"CC","Pioneer SX29",FALSE,110.3,NA,TRUE,"MLbP",332,NA,NA,NA,NA,2.92,12000,"5/10/1966",130,FALSE,NA,NA
"1881",3,1966,"4NA",4,"NW",2,FALSE,"O","Goodfield",FALSE,30.2,NA,FALSE,"none",NA,NA,NA,NA,NA,0.5,NA,"3/30/1966",90,FALSE,NA,NA
"1882",3,1966,"4NB",4,"NW",2,FALSE,"O","Goodfield",FALSE,56.2,NA,TRUE,"0LNsPK",NA,NA,150,40,30,1.4,NA,"3/30/1966",90,FALSE,NA,NA
"1883",3,1966,"4NC",4,"NE",2,FALSE,"O","Goodfield",FALSE,23.5,NA,FALSE,"none",NA,NA,NA,NA,NA,0.776,NA,"3/30/1966",90,FALSE,NA,NA
"1884",3,1966,"4ND",4,"NE",2,FALSE,"O","Goodfield",FALSE,NA,NA,FALSE,"none",NA,NA,NA,NA,NA,NA,NA,"3/30/1966",90,FALSE,NA,NA
"1885",3,1966,"4SA",4,"SW",2,FALSE,"O","Goodfield",FALSE,70.5,NA,TRUE,"MLrP",NA,NA,NA,NA,NA,1.45,NA,"3/30/1966",90,FALSE,NA,NA
"1886",3,1966,"4SB",4,"SW",2,FALSE,"O","Goodfield",FALSE,61.7,NA,TRUE,"MLrPNsPK",NA,NA,25,40,30,1.982,NA,"3/30/1966",90,FALSE,NA,NA
"1887",3,1966,"4SC",4,"SE",2,FALSE,"O","Goodfield",FALSE,73.4,NA,TRUE,"MLbP",NA,NA,NA,NA,NA,3.046,NA,"3/30/1966",90,FALSE,NA,NA
"1888",3,1966,"4SD",4,"SE",2,FALSE,"O","Goodfield",FALSE,NA,NA,TRUE,"MLbP",NA,NA,NA,NA,NA,NA,NA,"3/30/1966",90,FALSE,NA,NA
"1889",3,1966,"5NA",5,"NW",3,FALSE,"A","Du Prits",FALSE,NA,NA,FALSE,"none",NA,NA,NA,NA,NA,NA,NA,NA,NA,FALSE,NA,NA
"1890",3,1966,"5NB",5,"NW",3,FALSE,"A","Du Prits",FALSE,4.27,NA,TRUE,"0LNsPK",NA,NA,50,40,30,NA,NA,NA,NA,FALSE,NA,NA
"1891",3,1966,"5NC",5,"NE",3,FALSE,"A","Du Prits",FALSE,NA,NA,FALSE,"none",NA,NA,NA,NA,NA,NA,NA,NA,NA,FALSE,NA,NA
"1892",3,1966,"5ND",5,"NE",3,FALSE,"A","Du Prits",FALSE,NA,NA,FALSE,"none",NA,NA,NA,NA,NA,NA,NA,NA,NA,FALSE,NA,NA
"1893",3,1966,"5SA",5,"SW",3,FALSE,"A","Du Prits",FALSE,4.67,NA,TRUE,"MLrP",NA,NA,NA,NA,NA,NA,NA,NA,NA,FALSE,NA,NA
"1894",3,1966,"5SB",5,"SW",3,FALSE,"A","Du Prits",FALSE,5.4,NA,TRUE,"MLrPNsPK",NA,NA,50,40,30,NA,NA,NA,NA,FALSE,NA,NA
"1895",3,1966,"5SC",5,"SE",3,FALSE,"A","Du Prits",FALSE,5.29,NA,TRUE,"MLbP",NA,NA,NA,NA,NA,NA,NA,NA,NA,FALSE,NA,NA
"1896",3,1966,"5SD",5,"SE",3,FALSE,"A","Du Prits",FALSE,NA,NA,TRUE,"MLbP",NA,NA,NA,NA,NA,NA,NA,NA,NA,FALSE,NA,NA
"1897",3,1967,"3NA",3,"NW",1,TRUE,"CC","Pioneer SX29",TRUE,43.01,NA,FALSE,"none",NA,NA,NA,NA,NA,NA,8000,"5/17/1967",137,TRUE,NA,NA
"1898",3,1967,"3NB",3,"NW",1,TRUE,"CC","Pioneer SX29",TRUE,131.51,NA,TRUE,"0LNsPK",NA,NA,200,40,30,NA,16000,"5/17/1967",137,TRUE,NA,NA
"1899",3,1967,"3NC",3,"NE",1,TRUE,"CC","Pioneer SX29",TRUE,41.18,NA,FALSE,"none",NA,NA,NA,NA,NA,NA,8000,"5/17/1967",137,TRUE,NA,NA
"1900",3,1967,"3ND",3,"NE",1,TRUE,"CC","Pioneer SX29",TRUE,50.44,NA,FALSE,"none",NA,NA,NA,NA,NA,NA,8000,"5/17/1967",137,TRUE,NA,NA
"1901",3,1967,"3SA",3,"SW",1,TRUE,"CC","Pioneer SX29",TRUE,102.54,NA,TRUE,"MLrP",401,NA,NA,NA,NA,NA,12000,"5/17/1967",137,TRUE,NA,NA
"1902",3,1967,"3SB",3,"SW",1,TRUE,"CC","Pioneer SX29",TRUE,137.33,NA,TRUE,"MLrPNsPK",NA,NA,200,40,30,NA,16000,"5/17/1967",137,TRUE,NA,NA
"1903",3,1967,"3SC",3,"SE",1,TRUE,"CC","Pioneer SX29",TRUE,124.63,NA,TRUE,"MLbP",401,NA,NA,NA,NA,NA,16000,"5/17/1967",137,TRUE,NA,NA
"1904",3,1967,"3SD",3,"SE",1,TRUE,"CC","Pioneer SX29",TRUE,118.11,NA,TRUE,"MLbP",401,NA,NA,NA,NA,NA,12000,"5/17/1967",137,TRUE,NA,NA
"1905",3,1967,"4NA",4,"NW",2,TRUE,"C","Pioneer SX29",TRUE,65.46,NA,FALSE,"none",NA,NA,NA,NA,NA,NA,8000,"5/17/1967",137,TRUE,NA,NA
"1906",3,1967,"4NB",4,"NW",2,TRUE,"C","Pioneer SX29",TRUE,141.12,NA,TRUE,"0LNsPK",NA,NA,200,40,30,NA,16000,"5/17/1967",137,TRUE,NA,NA
"1907",3,1967,"4NC",4,"NE",2,TRUE,"C","Pioneer SX29",TRUE,64.21,NA,FALSE,"none",NA,NA,NA,NA,NA,NA,8000,"5/17/1967",137,TRUE,NA,NA
"1908",3,1967,"4ND",4,"NE",2,TRUE,"C","Pioneer SX29",TRUE,67.51,NA,FALSE,"none",NA,NA,NA,NA,NA,NA,8000,"5/17/1967",137,TRUE,NA,NA
"1909",3,1967,"4SA",4,"SW",2,TRUE,"C","Pioneer SX29",TRUE,111.83,NA,TRUE,"MLrP",591,NA,NA,NA,NA,NA,12000,"5/17/1967",137,TRUE,NA,NA
"1910",3,1967,"4SB",4,"SW",2,TRUE,"C","Pioneer SX29",TRUE,138.05,NA,TRUE,"MLrPNsPK",NA,NA,200,40,30,NA,16000,"5/17/1967",137,TRUE,NA,NA
"1911",3,1967,"4SC",4,"SE",2,TRUE,"C","Pioneer SX29",TRUE,146.7,NA,TRUE,"MLbP",591,NA,NA,NA,NA,NA,16000,"5/17/1967",137,TRUE,NA,NA
"1912",3,1967,"4SD",4,"SE",2,TRUE,"C","Pioneer SX29",TRUE,140.79,NA,TRUE,"MLbP",591,NA,NA,NA,NA,NA,12000,"5/17/1967",137,TRUE,NA,NA
"1913",3,1967,"5NA",5,"NW",3,TRUE,"C","Pioneer SX29",TRUE,73.95,NA,FALSE,"none",NA,NA,NA,NA,NA,NA,8000,"5/17/1967",137,TRUE,NA,NA
"1914",3,1967,"5NB",5,"NW",3,TRUE,"C","Pioneer SX29",TRUE,148.73,NA,TRUE,"0LNsPK",NA,NA,200,40,30,NA,16000,"5/17/1967",137,TRUE,NA,NA
"1915",3,1967,"5NC",5,"NE",3,TRUE,"C","Pioneer SX29",TRUE,77.34,NA,FALSE,"none",NA,NA,NA,NA,NA,NA,8000,"5/17/1967",137,TRUE,NA,NA
"1916",3,1967,"5ND",5,"NE",3,TRUE,"C","Pioneer SX29",TRUE,89.92,NA,FALSE,"none",NA,NA,NA,NA,NA,NA,8000,"5/17/1967",137,TRUE,NA,NA
"1917",3,1967,"5SA",5,"SW",3,TRUE,"C","Pioneer SX29",TRUE,119.92,NA,TRUE,"MLrP",931,NA,NA,NA,NA,NA,12000,"5/17/1967",137,TRUE,NA,NA
"1918",3,1967,"5SB",5,"SW",3,TRUE,"C","Pioneer SX29",TRUE,144.37,NA,TRUE,"MLrPNsPK",980,NA,200,40,30,NA,16000,"5/17/1967",137,TRUE,NA,NA
"1919",3,1967,"5SC",5,"SE",3,TRUE,"C","Pioneer SX29",TRUE,156.59,NA,TRUE,"MLbP",931,NA,NA,NA,NA,NA,16000,"5/17/1967",137,TRUE,NA,NA
"1920",3,1967,"5SD",5,"SE",3,TRUE,"C","Pioneer SX29",TRUE,143.32,NA,TRUE,"MLbP",931,NA,NA,NA,NA,NA,12000,"5/17/1967",137,TRUE,NA,NA
"1921",4,1968,"3NA",3,"NW",1,TRUE,"CC","Pioneer SX29",FALSE,37.6,NA,FALSE,"none",300,NA,NA,NA,NA,NA,8000,"5/6/1968",126,TRUE,NA,"treatment amount present for untreated plot"
"1922",4,1968,"3NB",3,"NW",1,TRUE,"CC","Pioneer SX29",FALSE,102.2,NA,TRUE,"LNPK",300,NA,200,40,30,NA,24000,"5/6/1968",126,TRUE,NA,NA
"1923",4,1968,"3NC",3,"NE",1,TRUE,"CC","Pioneer SX29",FALSE,36.4,NA,FALSE,"none",NA,NA,NA,NA,NA,NA,8000,"5/6/1968",126,TRUE,NA,NA
"1924",4,1968,"3ND",3,"NE",1,TRUE,"CC","Pioneer SX29",FALSE,37.8,NA,FALSE,"none",NA,NA,NA,NA,NA,NA,8000,"5/6/1968",126,TRUE,NA,NA
"1925",4,1968,"3SA",3,"SW",1,TRUE,"CC","Pioneer SX29",FALSE,120,NA,TRUE,"LHNPK",NA,NA,300,200,200,NA,24000,"5/6/1968",126,TRUE,NA,NA
"1926",4,1968,"3SB",3,"SW",1,TRUE,"CC","Pioneer SX29",FALSE,106.8,NA,TRUE,"LNPK",NA,NA,200,40,30,NA,24000,"5/6/1968",126,TRUE,NA,NA
"1927",4,1968,"3SC",3,"SE",1,TRUE,"CC","Pioneer SX29",FALSE,83.4,NA,TRUE,"MLP",NA,NA,NA,NA,NA,NA,16000,"5/6/1968",126,TRUE,NA,NA
"1928",4,1968,"3SD",3,"SE",1,TRUE,"CC","Pioneer SX29",FALSE,66.5,NA,TRUE,"MLP",NA,NA,NA,NA,NA,NA,12000,"5/6/1968",126,TRUE,NA,NA
"1929",4,1968,"4NA",4,"NW",2,FALSE,"S","Beeson",FALSE,40.6,NA,FALSE,"none",NA,NA,NA,NA,NA,NA,NA,"6/6/1968",157,TRUE,NA,NA
"1930",4,1968,"4NB",4,"NW",2,FALSE,"S","Beeson",FALSE,48.7,NA,TRUE,"LNPK",NA,NA,NA,NA,NA,NA,NA,"6/6/1968",157,TRUE,NA,NA
"1931",4,1968,"4NC",4,"NE",2,FALSE,"S","Beeson",FALSE,37.1,NA,FALSE,"none",NA,NA,NA,NA,NA,NA,NA,"6/6/1968",157,TRUE,NA,NA
"1932",4,1968,"4ND",4,"NE",2,FALSE,"S","Beeson",FALSE,37.1,NA,FALSE,"none",NA,NA,NA,NA,NA,NA,NA,"6/6/1968",157,TRUE,NA,NA
"1933",4,1968,"4SA",4,"SW",2,FALSE,"S","Beeson",FALSE,48.4,NA,TRUE,"LHNPK",NA,NA,NA,NA,NA,NA,NA,"6/6/1968",157,TRUE,NA,NA
"1934",4,1968,"4SB",4,"SW",2,FALSE,"S","Beeson",FALSE,52.6,NA,TRUE,"LNPK",NA,NA,NA,NA,NA,NA,NA,"6/6/1968",157,TRUE,NA,NA
"1935",4,1968,"4SC",4,"SE",2,FALSE,"S","Beeson",FALSE,50.4,NA,TRUE,"MLP",NA,NA,NA,NA,NA,NA,NA,"6/6/1968",157,TRUE,NA,NA
"1936",4,1968,"4SD",4,"SE",2,FALSE,"S","Beeson",FALSE,50.4,NA,TRUE,"MLP",NA,NA,NA,NA,NA,NA,NA,"6/6/1968",157,TRUE,NA,NA
"1937",4,1968,"5NA",5,"NW",3,FALSE,"O","Goodfield",FALSE,31.8,NA,FALSE,"none",NA,NA,NA,NA,NA,NA,NA,"3/28/1968",87,TRUE,NA,NA
"1938",4,1968,"5NB",5,"NW",3,FALSE,"O","Goodfield",FALSE,66.4,NA,TRUE,"LNPK",NA,NA,75,NA,NA,NA,NA,"3/28/1968",87,TRUE,NA,NA
"1939",4,1968,"5NC",5,"NE",3,FALSE,"O","Goodfield",FALSE,32.8,NA,FALSE,"none",NA,NA,NA,NA,NA,NA,NA,"3/28/1968",87,TRUE,NA,NA
"1940",4,1968,"5ND",5,"NE",3,FALSE,"O","Goodfield",FALSE,NA,NA,FALSE,"none",NA,NA,NA,NA,NA,NA,NA,"3/28/1968",87,TRUE,NA,NA
"1941",4,1968,"5SA",5,"SW",3,FALSE,"O","Goodfield",FALSE,57.9,NA,TRUE,"LHNPK",NA,NA,100,NA,NA,NA,NA,"3/28/1968",87,TRUE,NA,NA
"1942",4,1968,"5SB",5,"SW",3,FALSE,"O","Goodfield",FALSE,84,NA,TRUE,"LNPK",NA,NA,75,NA,NA,NA,NA,"3/28/1968",87,TRUE,NA,NA
"1943",4,1968,"5SC",5,"SE",3,FALSE,"O","Goodfield",FALSE,78.9,NA,TRUE,"MLP",NA,NA,NA,NA,NA,NA,NA,"3/28/1968",87,TRUE,NA,NA
"1944",4,1968,"5SD",5,"SE",3,FALSE,"O","Goodfield",FALSE,NA,NA,TRUE,"MLP",NA,NA,NA,NA,NA,NA,NA,"3/28/1968",87,TRUE,NA,NA
"1945",4,1969,"3NA",3,"NW",1,TRUE,"CC","Pioneer 3306",FALSE,51.9,NA,FALSE,"none",NA,NA,NA,NA,NA,NA,8000,"5/14/1969",134,FALSE,NA,NA
"1946",4,1969,"3NB",3,"NW",1,TRUE,"CC","Pioneer 3306",FALSE,139.8,NA,TRUE,"LNPK",NA,NA,200,40,30,NA,24000,"5/14/1969",134,TRUE,NA,NA
"1947",4,1969,"3NC",3,"NE",1,TRUE,"CC","Pioneer 3306",FALSE,55.9,NA,FALSE,"none",NA,NA,NA,NA,NA,NA,8000,"5/14/1969",134,TRUE,NA,NA
"1948",4,1969,"3ND",3,"NE",1,TRUE,"CC","Pioneer 3306",FALSE,70,NA,FALSE,"none",NA,NA,NA,NA,NA,NA,8000,"5/14/1969",134,TRUE,NA,NA
"1949",4,1969,"3SA",3,"SW",1,TRUE,"CC","Pioneer 3306",FALSE,136.2,NA,TRUE,"LHNPK",NA,NA,300,200,200,NA,24000,"5/14/1969",134,TRUE,NA,NA
"1950",4,1969,"3SB",3,"SW",1,TRUE,"CC","Pioneer 3306",FALSE,139,NA,TRUE,"LNPK",NA,NA,200,40,30,NA,24000,"5/14/1969",134,TRUE,NA,NA
"1951",4,1969,"3SC",3,"SE",1,TRUE,"CC","Pioneer 3306",FALSE,115.2,NA,TRUE,"MLP",600,NA,NA,NA,NA,NA,16000,"5/14/1969",134,TRUE,NA,NA
"1952",4,1969,"3SD",3,"SE",1,TRUE,"CC","Pioneer 3306",FALSE,112.1,NA,TRUE,"MLP",600,NA,NA,NA,NA,NA,12000,"5/14/1969",134,TRUE,NA,NA
"1953",4,1969,"4NA",4,"NW",2,TRUE,"C","Pioneer 3306",FALSE,73.3,NA,FALSE,"none",NA,NA,NA,NA,NA,NA,12000,"5/14/1969",134,TRUE,NA,NA
"1954",4,1969,"4NB",4,"NW",2,TRUE,"C","Pioneer 3306",FALSE,140.8,NA,TRUE,"LNPK",NA,NA,200,40,30,NA,24000,"5/14/1969",134,TRUE,NA,NA
"1955",4,1969,"4NC",4,"NE",2,TRUE,"C","Pioneer 3306",FALSE,66.9,NA,FALSE,"none",NA,NA,NA,NA,NA,NA,12000,"5/14/1969",134,TRUE,NA,NA
"1956",4,1969,"4ND",4,"NE",2,TRUE,"C","Pioneer 3306",FALSE,72.5,NA,FALSE,"none",NA,NA,NA,NA,NA,NA,12000,"5/14/1969",134,TRUE,NA,NA
"1957",4,1969,"4SA",4,"SW",2,TRUE,"C","Pioneer 3306",FALSE,145.1,NA,TRUE,"LHNPK",NA,NA,300,200,200,NA,24000,"5/14/1969",134,TRUE,NA,NA
"1958",4,1969,"4SB",4,"SW",2,TRUE,"C","Pioneer 3306",FALSE,147.5,NA,TRUE,"LNPK",NA,NA,200,40,30,NA,24000,"5/14/1969",134,TRUE,NA,NA
"1959",4,1969,"4SC",4,"SE",2,TRUE,"C","Pioneer 3306",FALSE,135.1,NA,TRUE,"MLP",600,NA,NA,NA,NA,NA,16000,"5/14/1969",134,TRUE,NA,NA
"1960",4,1969,"4SD",4,"SE",2,TRUE,"C","Pioneer 3306",FALSE,126,NA,TRUE,"MLP",600,NA,NA,NA,NA,NA,12000,"5/14/1969",134,TRUE,NA,NA
"1961",4,1969,"5NA",5,"NW",3,FALSE,"H",NA,FALSE,NA,NA,FALSE,"none",NA,NA,NA,NA,NA,NA,NA,NA,NA,TRUE,NA,NA
"1962",4,1969,"5NB",5,"NW",3,FALSE,"H",NA,FALSE,NA,NA,TRUE,"LNPK",NA,NA,NA,NA,NA,NA,NA,NA,NA,TRUE,NA,NA
"1963",4,1969,"5NC",5,"NE",3,FALSE,"H",NA,FALSE,NA,NA,FALSE,"none",NA,NA,NA,NA,NA,NA,NA,NA,NA,TRUE,NA,NA
"1964",4,1969,"5ND",5,"NE",3,FALSE,"H",NA,FALSE,NA,NA,FALSE,"none",NA,NA,NA,NA,NA,NA,NA,NA,NA,TRUE,NA,NA
"1965",4,1969,"5SA",5,"SW",3,FALSE,"H",NA,FALSE,NA,NA,TRUE,"LHNPK",NA,NA,NA,NA,NA,NA,NA,NA,NA,TRUE,NA,NA
"1966",4,1969,"5SB",5,"SW",3,FALSE,"H",NA,FALSE,NA,NA,TRUE,"LNPK",NA,NA,NA,NA,NA,NA,NA,NA,NA,TRUE,NA,NA
"1967",4,1969,"5SC",5,"SE",3,FALSE,"H",NA,FALSE,NA,NA,TRUE,"MLP",NA,NA,NA,NA,NA,NA,NA,NA,NA,TRUE,NA,NA
"1968",4,1969,"5SD",5,"SE",3,FALSE,"H",NA,FALSE,NA,NA,TRUE,"MLP",NA,NA,NA,NA,NA,NA,NA,NA,NA,TRUE,NA,NA
"1969",4,1970,"3NA",3,"NW",1,TRUE,"CC","Pioneer 3306",FALSE,32,NA,FALSE,"none",NA,NA,NA,NA,NA,NA,8000,"5/11/1970",131,FALSE,NA,NA
"1970",4,1970,"3NB",3,"NW",1,TRUE,"CC","Pioneer 3306",FALSE,132.2,NA,TRUE,"LNPK",NA,NA,NA,NA,NA,NA,24000,"5/11/1970",131,FALSE,NA,NA
"1971",4,1970,"3NC",3,"NE",1,TRUE,"CC","Pioneer 3306",FALSE,38.7,NA,FALSE,"none",NA,NA,200,NA,NA,NA,8000,"5/11/1970",131,FALSE,NA,"treatment amount present for untreated plot"
"1972",4,1970,"3ND",3,"NE",1,TRUE,"CC","Pioneer 3306",FALSE,43.1,NA,FALSE,"none",NA,NA,NA,NA,NA,NA,8000,"5/11/1970",131,FALSE,NA,NA
"1973",4,1970,"3SA",3,"SW",1,TRUE,"CC","Pioneer 3306",FALSE,127.5,NA,TRUE,"LHNPK",NA,NA,NA,NA,NA,NA,24000,"5/11/1970",131,FALSE,NA,NA
"1974",4,1970,"3SB",3,"SW",1,TRUE,"CC","Pioneer 3306",FALSE,129.7,NA,TRUE,"LNPK",NA,NA,300,NA,NA,NA,24000,"5/11/1970",131,FALSE,NA,NA
"1975",4,1970,"3SC",3,"SE",1,TRUE,"CC","Pioneer 3306",FALSE,73,NA,TRUE,"MLP",NA,NA,200,NA,NA,NA,16000,"5/11/1970",131,FALSE,NA,NA
"1976",4,1970,"3SD",3,"SE",1,TRUE,"CC","Pioneer 3306",FALSE,77.2,NA,TRUE,"MLP",NA,NA,NA,NA,NA,NA,12000,"5/11/1970",131,FALSE,NA,NA
"1977",4,1970,"4NA",4,"NW",2,FALSE,"S","Beeson",FALSE,46.3,NA,FALSE,"none",NA,NA,NA,NA,NA,NA,NA,"5/21/1970",141,FALSE,NA,NA
"1978",4,1970,"4NB",4,"NW",2,FALSE,"S","Beeson",FALSE,47.4,NA,TRUE,"LNPK",NA,NA,NA,NA,NA,NA,NA,"5/21/1970",141,FALSE,NA,NA
"1979",4,1970,"4NC",4,"NE",2,FALSE,"S","Beeson",FALSE,39.6,NA,FALSE,"none",NA,NA,NA,NA,NA,NA,NA,"5/21/1970",141,FALSE,NA,NA
"1980",4,1970,"4ND",4,"NE",2,FALSE,"S","Beeson",FALSE,NA,NA,FALSE,"none",NA,NA,NA,NA,NA,NA,NA,"5/21/1970",141,FALSE,NA,NA
"1981",4,1970,"4SA",4,"SW",2,FALSE,"S","Beeson",FALSE,57.1,NA,TRUE,"LHNPK",NA,NA,NA,NA,NA,NA,NA,"5/21/1970",141,FALSE,NA,NA
"1982",4,1970,"4SB",4,"SW",2,FALSE,"S","Beeson",FALSE,57.2,NA,TRUE,"LNPK",NA,NA,NA,NA,NA,NA,NA,"5/21/1970",141,FALSE,NA,NA
"1983",4,1970,"4SC",4,"SE",2,FALSE,"S","Beeson",FALSE,60.9,NA,TRUE,"MLP",NA,NA,NA,NA,NA,NA,NA,"5/21/1970",141,FALSE,NA,NA
"1984",4,1970,"4SD",4,"SE",2,FALSE,"S","Beeson",FALSE,NA,NA,TRUE,"MLP",NA,NA,NA,NA,NA,NA,NA,"5/21/1970",141,FALSE,NA,NA
"1985",4,1970,"5NA",5,"NW",3,TRUE,"C","Pioneer 3306",FALSE,82.4,NA,FALSE,"none",NA,NA,NA,NA,NA,NA,12000,"5/11/1970",131,FALSE,NA,NA
"1986",4,1970,"5NB",5,"NW",3,TRUE,"C","Pioneer 3306",FALSE,127,NA,TRUE,"LNPK",NA,NA,200,40,30,NA,24000,"5/11/1970",131,FALSE,NA,NA
"1987",4,1970,"5NC",5,"NE",3,TRUE,"C","Pioneer 3306",FALSE,81.4,NA,FALSE,"none",NA,NA,NA,NA,NA,NA,12000,"5/11/1970",131,FALSE,NA,NA
"1988",4,1970,"5ND",5,"NE",3,TRUE,"C","Pioneer 3306",FALSE,85.8,NA,FALSE,"none",NA,NA,NA,NA,NA,NA,12000,"5/11/1970",131,FALSE,NA,NA
"1989",4,1970,"5SA",5,"SW",3,TRUE,"C","Pioneer 3306",FALSE,136.6,NA,TRUE,"LHNPK",NA,NA,300,200,200,NA,24000,"5/11/1970",131,FALSE,NA,NA
"1990",4,1970,"5SB",5,"SW",3,TRUE,"C","Pioneer 3306",FALSE,139.3,NA,TRUE,"LNPK",NA,NA,200,40,30,NA,24000,"5/11/1970",131,FALSE,NA,NA
"1991",4,1970,"5SC",5,"SE",3,TRUE,"C","Pioneer 3306",FALSE,133.3,NA,TRUE,"MLP",900,NA,NA,NA,NA,NA,16000,"5/11/1970",131,FALSE,NA,NA
"1992",4,1970,"5SD",5,"SE",3,TRUE,"C","Pioneer 3306",FALSE,126.3,NA,TRUE,"MLP",900,NA,NA,NA,NA,NA,12000,"5/11/1970",131,FALSE,NA,NA
"1993",4,1971,"3NA",3,"NW",1,TRUE,"CC","Pioneer 3376",FALSE,52.4,NA,FALSE,"none",NA,NA,NA,NA,NA,NA,8000,"5/5/1971",125,TRUE,NA,NA
"1994",4,1971,"3NB",3,"NW",1,TRUE,"CC","Pioneer 3376",FALSE,131.3,NA,TRUE,"LNPK",NA,NA,200,40,30,NA,24000,"5/5/1971",125,TRUE,NA,NA
"1995",4,1971,"3NC",3,"NE",1,TRUE,"CC","Pioneer 3376",FALSE,52.4,NA,FALSE,"none",NA,NA,NA,NA,NA,NA,8000,"5/5/1971",125,TRUE,NA,NA
"1996",4,1971,"3ND",3,"NE",1,TRUE,"CC","Pioneer 3376",FALSE,52.4,NA,FALSE,"none",NA,NA,NA,NA,NA,NA,8000,"5/5/1971",125,TRUE,NA,NA
"1997",4,1971,"3SA",3,"SW",1,TRUE,"CC","Pioneer 3376",FALSE,146,NA,TRUE,"LHNPK",NA,NA,300,200,200,NA,24000,"5/5/1971",125,TRUE,NA,NA
"1998",4,1971,"3SB",3,"SW",1,TRUE,"CC","Pioneer 3376",FALSE,127.2,NA,TRUE,"LNPK",NA,NA,200,40,30,NA,24000,"5/5/1971",125,TRUE,NA,NA
"1999",4,1971,"3SC",3,"SE",1,TRUE,"CC","Pioneer 3376",FALSE,107.7,NA,TRUE,"MLP",600,NA,NA,NA,NA,NA,16000,"5/5/1971",125,TRUE,NA,NA
"2000",4,1971,"3SD",3,"SE",1,TRUE,"CC","Pioneer 3376",FALSE,92.5,NA,TRUE,"MLP",600,NA,NA,NA,NA,NA,12000,"5/5/1971",125,FALSE,NA,NA
"2001",4,1971,"4NA",4,"NW",2,TRUE,"C","Pioneer 3376",FALSE,77.9,NA,FALSE,"none",NA,NA,NA,NA,NA,NA,12000,"5/5/1971",125,TRUE,NA,NA
"2002",4,1971,"4NB",4,"NW",2,TRUE,"C","Pioneer 3376",FALSE,134,NA,TRUE,"LNPK",NA,NA,200,40,30,NA,24000,"5/5/1971",125,TRUE,NA,NA
"2003",4,1971,"4NC",4,"NE",2,TRUE,"C","Pioneer 3376",FALSE,77.9,NA,FALSE,"none",NA,NA,NA,NA,NA,NA,12000,"5/5/1971",125,TRUE,NA,NA
"2004",4,1971,"4ND",4,"NE",2,TRUE,"C","Pioneer 3376",FALSE,77.9,NA,FALSE,"none",NA,NA,NA,NA,NA,NA,12000,"5/5/1971",125,TRUE,NA,NA
"2005",4,1971,"4SA",4,"SW",2,TRUE,"C","Pioneer 3376",FALSE,168.9,NA,TRUE,"LHNPK",NA,NA,300,200,200,NA,24000,"5/5/1971",125,TRUE,NA,NA
"2006",4,1971,"4SB",4,"SW",2,TRUE,"C","Pioneer 3376",FALSE,138.2,NA,TRUE,"LNPK",NA,NA,200,40,30,NA,24000,"5/5/1971",125,TRUE,NA,NA
"2007",4,1971,"4SC",4,"SE",2,TRUE,"C","Pioneer 3376",FALSE,125.6,NA,TRUE,"MLP",600,NA,NA,NA,NA,NA,16000,"5/5/1971",125,TRUE,NA,NA
"2008",4,1971,"4SD",4,"SE",2,TRUE,"C","Pioneer 3376",FALSE,114.8,NA,TRUE,"MLP",600,NA,NA,NA,NA,NA,12000,"5/5/1971",125,TRUE,NA,NA
"2009",4,1971,"5NA",5,"NW",3,FALSE,"O",NA,FALSE,32.9,NA,FALSE,"none",NA,NA,NA,NA,NA,NA,NA,"3/31/1971",90,TRUE,NA,NA
"2010",4,1971,"5NB",5,"NW",3,FALSE,"O",NA,FALSE,75.7,NA,TRUE,"LNPK",NA,NA,75,NA,NA,NA,NA,"3/31/1971",90,TRUE,NA,NA
"2011",4,1971,"5NC",5,"NE",3,FALSE,"O",NA,FALSE,30.2,NA,FALSE,"none",NA,NA,NA,NA,NA,NA,NA,"3/31/1971",90,TRUE,NA,NA
"2012",4,1971,"5ND",5,"NE",3,FALSE,"O",NA,FALSE,NA,NA,FALSE,"none",NA,NA,NA,NA,NA,NA,NA,"3/31/1971",90,TRUE,NA,NA
"2013",4,1971,"5SA",5,"SW",3,FALSE,"O",NA,FALSE,57,NA,TRUE,"LHNPK",NA,NA,100,NA,NA,NA,NA,"3/31/1971",90,TRUE,NA,NA
"2014",4,1971,"5SB",5,"SW",3,FALSE,"O",NA,FALSE,70.8,NA,TRUE,"LNPK",NA,NA,75,NA,NA,NA,NA,"3/31/1971",90,TRUE,NA,NA
"2015",4,1971,"5SC",5,"SE",3,FALSE,"O",NA,FALSE,63,NA,TRUE,"MLP",NA,NA,NA,NA,NA,NA,NA,"3/31/1971",90,TRUE,NA,NA
"2016",4,1971,"5SD",5,"SE",3,FALSE,"O",NA,FALSE,NA,NA,TRUE,"MLP",NA,NA,NA,NA,NA,NA,NA,"3/31/1971",90,TRUE,NA,NA
"2017",4,1972,"3NA",3,"NW",1,TRUE,"CC","Pioneer 3376",FALSE,53.6,NA,FALSE,"none",NA,NA,NA,NA,NA,NA,8000,"5/10/1972",130,FALSE,NA,NA
"2018",4,1972,"3NB",3,"NW",1,TRUE,"CC","Pioneer 3376",FALSE,135.9,NA,TRUE,"LNPK",NA,NA,200,40,30,NA,24000,"5/10/1972",130,FALSE,NA,NA
"2019",4,1972,"3NC",3,"NE",1,TRUE,"CC","Pioneer 3376",FALSE,53.7,NA,FALSE,"none",NA,NA,NA,NA,NA,NA,8000,"5/10/1972",130,FALSE,NA,NA
"2020",4,1972,"3ND",3,"NE",1,TRUE,"CC","Pioneer 3376",FALSE,66.5,NA,FALSE,"none",NA,NA,NA,NA,NA,NA,8000,"5/10/1972",130,FALSE,NA,NA
"2021",4,1972,"3SA",3,"SW",1,TRUE,"CC","Pioneer 3376",FALSE,159.9,NA,TRUE,"LHNPK",NA,NA,300,200,200,NA,24000,"5/10/1972",130,FALSE,NA,NA
"2022",4,1972,"3SB",3,"SW",1,TRUE,"CC","Pioneer 3376",FALSE,144.1,NA,TRUE,"LNPK",NA,NA,200,40,30,NA,24000,"5/10/1972",130,FALSE,NA,NA
"2023",4,1972,"3SC",3,"SE",1,TRUE,"CC","Pioneer 3376",FALSE,108,NA,TRUE,"MLP",NA,NA,NA,NA,NA,NA,16000,"5/10/1972",130,FALSE,NA,NA
"2024",4,1972,"3SD",3,"SE",1,TRUE,"CC","Pioneer 3376",FALSE,95.7,NA,TRUE,"MLP",NA,NA,NA,NA,NA,NA,12000,"5/10/1972",130,FALSE,NA,NA
"2025",4,1972,"4NA",4,"NW",2,FALSE,"S","Beeson",FALSE,46.7,NA,FALSE,"none",NA,NA,NA,NA,NA,NA,NA,"5/10/1972",130,FALSE,NA,NA
"2026",4,1972,"4NB",4,"NW",2,FALSE,"S","Beeson",FALSE,53.9,NA,TRUE,"LNPK",NA,NA,NA,NA,NA,NA,NA,"5/10/1972",130,FALSE,NA,NA
"2027",4,1972,"4NC",4,"NE",2,FALSE,"S","Beeson",FALSE,39.7,NA,FALSE,"none",NA,NA,NA,NA,NA,NA,NA,"5/10/1972",130,FALSE,NA,NA
"2028",4,1972,"4ND",4,"NE",2,FALSE,"S","Beeson",FALSE,NA,NA,FALSE,"none",NA,NA,NA,NA,NA,NA,NA,"5/10/1972",130,FALSE,NA,NA
"2029",4,1972,"4SA",4,"SW",2,FALSE,"S","Beeson",FALSE,53.1,NA,TRUE,"LHNPK",NA,NA,NA,NA,NA,NA,NA,"5/10/1972",130,FALSE,NA,NA
"2030",4,1972,"4SB",4,"SW",2,FALSE,"S","Beeson",FALSE,52.7,NA,TRUE,"LNPK",NA,NA,NA,NA,NA,NA,NA,"5/10/1972",130,FALSE,NA,NA
"2031",4,1972,"4SC",4,"SE",2,FALSE,"S","Beeson",FALSE,53.3,NA,TRUE,"MLP",NA,NA,NA,NA,NA,NA,NA,"5/10/1972",130,FALSE,NA,NA
"2032",4,1972,"4SD",4,"SE",2,FALSE,"S","Beeson",FALSE,NA,NA,TRUE,"MLP",NA,NA,NA,NA,NA,NA,NA,"5/10/1972",130,FALSE,NA,NA
"2033",4,1972,"5NA",5,"NW",3,FALSE,"H",NA,FALSE,NA,NA,FALSE,"none",NA,NA,NA,NA,NA,NA,NA,NA,NA,FALSE,NA,NA
"2034",4,1972,"5NB",5,"NW",3,FALSE,"H",NA,FALSE,NA,3.8,TRUE,"LNPK",NA,NA,NA,NA,NA,NA,NA,NA,NA,FALSE,NA,NA
"2035",4,1972,"5NC",5,"NE",3,FALSE,"H",NA,FALSE,NA,NA,FALSE,"none",NA,NA,NA,NA,NA,NA,NA,NA,NA,FALSE,NA,NA
"2036",4,1972,"5ND",5,"NE",3,FALSE,"H",NA,FALSE,NA,NA,FALSE,"none",NA,NA,NA,NA,NA,NA,NA,NA,NA,FALSE,NA,NA
"2037",4,1972,"5SA",5,"SW",3,FALSE,"H",NA,FALSE,NA,3.48,TRUE,"LHNPK",NA,NA,NA,NA,NA,NA,NA,NA,NA,FALSE,NA,NA
"2038",4,1972,"5SB",5,"SW",3,FALSE,"H",NA,FALSE,NA,3.5,TRUE,"LNPK",NA,NA,NA,NA,NA,NA,NA,NA,NA,FALSE,NA,NA
"2039",4,1972,"5SC",5,"SE",3,FALSE,"H",NA,FALSE,NA,3.8,TRUE,"MLP",NA,NA,NA,NA,NA,NA,NA,NA,NA,FALSE,NA,NA
"2040",4,1972,"5SD",5,"SE",3,FALSE,"H",NA,FALSE,NA,NA,TRUE,"MLP",NA,NA,NA,NA,NA,NA,NA,NA,NA,FALSE,NA,NA
"2041",4,1973,"3NA",3,"NW",1,TRUE,"CC","Pioneer 3376",TRUE,46.7,NA,FALSE,"none",NA,NA,NA,NA,NA,NA,8000,"5/10/1973",130,FALSE,NA,NA
"2042",4,1973,"3NB",3,"NW",1,TRUE,"CC","Pioneer 3376",TRUE,129.7,NA,TRUE,"LNPK",NA,NA,200,40,30,NA,24000,"5/10/1973",130,FALSE,NA,NA
"2043",4,1973,"3NC",3,"NE",1,TRUE,"CC","Pioneer 3376",TRUE,41.1,NA,FALSE,"none",NA,NA,NA,NA,NA,NA,8000,"5/10/1973",130,FALSE,NA,NA
"2044",4,1973,"3ND",3,"NE",1,TRUE,"CC","Pioneer 3376",TRUE,44.2,NA,FALSE,"none",NA,NA,NA,NA,NA,NA,8000,"5/10/1973",130,FALSE,NA,NA
"2045",4,1973,"3SA",3,"SW",1,TRUE,"CC","Pioneer 3376",TRUE,148.6,NA,TRUE,"LHNPK",NA,NA,300,200,200,NA,24000,"5/10/1973",130,FALSE,NA,NA
"2046",4,1973,"3SB",3,"SW",1,TRUE,"CC","Pioneer 3376",TRUE,142.2,NA,TRUE,"LNPK",NA,NA,200,40,30,NA,24000,"5/10/1973",130,FALSE,NA,NA
"2047",4,1973,"3SC",3,"SE",1,TRUE,"CC","Pioneer 3376",TRUE,75.9,NA,TRUE,"MLP",600,NA,NA,NA,NA,NA,16000,"5/10/1973",130,FALSE,NA,NA
"2048",4,1973,"3SD",3,"SE",1,TRUE,"CC","Pioneer 3376",TRUE,80.4,NA,TRUE,"MLP",600,NA,NA,NA,NA,NA,12000,"5/10/1973",130,FALSE,NA,NA
"2049",4,1973,"4NA",4,"NW",2,TRUE,"C","Pioneer 3376",TRUE,76.3,NA,FALSE,"none",NA,NA,NA,NA,NA,NA,12000,"5/10/1973",130,FALSE,NA,NA
"2050",4,1973,"4NB",4,"NW",2,TRUE,"C","Pioneer 3376",TRUE,155,NA,TRUE,"LNPK",NA,NA,200,40,30,NA,24000,"5/10/1973",130,FALSE,NA,NA
"2051",4,1973,"4NC",4,"NE",2,TRUE,"C","Pioneer 3376",TRUE,72,NA,FALSE,"none",NA,NA,NA,NA,NA,NA,12000,"5/10/1973",130,FALSE,NA,NA
"2052",4,1973,"4ND",4,"NE",2,TRUE,"C","Pioneer 3376",TRUE,73.1,NA,FALSE,"none",NA,NA,NA,NA,NA,NA,12000,"5/10/1973",130,FALSE,NA,NA
"2053",4,1973,"4SA",4,"SW",2,TRUE,"C","Pioneer 3376",TRUE,179.5,NA,TRUE,"LHNPK",NA,NA,300,200,200,NA,24000,"5/10/1973",130,FALSE,NA,NA
"2054",4,1973,"4SB",4,"SW",2,TRUE,"C","Pioneer 3376",TRUE,149.9,NA,TRUE,"LNPK",NA,NA,200,40,30,NA,24000,"5/10/1973",130,FALSE,NA,NA
"2055",4,1973,"4SC",4,"SE",2,TRUE,"C","Pioneer 3376",TRUE,124.7,NA,TRUE,"MLP",600,NA,NA,NA,NA,NA,16000,"5/10/1973",130,FALSE,NA,NA
"2056",4,1973,"4SD",4,"SE",2,TRUE,"C","Pioneer 3376",TRUE,112.2,NA,TRUE,"MLP",600,NA,NA,NA,NA,NA,12000,"5/10/1973",130,FALSE,NA,NA
"2057",4,1973,"5NA",5,"NW",3,TRUE,"C","Pioneer 3376",TRUE,93.8,NA,FALSE,"none",NA,NA,NA,NA,NA,NA,12000,"5/10/1973",130,FALSE,NA,NA
"2058",4,1973,"5NB",5,"NW",3,TRUE,"C","Pioneer 3376",TRUE,164.1,NA,TRUE,"LNPK",NA,NA,200,40,30,NA,24000,"5/10/1973",130,FALSE,NA,NA
"2059",4,1973,"5NC",5,"NE",3,TRUE,"C","Pioneer 3376",TRUE,96,NA,FALSE,"none",NA,NA,NA,NA,NA,NA,12000,"5/10/1973",130,FALSE,NA,NA
"2060",4,1973,"5ND",5,"NE",3,TRUE,"C","Pioneer 3376",TRUE,108,NA,FALSE,"none",NA,NA,NA,NA,NA,NA,12000,"5/10/1973",130,FALSE,NA,NA
"2061",4,1973,"5SA",5,"SW",3,TRUE,"C","Pioneer 3376",TRUE,177.8,NA,TRUE,"LHNPK",NA,NA,300,200,200,NA,24000,"5/10/1973",130,FALSE,NA,NA
"2062",4,1973,"5SB",5,"SW",3,TRUE,"C","Pioneer 3376",TRUE,155.9,NA,TRUE,"LNPK",NA,NA,200,40,30,NA,24000,"5/10/1973",130,FALSE,NA,NA
"2063",4,1973,"5SC",5,"SE",3,TRUE,"C","Pioneer 3376",TRUE,153,NA,TRUE,"MLP",900,NA,NA,NA,NA,NA,16000,"5/10/1973",130,FALSE,NA,NA
"2064",4,1973,"5SD",5,"SE",3,TRUE,"C","Pioneer 3376",TRUE,129.9,NA,TRUE,"MLP",900,NA,NA,NA,NA,NA,12000,"5/10/1973",130,FALSE,NA,NA
"2065",4,1974,"3NA",3,"NW",1,TRUE,"CC","Pioneer 3376",FALSE,32.2,NA,FALSE,"none",NA,NA,NA,NA,NA,NA,8000,"6/4/1974",155,TRUE,NA,NA
"2066",4,1974,"3NB",3,"NW",1,TRUE,"CC","Pioneer 3376",FALSE,100.4,NA,TRUE,"LNPK",NA,NA,200,40,30,NA,24000,"6/4/1974",155,TRUE,NA,NA
"2067",4,1974,"3NC",3,"NE",1,TRUE,"CC","Pioneer 3376",FALSE,38.7,NA,FALSE,"none",NA,NA,NA,NA,NA,NA,8000,"6/4/1974",155,TRUE,NA,NA
"2068",4,1974,"3ND",3,"NE",1,TRUE,"CC","Pioneer 3376",FALSE,47.1,NA,FALSE,"none",NA,NA,NA,NA,NA,NA,8000,"6/4/1974",155,TRUE,NA,NA
"2069",4,1974,"3SA",3,"SW",1,TRUE,"CC","Pioneer 3376",FALSE,105.2,NA,TRUE,"LHNPK",NA,NA,300,200,200,NA,24000,"6/4/1974",155,TRUE,NA,NA
"2070",4,1974,"3SB",3,"SW",1,TRUE,"CC","Pioneer 3376",FALSE,98.5,NA,TRUE,"LNPK",NA,NA,200,40,30,NA,24000,"6/4/1974",155,TRUE,NA,NA
"2071",4,1974,"3SC",3,"SE",1,TRUE,"CC","Pioneer 3376",FALSE,71.3,NA,TRUE,"MLP",NA,NA,NA,NA,NA,NA,16000,"6/4/1974",155,TRUE,NA,NA
"2072",4,1974,"3SD",3,"SE",1,TRUE,"CC","Pioneer 3376",FALSE,73.9,NA,TRUE,"MLP",NA,NA,NA,NA,NA,NA,12000,"6/4/1974",155,TRUE,NA,NA
"2073",4,1974,"4NA",4,"NW",2,FALSE,"S","Williams",FALSE,35.1,NA,FALSE,"none",NA,NA,NA,NA,NA,NA,NA,"6/4/1974",155,TRUE,NA,NA
"2074",4,1974,"4NB",4,"NW",2,FALSE,"S","Williams",FALSE,45.2,NA,TRUE,"LNPK",NA,NA,NA,NA,NA,NA,NA,"6/4/1974",155,TRUE,NA,NA
"2075",4,1974,"4NC",4,"NE",2,FALSE,"S","Williams",FALSE,26.8,NA,FALSE,"none",NA,NA,NA,NA,NA,NA,NA,"6/4/1974",155,TRUE,NA,NA
"2076",4,1974,"4ND",4,"NE",2,FALSE,"S","Williams",FALSE,NA,NA,FALSE,"none",NA,NA,NA,NA,NA,NA,NA,"6/4/1974",155,TRUE,NA,NA
"2077",4,1974,"4SA",4,"SW",2,FALSE,"S","Williams",FALSE,44.5,NA,TRUE,"LHNPK",NA,NA,NA,NA,NA,NA,NA,"6/4/1974",155,TRUE,NA,NA
"2078",4,1974,"4SB",4,"SW",2,FALSE,"S","Williams",FALSE,42.3,NA,TRUE,"LNPK",NA,NA,NA,NA,NA,NA,NA,"6/4/1974",155,TRUE,NA,NA
"2079",4,1974,"4SC",4,"SE",2,FALSE,"S","Williams",FALSE,42.8,NA,TRUE,"MLP",NA,NA,NA,NA,NA,NA,NA,"6/4/1974",155,TRUE,NA,NA
"2080",4,1974,"4SD",4,"SE",2,FALSE,"S","Williams",FALSE,NA,NA,TRUE,"MLP",NA,NA,NA,NA,NA,NA,NA,"6/4/1974",155,TRUE,NA,NA
"2081",4,1974,"5NA",5,"NW",3,FALSE,"O",NA,FALSE,35.1,NA,FALSE,"none",NA,NA,NA,NA,NA,NA,NA,"4/19/1974",109,TRUE,NA,NA
"2082",4,1974,"5NB",5,"NW",3,FALSE,"O",NA,FALSE,79.4,NA,TRUE,"LNPK",NA,NA,75,NA,NA,NA,NA,"4/19/1974",109,TRUE,NA,NA
"2083",4,1974,"5NC",5,"NE",3,FALSE,"O",NA,FALSE,44.9,NA,FALSE,"none",NA,NA,NA,NA,NA,NA,NA,"4/19/1974",109,TRUE,NA,NA
"2084",4,1974,"5ND",5,"NE",3,FALSE,"O",NA,FALSE,NA,NA,FALSE,"none",NA,NA,NA,NA,NA,NA,NA,"4/19/1974",109,TRUE,NA,NA
"2085",4,1974,"5SA",5,"SW",3,FALSE,"O",NA,FALSE,77.1,NA,TRUE,"LHNPK",NA,NA,100,NA,NA,NA,NA,"4/19/1974",109,TRUE,NA,NA
"2086",4,1974,"5SB",5,"SW",3,FALSE,"O",NA,FALSE,92.3,NA,TRUE,"LNPK",NA,NA,75,NA,NA,NA,NA,"4/19/1974",109,TRUE,NA,NA
"2087",4,1974,"5SC",5,"SE",3,FALSE,"O",NA,FALSE,79.4,NA,TRUE,"MLP",NA,NA,NA,NA,NA,NA,NA,"4/19/1974",109,TRUE,NA,NA
"2088",4,1974,"5SD",5,"SE",3,FALSE,"O",NA,FALSE,NA,NA,TRUE,"MLP",NA,NA,NA,NA,NA,NA,NA,"4/19/1974",109,TRUE,NA,NA
"2089",4,1975,"3NA",3,"NW",1,TRUE,"CC","Pioneer 3376",FALSE,50.5,NA,FALSE,"none",NA,NA,NA,NA,NA,NA,8000,"5/5/1975",125,FALSE,NA,NA
"2090",4,1975,"3NB",3,"NW",1,TRUE,"CC","Pioneer 3376",FALSE,135.5,NA,TRUE,"LNPK",NA,NA,200,40,30,NA,24000,"5/5/1975",125,FALSE,NA,NA
"2091",4,1975,"3NC",3,"NE",1,TRUE,"CC","Pioneer 3376",FALSE,45.6,NA,FALSE,"none",NA,NA,NA,NA,NA,NA,8000,"5/5/1975",125,FALSE,NA,NA
"2092",4,1975,"3ND",3,"NE",1,TRUE,"CC","Pioneer 3376",FALSE,50.4,NA,FALSE,"none",NA,NA,NA,NA,NA,NA,8000,"5/5/1975",125,FALSE,NA,NA
"2093",4,1975,"3SA",3,"SW",1,TRUE,"CC","Pioneer 3376",FALSE,161.3,NA,TRUE,"LHNPK",NA,NA,300,200,200,NA,24000,"5/5/1975",125,FALSE,NA,NA
"2094",4,1975,"3SB",3,"SW",1,TRUE,"CC","Pioneer 3376",FALSE,146.8,NA,TRUE,"LNPK",NA,NA,200,40,30,NA,24000,"5/5/1975",125,FALSE,NA,NA
"2095",4,1975,"3SC",3,"SE",1,TRUE,"CC","Pioneer 3376",FALSE,76.7,NA,TRUE,"MLP",600,NA,NA,NA,NA,NA,16000,"5/5/1975",125,FALSE,NA,NA
"2096",4,1975,"3SD",3,"SE",1,TRUE,"CC","Pioneer 3376",FALSE,75.9,NA,TRUE,"MLP",600,NA,NA,NA,NA,NA,12000,"5/5/1975",125,FALSE,NA,NA
"2097",4,1975,"4NA",4,"NW",2,TRUE,"C","Pioneer 3376",FALSE,95.6,NA,FALSE,"none",NA,NA,NA,NA,NA,NA,12000,"5/5/1975",125,FALSE,NA,NA
"2098",4,1975,"4NB",4,"NW",2,TRUE,"C","Pioneer 3376",FALSE,165.1,NA,TRUE,"LNPK",NA,NA,200,40,30,NA,24000,"5/5/1975",125,FALSE,NA,NA
"2099",4,1975,"4NC",4,"NE",2,TRUE,"C","Pioneer 3376",FALSE,81.4,NA,FALSE,"none",NA,NA,NA,NA,NA,NA,12000,"5/5/1975",125,FALSE,NA,NA
"2100",4,1975,"4ND",4,"NE",2,TRUE,"C","Pioneer 3376",FALSE,88.8,NA,FALSE,"none",NA,NA,NA,NA,NA,NA,12000,"5/5/1975",125,FALSE,NA,NA
"2101",4,1975,"4SA",4,"SW",2,TRUE,"C","Pioneer 3376",FALSE,191.4,NA,TRUE,"LHNPK",NA,NA,300,200,200,NA,24000,"5/5/1975",125,FALSE,NA,NA
"2102",4,1975,"4SB",4,"SW",2,TRUE,"C","Pioneer 3376",FALSE,153.3,NA,TRUE,"LNPK",NA,NA,200,40,30,NA,24000,"5/5/1975",125,FALSE,NA,NA
"2103",4,1975,"4SC",4,"SE",2,TRUE,"C","Pioneer 3376",FALSE,138.9,NA,TRUE,"MLP",600,NA,NA,NA,NA,NA,16000,"5/5/1975",125,FALSE,NA,NA
"2104",4,1975,"4SD",4,"SE",2,TRUE,"C","Pioneer 3376",FALSE,118.2,NA,TRUE,"MLP",600,NA,NA,NA,NA,NA,12000,"5/5/1975",125,FALSE,NA,NA
"2105",4,1975,"5NA",5,"NW",3,FALSE,"H",NA,FALSE,NA,NA,FALSE,"none",NA,NA,NA,NA,NA,NA,NA,NA,NA,FALSE,NA,NA
"2106",4,1975,"5NB",5,"NW",3,FALSE,"H",NA,FALSE,NA,3.1,TRUE,"LNPK",NA,NA,NA,NA,NA,NA,NA,NA,NA,TRUE,NA,NA
"2107",4,1975,"5NC",5,"NE",3,FALSE,"H",NA,FALSE,NA,NA,FALSE,"none",NA,NA,NA,NA,NA,NA,NA,NA,NA,FALSE,NA,NA
"2108",4,1975,"5ND",5,"NE",3,FALSE,"H",NA,FALSE,NA,NA,FALSE,"none",NA,NA,NA,NA,NA,NA,NA,NA,NA,FALSE,NA,NA
"2109",4,1975,"5SA",5,"SW",3,FALSE,"H",NA,FALSE,NA,2.98,TRUE,"LHNPK",NA,NA,NA,NA,NA,NA,NA,NA,NA,FALSE,NA,NA
"2110",4,1975,"5SB",5,"SW",3,FALSE,"H",NA,FALSE,NA,3.08,TRUE,"LNPK",NA,NA,NA,NA,NA,NA,NA,NA,NA,FALSE,NA,NA
"2111",4,1975,"5SC",5,"SE",3,FALSE,"H",NA,FALSE,NA,3.04,TRUE,"MLP",NA,NA,NA,NA,NA,NA,NA,NA,NA,FALSE,NA,NA
"2112",4,1975,"5SD",5,"SE",3,FALSE,"H",NA,FALSE,NA,NA,TRUE,"MLP",NA,NA,NA,NA,NA,NA,NA,NA,NA,FALSE,NA,NA
"2113",4,1976,"3NA",3,"NW",1,TRUE,"CC","Pioneer 3376",FALSE,48.3,NA,FALSE,"none",NA,NA,NA,NA,NA,NA,8000,"4/29/1976",119,FALSE,NA,NA
"2114",4,1976,"3NB",3,"NW",1,TRUE,"CC","Pioneer 3376",FALSE,105.6,NA,TRUE,"LNPK",NA,NA,200,40,30,NA,24000,"4/29/1976",119,FALSE,NA,NA
"2115",4,1976,"3NC",3,"NE",1,TRUE,"CC","Pioneer 3376",FALSE,49.7,NA,FALSE,"none",NA,NA,NA,NA,NA,NA,8000,"4/29/1976",119,FALSE,NA,NA
"2116",4,1976,"3ND",3,"NE",1,TRUE,"CC","Pioneer 3376",FALSE,50.7,NA,FALSE,"none",NA,NA,NA,NA,NA,NA,8000,"4/29/1976",119,FALSE,NA,NA
"2117",4,1976,"3SA",3,"SW",1,TRUE,"CC","Pioneer 3376",FALSE,135.5,NA,TRUE,"LHNPK",NA,NA,300,200,200,NA,24000,"4/29/1976",119,FALSE,NA,NA
"2118",4,1976,"3SB",3,"SW",1,TRUE,"CC","Pioneer 3376",FALSE,102.9,NA,TRUE,"LNPK",NA,NA,200,40,30,NA,24000,"4/29/1976",119,FALSE,NA,NA
"2119",4,1976,"3SC",3,"SE",1,TRUE,"CC","Pioneer 3376",FALSE,84.1,NA,TRUE,"MLP",NA,NA,NA,NA,NA,NA,16000,"4/29/1976",119,FALSE,NA,NA
"2120",4,1976,"3SD",3,"SE",1,TRUE,"CC","Pioneer 3376",FALSE,81.5,NA,TRUE,"MLP",NA,NA,NA,NA,NA,NA,12000,"4/29/1976",119,FALSE,NA,NA
"2121",4,1976,"4NA",4,"NW",2,FALSE,"S","Williams",FALSE,36.2,NA,FALSE,"none",NA,NA,NA,NA,NA,NA,NA,"4/29/1976",119,FALSE,NA,NA
"2122",4,1976,"4NB",4,"NW",2,FALSE,"S","Williams",FALSE,39.7,NA,TRUE,"LNPK",NA,NA,NA,NA,NA,NA,NA,"4/29/1976",119,FALSE,NA,NA
"2123",4,1976,"4NC",4,"NE",2,FALSE,"S","Williams",FALSE,27.9,NA,FALSE,"none",NA,NA,NA,NA,NA,NA,NA,"4/29/1976",119,FALSE,NA,NA
"2124",4,1976,"4ND",4,"NE",2,FALSE,"S","Williams",FALSE,NA,NA,FALSE,"none",NA,NA,NA,NA,NA,NA,NA,"4/29/1976",119,FALSE,NA,NA
"2125",4,1976,"4SA",4,"SW",2,FALSE,"S","Williams",FALSE,36.2,NA,TRUE,"LHNPK",NA,NA,NA,NA,NA,NA,NA,"4/29/1976",119,FALSE,NA,NA
"2126",4,1976,"4SB",4,"SW",2,FALSE,"S","Williams",FALSE,36.8,NA,TRUE,"LNPK",NA,NA,NA,NA,NA,NA,NA,"4/29/1976",119,FALSE,NA,NA
"2127",4,1976,"4SC",4,"SE",2,FALSE,"S","Williams",FALSE,41.7,NA,TRUE,"MLP",NA,NA,NA,NA,NA,NA,NA,"4/29/1976",119,FALSE,NA,NA
"2128",4,1976,"4SD",4,"SE",2,FALSE,"S","Williams",FALSE,NA,NA,TRUE,"MLP",NA,NA,NA,NA,NA,NA,NA,"4/29/1976",119,FALSE,NA,NA
"2129",4,1976,"5NA",5,"NW",3,TRUE,"C","Pioneer 3376",FALSE,106,NA,FALSE,"none",NA,NA,NA,NA,NA,NA,12000,"4/29/1976",119,FALSE,NA,NA
"2130",4,1976,"5NB",5,"NW",3,TRUE,"C","Pioneer 3376",FALSE,157.1,NA,TRUE,"LNPK",NA,NA,200,40,30,NA,24000,"4/29/1976",119,FALSE,NA,NA
"2131",4,1976,"5NC",5,"NE",3,TRUE,"C","Pioneer 3376",FALSE,112,NA,FALSE,"none",NA,NA,NA,NA,NA,NA,12000,"4/29/1976",119,FALSE,NA,NA
"2132",4,1976,"5ND",5,"NE",3,TRUE,"C","Pioneer 3376",FALSE,112,NA,FALSE,"none",NA,NA,NA,NA,NA,NA,12000,"4/29/1976",119,FALSE,NA,NA
"2133",4,1976,"5SA",5,"SW",3,TRUE,"C","Pioneer 3376",FALSE,180.1,NA,TRUE,"LHNPK",NA,NA,300,200,200,NA,24000,"4/29/1976",119,FALSE,NA,NA
"2134",4,1976,"5SB",5,"SW",3,TRUE,"C","Pioneer 3376",FALSE,161.7,NA,TRUE,"LNPK",NA,NA,200,40,30,NA,24000,"4/29/1976",119,FALSE,NA,NA
"2135",4,1976,"5SC",5,"SE",3,TRUE,"C","Pioneer 3376",FALSE,156.6,NA,TRUE,"MLP",900,NA,NA,NA,NA,NA,16000,"4/29/1976",119,FALSE,NA,NA
"2136",4,1976,"5SD",5,"SE",3,TRUE,"C","Pioneer 3376",FALSE,145.7,NA,TRUE,"MLP",900,NA,NA,NA,NA,NA,12000,"4/29/1976",119,FALSE,NA,NA
"2137",4,1977,"3NA",3,"NW",1,TRUE,"CC","Pioneer 3376",FALSE,41.6,NA,FALSE,"none",NA,NA,NA,NA,NA,NA,8000,"5/12/1977",132,FALSE,NA,NA
"2138",4,1977,"3NB",3,"NW",1,TRUE,"CC","Pioneer 3376",FALSE,117.4,NA,TRUE,"LNPK",NA,NA,200,200,200,NA,24000,"5/12/1977",132,FALSE,NA,NA
"2139",4,1977,"3NC",3,"NE",1,TRUE,"CC","Pioneer 3376",FALSE,50.9,NA,FALSE,"none",NA,NA,NA,NA,NA,NA,8000,"5/12/1977",132,FALSE,NA,NA
"2140",4,1977,"3ND",3,"NE",1,TRUE,"CC","Pioneer 3376",FALSE,60.9,NA,FALSE,"none",NA,NA,NA,NA,NA,NA,8000,"5/12/1977",132,FALSE,NA,NA
"2141",4,1977,"3SA",3,"SW",1,TRUE,"CC","Pioneer 3376",FALSE,113,NA,TRUE,"LHNPK",NA,NA,300,200,200,NA,24000,"5/12/1977",132,FALSE,NA,NA
"2142",4,1977,"3SB",3,"SW",1,TRUE,"CC","Pioneer 3376",FALSE,108.9,NA,TRUE,"LNPK",NA,NA,200,200,200,NA,24000,"5/12/1977",132,FALSE,NA,NA
"2143",4,1977,"3SC",3,"SE",1,TRUE,"CC","Pioneer 3376",FALSE,85.4,NA,TRUE,"MLP",600,NA,NA,NA,NA,NA,16000,"5/12/1977",132,FALSE,NA,NA
"2144",4,1977,"3SD",3,"SE",1,TRUE,"CC","Pioneer 3376",FALSE,89.9,NA,TRUE,"MLP",600,NA,NA,NA,NA,NA,12000,"5/12/1977",132,FALSE,NA,NA
"2145",4,1977,"4NA",4,"NW",2,TRUE,"C","Pioneer 3376",FALSE,108.2,NA,FALSE,"none",NA,NA,NA,NA,NA,NA,12000,"5/12/1977",132,FALSE,NA,NA
"2146",4,1977,"4NB",4,"NW",2,TRUE,"C","Pioneer 3376",FALSE,145.8,NA,TRUE,"LNPK",NA,NA,200,200,200,NA,24000,"5/12/1977",132,FALSE,NA,NA
"2147",4,1977,"4NC",4,"NE",2,TRUE,"C","Pioneer 3376",FALSE,64.6,NA,FALSE,"none",NA,NA,NA,NA,NA,NA,12000,"5/12/1977",132,FALSE,NA,NA
"2148",4,1977,"4ND",4,"NE",2,TRUE,"C","Pioneer 3376",FALSE,76.1,NA,FALSE,"none",NA,NA,NA,NA,NA,NA,12000,"5/12/1977",132,FALSE,NA,NA
"2149",4,1977,"4SA",4,"SW",2,TRUE,"C","Pioneer 3376",FALSE,142.3,NA,TRUE,"LHNPK",NA,NA,300,200,200,NA,24000,"5/12/1977",132,FALSE,NA,NA
"2150",4,1977,"4SB",4,"SW",2,TRUE,"C","Pioneer 3376",FALSE,145.7,NA,TRUE,"LNPK",NA,NA,200,200,200,NA,24000,"5/12/1977",132,FALSE,NA,NA
"2151",4,1977,"4SC",4,"SE",2,TRUE,"C","Pioneer 3376",FALSE,126.4,NA,TRUE,"MLP",600,NA,NA,NA,NA,NA,16000,"5/12/1977",132,FALSE,NA,NA
"2152",4,1977,"4SD",4,"SE",2,TRUE,"C","Pioneer 3376",FALSE,104.7,NA,TRUE,"MLP",600,NA,NA,NA,NA,NA,12000,"5/12/1977",132,FALSE,NA,NA
"2153",4,1977,"5NA",5,"NW",3,FALSE,"O",NA,FALSE,22.3,NA,FALSE,"none",NA,NA,NA,NA,NA,NA,NA,"4/8/1977",98,FALSE,NA,NA
"2154",4,1977,"5NB",5,"NW",3,FALSE,"O",NA,FALSE,38,NA,TRUE,"LNPK",NA,NA,75,NA,NA,NA,NA,"4/8/1977",98,FALSE,NA,NA
"2155",4,1977,"5NC",5,"NE",3,FALSE,"O",NA,FALSE,21.3,NA,FALSE,"none",NA,NA,NA,NA,NA,NA,NA,"4/8/1977",98,FALSE,NA,NA
"2156",4,1977,"5ND",5,"NE",3,FALSE,"O",NA,FALSE,NA,NA,FALSE,"none",NA,NA,NA,NA,NA,NA,NA,"4/8/1977",98,FALSE,NA,NA
"2157",4,1977,"5SA",5,"SW",3,FALSE,"O",NA,FALSE,27.5,NA,TRUE,"LHNPK",NA,NA,100,NA,NA,NA,NA,"4/8/1977",98,FALSE,NA,NA
"2158",4,1977,"5SB",5,"SW",3,FALSE,"O",NA,FALSE,36.7,NA,TRUE,"LNPK",NA,NA,75,NA,NA,NA,NA,"4/8/1977",98,FALSE,NA,NA
"2159",4,1977,"5SC",5,"SE",3,FALSE,"O",NA,FALSE,29.4,NA,TRUE,"MLP",NA,NA,NA,NA,NA,NA,NA,"4/8/1977",98,FALSE,NA,NA
"2160",4,1977,"5SD",5,"SE",3,FALSE,"O",NA,FALSE,NA,NA,TRUE,"MLP",NA,NA,NA,NA,NA,NA,NA,"4/8/1977",98,FALSE,NA,NA
"2161",4,1978,"3NA",3,"NW",1,TRUE,"CC","Pioneer 3541",FALSE,60.2,NA,FALSE,"none",NA,NA,NA,NA,NA,NA,8000,"5/3/1978",123,FALSE,NA,NA
"2162",4,1978,"3NB",3,"NW",1,TRUE,"CC","Pioneer 3541",FALSE,162.3,NA,TRUE,"LNPK",NA,NA,200,NA,NA,NA,24000,"5/3/1978",123,FALSE,NA,NA
"2163",4,1978,"3NC",3,"NE",1,TRUE,"CC","Pioneer 3541",FALSE,59.2,NA,FALSE,"none",NA,NA,NA,NA,NA,NA,8000,"5/3/1978",123,FALSE,NA,NA
"2164",4,1978,"3ND",3,"NE",1,TRUE,"CC","Pioneer 3541",FALSE,55.6,NA,FALSE,"none",NA,NA,NA,NA,NA,NA,8000,"5/3/1978",123,FALSE,NA,NA
"2165",4,1978,"3SA",3,"SW",1,TRUE,"CC","Pioneer 3541",FALSE,176.8,NA,TRUE,"LHNPK",NA,NA,300,NA,200,NA,24000,"5/3/1978",123,FALSE,NA,NA
"2166",4,1978,"3SB",3,"SW",1,TRUE,"CC","Pioneer 3541",FALSE,167.9,NA,TRUE,"LNPK",NA,NA,200,NA,NA,NA,24000,"5/3/1978",123,FALSE,NA,NA
"2167",4,1978,"3SC",3,"SE",1,TRUE,"CC","Pioneer 3541",FALSE,105,NA,TRUE,"MLP",NA,NA,NA,NA,NA,NA,16000,"5/3/1978",123,FALSE,NA,NA
"2168",4,1978,"3SD",3,"SE",1,TRUE,"CC","Pioneer 3541",FALSE,91.8,NA,TRUE,"MLP",NA,NA,NA,NA,NA,NA,12000,"5/3/1978",123,FALSE,NA,NA
"2169",4,1978,"4NA",4,"NW",2,FALSE,"S","Williams",FALSE,45.6,NA,FALSE,"none",NA,NA,NA,NA,NA,NA,NA,"5/3/1978",123,FALSE,NA,NA
"2170",4,1978,"4NB",4,"NW",2,FALSE,"S","Williams",FALSE,50.6,NA,TRUE,"LNPK",NA,NA,NA,NA,NA,NA,NA,"5/3/1978",123,FALSE,NA,NA
"2171",4,1978,"4NC",4,"NE",2,FALSE,"S","Williams",FALSE,33.7,NA,FALSE,"none",NA,NA,NA,NA,NA,NA,NA,"5/3/1978",123,FALSE,NA,NA
"2172",4,1978,"4ND",4,"NE",2,FALSE,"S","Williams",FALSE,NA,NA,FALSE,"none",NA,NA,NA,NA,NA,NA,NA,"5/3/1978",123,FALSE,NA,NA
"2173",4,1978,"4SA",4,"SW",2,FALSE,"S","Williams",FALSE,51.3,NA,TRUE,"LHNPK",NA,NA,NA,NA,200,NA,NA,"5/3/1978",123,FALSE,NA,NA
"2174",4,1978,"4SB",4,"SW",2,FALSE,"S","Williams",FALSE,51.8,NA,TRUE,"LNPK",NA,NA,NA,NA,NA,NA,NA,"5/3/1978",123,FALSE,NA,NA
"2175",4,1978,"4SC",4,"SE",2,FALSE,"S","Williams",FALSE,48.1,NA,TRUE,"MLP",NA,NA,NA,NA,NA,NA,NA,"5/3/1978",123,FALSE,NA,NA
"2176",4,1978,"4SD",4,"SE",2,FALSE,"S","Williams",FALSE,NA,NA,TRUE,"MLP",NA,NA,NA,NA,NA,NA,NA,"5/3/1978",123,FALSE,NA,NA
"2177",4,1978,"5NA",5,"NW",3,FALSE,"H",NA,FALSE,NA,NA,FALSE,"none",NA,NA,NA,NA,NA,NA,NA,NA,NA,FALSE,NA,NA
"2178",4,1978,"5NB",5,"NW",3,FALSE,"H",NA,FALSE,NA,2.03,TRUE,"LNPK",NA,NA,NA,NA,NA,NA,NA,NA,NA,FALSE,NA,NA
"2179",4,1978,"5NC",5,"NE",3,FALSE,"H",NA,FALSE,NA,NA,FALSE,"none",NA,NA,NA,NA,NA,NA,NA,NA,NA,FALSE,NA,NA
"2180",4,1978,"5ND",5,"NE",3,FALSE,"H",NA,FALSE,NA,NA,FALSE,"none",NA,NA,NA,NA,NA,NA,NA,NA,NA,FALSE,NA,NA
"2181",4,1978,"5SA",5,"SW",3,FALSE,"H",NA,FALSE,NA,2.93,TRUE,"LHNPK",NA,NA,NA,NA,NA,NA,NA,NA,NA,FALSE,NA,NA
"2182",4,1978,"5SB",5,"SW",3,FALSE,"H",NA,FALSE,NA,2.55,TRUE,"LNPK",NA,NA,NA,NA,NA,NA,NA,NA,NA,FALSE,NA,NA
"2183",4,1978,"5SC",5,"SE",3,FALSE,"H",NA,FALSE,NA,1.81,TRUE,"MLP",NA,NA,NA,NA,NA,NA,NA,NA,NA,FALSE,NA,NA
"2184",4,1978,"5SD",5,"SE",3,FALSE,"H",NA,FALSE,NA,NA,TRUE,"MLP",NA,NA,NA,NA,NA,NA,NA,NA,NA,FALSE,NA,NA
"2185",4,1979,"3NA",3,"NW",1,TRUE,"CC","Pioneer 3541",TRUE,29.5,NA,FALSE,"none",NA,NA,NA,NA,NA,NA,8000,"5/2/1979",122,FALSE,NA,NA
"2186",4,1979,"3NB",3,"NW",1,TRUE,"CC","Pioneer 3541",TRUE,112.5,NA,TRUE,"LNPK",NA,NA,200,100,NA,NA,24000,"5/2/1979",122,FALSE,NA,NA
"2187",4,1979,"3NC",3,"NE",1,TRUE,"CC","Pioneer 3541",TRUE,37.2,NA,FALSE,"none",NA,NA,NA,NA,NA,NA,8000,"5/2/1979",122,FALSE,NA,NA
"2188",4,1979,"3ND",3,"NE",1,TRUE,"CC","Pioneer 3541",TRUE,39,NA,FALSE,"none",NA,NA,NA,NA,NA,NA,8000,"5/2/1979",122,FALSE,NA,NA
"2189",4,1979,"3SA",3,"SW",1,TRUE,"CC","Pioneer 3541",TRUE,115.9,NA,TRUE,"LHNPK",NA,NA,300,NA,NA,NA,24000,"5/2/1979",122,FALSE,NA,NA
"2190",4,1979,"3SB",3,"SW",1,TRUE,"CC","Pioneer 3541",TRUE,124.1,NA,TRUE,"LNPK",NA,NA,200,100,NA,NA,24000,"5/2/1979",122,FALSE,NA,NA
"2191",4,1979,"3SC",3,"SE",1,TRUE,"CC","Pioneer 3541",TRUE,64.6,NA,TRUE,"MLP",600,NA,NA,NA,NA,NA,16000,"5/2/1979",122,FALSE,NA,NA
"2192",4,1979,"3SD",3,"SE",1,TRUE,"CC","Pioneer 3541",TRUE,61.3,NA,TRUE,"MLP",600,NA,NA,NA,NA,NA,12000,"5/2/1979",122,FALSE,NA,NA
"2193",4,1979,"4NA",4,"NW",2,TRUE,"C","Pioneer 3541",TRUE,66.1,NA,FALSE,"none",NA,NA,200,NA,100,NA,12000,"5/2/1979",122,FALSE,NA,"treatment amount present for untreated plot"
"2194",4,1979,"4NB",4,"NW",2,TRUE,"C","Pioneer 3541",TRUE,139.3,NA,TRUE,"LNPK",NA,NA,NA,NA,NA,NA,24000,"5/2/1979",122,FALSE,NA,NA
"2195",4,1979,"4NC",4,"NE",2,TRUE,"C","Pioneer 3541",TRUE,56.5,NA,FALSE,"none",NA,NA,NA,NA,NA,NA,12000,"5/2/1979",122,FALSE,NA,NA
"2196",4,1979,"4ND",4,"NE",2,TRUE,"C","Pioneer 3541",TRUE,57.1,NA,FALSE,"none",NA,NA,300,NA,100,NA,12000,"5/2/1979",122,FALSE,NA,"treatment amount present for untreated plot"
"2197",4,1979,"4SA",4,"SW",2,TRUE,"C","Pioneer 3541",TRUE,151.4,NA,TRUE,"LHNPK",NA,NA,200,NA,100,NA,24000,"5/2/1979",122,FALSE,NA,NA
"2198",4,1979,"4SB",4,"SW",2,TRUE,"C","Pioneer 3541",TRUE,151.8,NA,TRUE,"LNPK",NA,NA,NA,NA,NA,NA,24000,"5/2/1979",122,FALSE,NA,NA
"2199",4,1979,"4SC",4,"SE",2,TRUE,"C","Pioneer 3541",TRUE,97.4,NA,TRUE,"MLP",600,NA,NA,NA,NA,NA,16000,"5/2/1979",122,FALSE,NA,NA
"2200",4,1979,"4SD",4,"SE",2,TRUE,"C","Pioneer 3541",TRUE,83,NA,TRUE,"MLP",600,NA,NA,NA,NA,NA,12000,"5/2/1979",122,FALSE,NA,NA
"2201",4,1979,"5NA",5,"NW",3,TRUE,"C","Pioneer 3541",TRUE,82.3,NA,FALSE,"none",NA,NA,NA,NA,NA,NA,12000,"5/2/1979",122,FALSE,NA,NA
"2202",4,1979,"5NB",5,"NW",3,TRUE,"C","Pioneer 3541",TRUE,170.6,NA,TRUE,"LNPK",NA,NA,200,100,100,NA,24000,"5/2/1979",122,FALSE,NA,NA
"2203",4,1979,"5NC",5,"NE",3,TRUE,"C","Pioneer 3541",TRUE,86.6,NA,FALSE,"none",NA,NA,NA,NA,NA,NA,12000,"5/2/1979",122,FALSE,NA,NA
"2204",4,1979,"5ND",5,"NE",3,TRUE,"C","Pioneer 3541",TRUE,87.7,NA,FALSE,"none",NA,NA,NA,NA,NA,NA,12000,"5/2/1979",122,FALSE,NA,NA
"2205",4,1979,"5SA",5,"SW",3,TRUE,"C","Pioneer 3541",TRUE,169.6,NA,TRUE,"LHNPK",NA,NA,300,100,200,NA,24000,"5/2/1979",122,FALSE,NA,NA
"2206",4,1979,"5SB",5,"SW",3,TRUE,"C","Pioneer 3541",TRUE,169.8,NA,TRUE,"LNPK",NA,NA,200,NA,100,NA,24000,"5/2/1979",122,FALSE,NA,NA
"2207",4,1979,"5SC",5,"SE",3,TRUE,"C","Pioneer 3541",TRUE,120.6,NA,TRUE,"MLP",900,NA,NA,NA,NA,NA,16000,"5/2/1979",122,FALSE,NA,NA
"2208",4,1979,"5SD",5,"SE",3,TRUE,"C","Pioneer 3541",TRUE,99.8,NA,TRUE,"MLP",900,NA,NA,NA,NA,NA,12000,"5/2/1979",122,FALSE,NA,NA
"2209",4,1980,"3NA",3,"NW",1,TRUE,"CC","Pioneer 3541",FALSE,42.1,NA,FALSE,"none",NA,NA,NA,NA,NA,NA,8000,"5/2/1980",122,TRUE,NA,NA
"2210",4,1980,"3NB",3,"NW",1,TRUE,"CC","Pioneer 3541",FALSE,59.3,NA,TRUE,"LNPK",NA,3,200,NA,NA,NA,24000,"5/2/1980",122,TRUE,NA,NA
"2211",4,1980,"3NC",3,"NE",1,TRUE,"CC","Pioneer 3541",FALSE,47.4,NA,FALSE,"none",NA,NA,NA,NA,NA,NA,8000,"5/2/1980",122,TRUE,NA,NA
"2212",4,1980,"3ND",3,"NE",1,TRUE,"CC","Pioneer 3541",FALSE,49.6,NA,FALSE,"none",NA,NA,NA,NA,NA,NA,8000,"5/2/1980",122,TRUE,NA,NA
"2213",4,1980,"3SA",3,"SW",1,TRUE,"CC","Pioneer 3541",FALSE,31.1,NA,TRUE,"LHNPK",NA,3,300,200,200,NA,24000,"5/2/1980",122,TRUE,NA,NA
"2214",4,1980,"3SB",3,"SW",1,TRUE,"CC","Pioneer 3541",FALSE,74.7,NA,TRUE,"LNPK",NA,3,200,NA,NA,NA,24000,"5/2/1980",122,TRUE,NA,NA
"2215",4,1980,"3SC",3,"SE",1,TRUE,"CC","Pioneer 3541",FALSE,50,NA,TRUE,"MLP",NA,NA,NA,NA,NA,NA,16000,"5/2/1980",122,TRUE,NA,NA
"2216",4,1980,"3SD",3,"SE",1,TRUE,"CC","Pioneer 3541",FALSE,63.6,NA,TRUE,"MLP",NA,NA,NA,NA,NA,NA,12000,"5/2/1980",122,TRUE,NA,NA
"2217",4,1980,"4NA",4,"NW",2,FALSE,"S","Williams",FALSE,41.3,NA,FALSE,"none",NA,NA,NA,NA,NA,NA,NA,"5/2/1980",122,TRUE,NA,NA
"2218",4,1980,"4NB",4,"NW",2,FALSE,"S","Williams",FALSE,47,NA,TRUE,"LNPK",NA,3,NA,NA,NA,NA,NA,"5/2/1980",122,TRUE,NA,NA
"2219",4,1980,"4NC",4,"NE",2,FALSE,"S","Williams",FALSE,31.6,NA,FALSE,"none",NA,NA,NA,NA,NA,NA,NA,"5/2/1980",122,TRUE,NA,NA
"2220",4,1980,"4ND",4,"NE",2,FALSE,"S","Williams",FALSE,NA,NA,FALSE,"none",NA,NA,NA,NA,NA,NA,NA,"5/2/1980",122,TRUE,NA,NA
"2221",4,1980,"4SA",4,"SW",2,FALSE,"S","Williams",FALSE,45.2,NA,TRUE,"LHNPK",NA,NA,NA,200,200,NA,NA,"5/2/1980",122,TRUE,NA,NA
"2222",4,1980,"4SB",4,"SW",2,FALSE,"S","Williams",FALSE,49.3,NA,TRUE,"LNPK",NA,3,NA,NA,NA,NA,NA,"5/2/1980",122,TRUE,NA,NA
"2223",4,1980,"4SC",4,"SE",2,FALSE,"S","Williams",FALSE,44.9,NA,TRUE,"MLP",NA,NA,NA,NA,NA,NA,NA,"5/2/1980",122,TRUE,NA,NA
"2224",4,1980,"4SD",4,"SE",2,FALSE,"S","Williams",FALSE,NA,NA,TRUE,"MLP",NA,NA,NA,NA,NA,NA,NA,"5/2/1980",122,TRUE,NA,NA
"2225",4,1980,"5NA",5,"NW",3,FALSE,"O",NA,FALSE,60.1,NA,FALSE,"none",NA,NA,NA,NA,NA,NA,NA,"4/22/1980",112,TRUE,NA,NA
"2226",4,1980,"5NB",5,"NW",3,FALSE,"O",NA,FALSE,92.2,NA,TRUE,"LNPK",NA,3,75,NA,200,NA,NA,"4/22/1980",112,TRUE,NA,NA
"2227",4,1980,"5NC",5,"NE",3,FALSE,"O",NA,FALSE,63.2,NA,FALSE,"none",NA,NA,NA,NA,NA,NA,NA,"4/22/1980",112,TRUE,NA,NA
"2228",4,1980,"5ND",5,"NE",3,FALSE,"O",NA,FALSE,NA,NA,FALSE,"none",NA,NA,NA,NA,NA,NA,NA,"4/22/1980",112,TRUE,NA,NA
"2229",4,1980,"5SA",5,"SW",3,FALSE,"O",NA,FALSE,116.6,NA,TRUE,"LHNPK",NA,NA,100,200,200,NA,NA,"4/22/1980",112,TRUE,NA,NA
"2230",4,1980,"5SB",5,"SW",3,FALSE,"O",NA,FALSE,109.9,NA,TRUE,"LNPK",NA,NA,75,NA,NA,NA,NA,"4/22/1980",112,TRUE,NA,NA
"2231",4,1980,"5SC",5,"SE",3,FALSE,"O",NA,FALSE,92.9,NA,TRUE,"MLP",NA,NA,NA,NA,NA,NA,NA,"4/22/1980",112,TRUE,NA,NA
"2232",4,1980,"5SD",5,"SE",3,FALSE,"O",NA,FALSE,NA,NA,TRUE,"MLP",NA,NA,NA,NA,NA,NA,NA,"4/22/1980",112,TRUE,NA,NA
"2233",4,1981,"3NA",3,"NW",1,TRUE,"CC","Pioneer 3377",FALSE,51.7,NA,FALSE,"none",NA,NA,NA,NA,NA,NA,8000,"5/7/1981",127,TRUE,NA,NA
"2234",4,1981,"3NB",3,"NW",1,TRUE,"CC","Pioneer 3377",FALSE,149.2,NA,TRUE,"LNPK",NA,NA,200,NA,NA,NA,24000,"5/7/1981",127,TRUE,NA,NA
"2235",4,1981,"3NC",3,"NE",1,TRUE,"CC","Pioneer 3377",FALSE,47.2,NA,FALSE,"none",NA,NA,NA,NA,NA,NA,8000,"5/7/1981",127,TRUE,NA,NA
"2236",4,1981,"3ND",3,"NE",1,TRUE,"CC","Pioneer 3377",FALSE,42.1,NA,FALSE,"none",NA,NA,NA,NA,NA,NA,8000,"5/7/1981",127,TRUE,NA,NA
"2237",4,1981,"3SA",3,"SW",1,TRUE,"CC","Pioneer 3377",FALSE,172.3,NA,TRUE,"LHNPK",NA,NA,300,NA,NA,NA,24000,"5/7/1981",127,TRUE,NA,NA
"2238",4,1981,"3SB",3,"SW",1,TRUE,"CC","Pioneer 3377",FALSE,165.4,NA,TRUE,"LNPK",NA,NA,200,NA,NA,NA,24000,"5/7/1981",127,TRUE,NA,NA
"2239",4,1981,"3SC",3,"SE",1,TRUE,"CC","Pioneer 3377",FALSE,87.4,NA,TRUE,"MLP",600,NA,NA,NA,NA,NA,16000,"5/7/1981",127,TRUE,NA,NA
"2240",4,1981,"3SD",3,"SE",1,TRUE,"CC","Pioneer 3377",FALSE,77.6,NA,TRUE,"MLP",600,NA,NA,NA,NA,NA,12000,"5/7/1981",127,TRUE,NA,NA
"2241",4,1981,"4NA",4,"NW",2,TRUE,"C","Pioneer 3377",FALSE,65.1,NA,FALSE,"none",NA,NA,NA,NA,NA,NA,12000,"5/7/1981",127,TRUE,NA,NA
"2242",4,1981,"4NB",4,"NW",2,TRUE,"C","Pioneer 3377",FALSE,166.1,NA,TRUE,"LNPK",NA,NA,200,NA,NA,NA,24000,"5/7/1981",127,TRUE,NA,NA
"2243",4,1981,"4NC",4,"NE",2,TRUE,"C","Pioneer 3377",FALSE,52.3,NA,FALSE,"none",NA,NA,NA,NA,NA,NA,12000,"5/7/1981",127,TRUE,NA,NA
"2244",4,1981,"4ND",4,"NE",2,TRUE,"C","Pioneer 3377",FALSE,47.3,NA,FALSE,"none",NA,NA,NA,NA,NA,NA,12000,"5/7/1981",127,TRUE,NA,NA
"2245",4,1981,"4SA",4,"SW",2,TRUE,"C","Pioneer 3377",FALSE,184.1,NA,TRUE,"LHNPK",NA,NA,300,NA,NA,NA,24000,"5/7/1981",127,TRUE,NA,NA
"2246",4,1981,"4SB",4,"SW",2,TRUE,"C","Pioneer 3377",FALSE,169.2,NA,TRUE,"LNPK",NA,NA,200,NA,NA,NA,24000,"5/7/1981",127,TRUE,NA,NA
"2247",4,1981,"4SC",4,"SE",2,TRUE,"C","Pioneer 3377",FALSE,122.2,NA,TRUE,"MLP",600,NA,NA,NA,NA,NA,16000,"5/7/1981",127,TRUE,NA,NA
"2248",4,1981,"4SD",4,"SE",2,TRUE,"C","Pioneer 3377",FALSE,102.6,NA,TRUE,"MLP",600,NA,NA,NA,NA,NA,12000,"5/7/1981",127,TRUE,NA,NA
"2249",4,1981,"5NA",5,"NW",3,FALSE,"H",NA,FALSE,NA,NA,FALSE,"none",NA,NA,NA,NA,NA,NA,NA,NA,NA,TRUE,NA,NA
"2250",4,1981,"5NB",5,"NW",3,FALSE,"H",NA,FALSE,NA,NA,TRUE,"LNPK",NA,NA,NA,NA,NA,NA,NA,NA,NA,TRUE,NA,NA
"2251",4,1981,"5NC",5,"NE",3,FALSE,"H",NA,FALSE,NA,NA,FALSE,"none",NA,NA,NA,NA,NA,NA,NA,NA,NA,TRUE,NA,NA
"2252",4,1981,"5ND",5,"NE",3,FALSE,"H",NA,FALSE,NA,NA,FALSE,"none",NA,NA,NA,NA,NA,NA,NA,NA,NA,TRUE,NA,NA
"2253",4,1981,"5SA",5,"SW",3,FALSE,"H",NA,FALSE,NA,NA,TRUE,"LHNPK",NA,NA,NA,NA,NA,NA,NA,NA,NA,TRUE,NA,NA
"2254",4,1981,"5SB",5,"SW",3,FALSE,"H",NA,FALSE,NA,NA,TRUE,"LNPK",NA,NA,NA,NA,NA,NA,NA,NA,NA,TRUE,NA,NA
"2255",4,1981,"5SC",5,"SE",3,FALSE,"H",NA,FALSE,NA,NA,TRUE,"MLP",NA,NA,NA,NA,NA,NA,NA,NA,NA,TRUE,NA,NA
"2256",4,1981,"5SD",5,"SE",3,FALSE,"H",NA,FALSE,NA,NA,TRUE,"MLP",NA,NA,NA,NA,NA,NA,NA,NA,NA,TRUE,NA,NA
"2257",4,1982,"3NA",3,"NW",1,TRUE,"CC","Pioneer 3377",FALSE,23.1,NA,FALSE,"none",NA,NA,NA,NA,NA,NA,8000,"4/23/1982",113,TRUE,NA,NA
"2258",4,1982,"3NB",3,"NW",1,TRUE,"CC","Pioneer 3377",FALSE,149.3,NA,TRUE,"LNPK",NA,NA,200,100,100,NA,24000,"4/23/1982",113,TRUE,NA,NA
"2259",4,1982,"3NC",3,"NE",1,TRUE,"CC","Pioneer 3377",FALSE,35.2,NA,FALSE,"none",NA,NA,NA,NA,NA,NA,8000,"4/23/1982",113,TRUE,NA,NA
"2260",4,1982,"3ND",3,"NE",1,TRUE,"CC","Pioneer 3377",FALSE,27,NA,FALSE,"none",NA,NA,NA,NA,NA,NA,8000,"4/23/1982",113,TRUE,NA,NA
"2261",4,1982,"3SA",3,"SW",1,TRUE,"CC","Pioneer 3377",FALSE,191.7,NA,TRUE,"LHNPK",NA,NA,300,100,100,NA,24000,"4/23/1982",113,TRUE,NA,NA
"2262",4,1982,"3SB",3,"SW",1,TRUE,"CC","Pioneer 3377",FALSE,200.1,NA,TRUE,"LNPK",NA,NA,200,100,100,NA,24000,"4/23/1982",113,TRUE,NA,NA
"2263",4,1982,"3SC",3,"SE",1,TRUE,"CC","Pioneer 3377",FALSE,50.2,NA,TRUE,"MLP",NA,NA,NA,NA,NA,NA,16000,"4/23/1982",113,TRUE,NA,NA
"2264",4,1982,"3SD",3,"SE",1,TRUE,"CC","Pioneer 3377",FALSE,33.6,NA,TRUE,"MLP",NA,NA,NA,NA,NA,NA,12000,"4/23/1982",113,TRUE,NA,NA
"2265",4,1982,"4NA",4,"NW",2,FALSE,"S","Williams",FALSE,38.3,NA,FALSE,"none",NA,NA,NA,NA,NA,NA,NA,"5/17/1982",137,TRUE,NA,NA
"2266",4,1982,"4NB",4,"NW",2,FALSE,"S","Williams",FALSE,49.3,NA,TRUE,"LNPK",NA,NA,NA,NA,100,NA,NA,"5/17/1982",137,TRUE,NA,NA
"2267",4,1982,"4NC",4,"NE",2,FALSE,"S","Williams",FALSE,36.9,NA,FALSE,"none",NA,NA,NA,NA,NA,NA,NA,"5/17/1982",137,TRUE,NA,NA
"2268",4,1982,"4ND",4,"NE",2,FALSE,"S","Williams",FALSE,NA,NA,FALSE,"none",NA,NA,NA,NA,NA,NA,NA,"5/17/1982",137,TRUE,NA,NA
"2269",4,1982,"4SA",4,"SW",2,FALSE,"S","Williams",FALSE,52.1,NA,TRUE,"LHNPK",NA,NA,NA,NA,200,NA,NA,"5/17/1982",137,TRUE,NA,NA
"2270",4,1982,"4SB",4,"SW",2,FALSE,"S","Williams",FALSE,57,NA,TRUE,"LNPK",NA,NA,NA,NA,100,NA,NA,"5/17/1982",137,TRUE,NA,NA
"2271",4,1982,"4SC",4,"SE",2,FALSE,"S","Williams",FALSE,47,NA,TRUE,"MLP",NA,NA,NA,NA,NA,NA,NA,"5/17/1982",137,TRUE,NA,NA
"2272",4,1982,"4SD",4,"SE",2,FALSE,"S","Williams",FALSE,NA,NA,TRUE,"MLP",NA,NA,NA,NA,NA,NA,NA,"5/17/1982",137,TRUE,NA,NA
"2273",4,1982,"5NA",5,"NW",3,TRUE,"C","Pioneer 3377",FALSE,89.5,NA,FALSE,"none",NA,NA,NA,NA,NA,NA,12000,"4/23/1982",113,TRUE,NA,NA
"2274",4,1982,"5NB",5,"NW",3,TRUE,"C","Pioneer 3377",FALSE,215.2,NA,TRUE,"LNPK",NA,NA,200,100,100,NA,24000,"4/23/1982",113,TRUE,NA,NA
"2275",4,1982,"5NC",5,"NE",3,TRUE,"C","Pioneer 3377",FALSE,101.7,NA,FALSE,"none",NA,NA,NA,NA,NA,NA,12000,"4/23/1982",113,TRUE,NA,NA
"2276",4,1982,"5ND",5,"NE",3,TRUE,"C","Pioneer 3377",FALSE,102.6,NA,FALSE,"none",NA,NA,NA,NA,NA,NA,12000,"4/23/1982",113,TRUE,NA,NA
"2277",4,1982,"5SA",5,"SW",3,TRUE,"C","Pioneer 3377",FALSE,200.1,NA,TRUE,"LHNPK",NA,NA,300,200,200,NA,24000,"4/23/1982",113,TRUE,NA,NA
"2278",4,1982,"5SB",5,"SW",3,TRUE,"C","Pioneer 3377",FALSE,204.6,NA,TRUE,"LNPK",NA,NA,200,100,100,NA,24000,"4/23/1982",113,TRUE,NA,NA
"2279",4,1982,"5SC",5,"SE",3,TRUE,"C","Pioneer 3377",FALSE,142.4,NA,TRUE,"MLP",900,NA,NA,NA,NA,NA,16000,"4/23/1982",113,TRUE,NA,NA
"2280",4,1982,"5SD",5,"SE",3,TRUE,"C","Pioneer 3377",FALSE,123.3,NA,TRUE,"MLP",900,NA,NA,NA,NA,NA,12000,"4/23/1982",113,TRUE,NA,NA
"2281",4,1983,"3NA",3,"NW",1,TRUE,"CC","Pioneer 3377",FALSE,37.1,NA,FALSE,"none",NA,NA,NA,NA,NA,NA,8000,"5/12/1983",132,FALSE,NA,NA
"2282",4,1983,"3NB",3,"NW",1,TRUE,"CC","Pioneer 3377",FALSE,98.3,NA,TRUE,"LNPK",NA,NA,200,NA,200,NA,24000,"5/12/1983",132,TRUE,NA,NA
"2283",4,1983,"3NC",3,"NE",1,TRUE,"CC","Pioneer 3377",FALSE,65.9,NA,FALSE,"none",NA,NA,NA,NA,NA,NA,8000,"5/12/1983",132,TRUE,NA,NA
"2284",4,1983,"3ND",3,"NE",1,TRUE,"CC","Pioneer 3377",FALSE,59.4,NA,FALSE,"none",NA,NA,NA,NA,NA,NA,8000,"5/12/1983",132,TRUE,NA,NA
"2285",4,1983,"3SA",3,"SW",1,TRUE,"CC","Pioneer 3377",FALSE,70.3,NA,TRUE,"LHNPK",NA,NA,300,NA,200,NA,24000,"5/12/1983",132,TRUE,NA,NA
"2286",4,1983,"3SB",3,"SW",1,TRUE,"CC","Pioneer 3377",FALSE,110,NA,TRUE,"LNPK",NA,NA,200,200,200,NA,24000,"5/12/1983",132,TRUE,NA,NA
"2287",4,1983,"3SC",3,"SE",1,TRUE,"CC","Pioneer 3377",FALSE,106.6,NA,TRUE,"MLP",600,NA,NA,NA,NA,NA,16000,"5/12/1983",132,TRUE,NA,NA
"2288",4,1983,"3SD",3,"SE",1,TRUE,"CC","Pioneer 3377",FALSE,87.7,NA,TRUE,"MLP",600,NA,NA,NA,NA,NA,12000,"5/12/1983",132,TRUE,NA,NA
"2289",4,1983,"4NA",4,"NW",2,TRUE,"C","Pioneer 3377",FALSE,82,NA,FALSE,"none",NA,NA,NA,NA,NA,NA,12000,"5/12/1983",132,TRUE,NA,NA
"2290",4,1983,"4NB",4,"NW",2,TRUE,"C","Pioneer 3377",FALSE,122.6,NA,TRUE,"LNPK",NA,NA,200,200,200,NA,24000,"5/12/1983",132,TRUE,NA,NA
"2291",4,1983,"4NC",4,"NE",2,TRUE,"C","Pioneer 3377",FALSE,75.9,NA,FALSE,"none",NA,NA,NA,NA,NA,NA,12000,"5/12/1983",132,TRUE,NA,NA
"2292",4,1983,"4ND",4,"NE",2,TRUE,"C","Pioneer 3377",FALSE,79.2,NA,FALSE,"none",NA,NA,NA,NA,NA,NA,12000,"5/12/1983",132,TRUE,NA,NA
"2293",4,1983,"4SA",4,"SW",2,TRUE,"C","Pioneer 3377",FALSE,99.9,NA,TRUE,"LHNPK",NA,NA,300,200,200,NA,24000,"5/12/1983",132,TRUE,NA,NA
"2294",4,1983,"4SB",4,"SW",2,TRUE,"C","Pioneer 3377",FALSE,128,NA,TRUE,"LNPK",NA,NA,200,NA,NA,NA,24000,"5/12/1983",132,TRUE,NA,NA
"2295",4,1983,"4SC",4,"SE",2,TRUE,"C","Pioneer 3377",FALSE,125.2,NA,TRUE,"MLP",600,NA,NA,NA,NA,NA,16000,"5/12/1983",132,TRUE,NA,NA
"2296",4,1983,"4SD",4,"SE",2,TRUE,"C","Pioneer 3377",FALSE,90.8,NA,TRUE,"MLP",600,NA,NA,NA,NA,NA,12000,"5/12/1983",132,TRUE,NA,NA
"2297",4,1983,"5NA",5,"NW",3,FALSE,"O","Lang",FALSE,57.4,NA,FALSE,"none",NA,NA,NA,NA,NA,NA,NA,"3/1/1983",60,TRUE,NA,NA
"2298",4,1983,"5NB",5,"NW",3,FALSE,"O","Lang",FALSE,105.8,NA,TRUE,"LNPK",NA,NA,75,NA,NA,NA,NA,"3/1/1983",60,FALSE,NA,NA
"2299",4,1983,"5NC",5,"NE",3,FALSE,"O","Lang",FALSE,43.1,NA,FALSE,"none",NA,NA,NA,NA,NA,NA,NA,"3/1/1983",60,FALSE,NA,NA
"2300",4,1983,"5ND",5,"NE",3,FALSE,"O","Lang",FALSE,NA,NA,FALSE,"none",NA,NA,NA,NA,NA,NA,NA,"3/1/1983",60,FALSE,NA,NA
"2301",4,1983,"5SA",5,"SW",3,FALSE,"O","Lang",FALSE,120.3,NA,TRUE,"LHNPK",NA,NA,100,NA,NA,NA,NA,"3/1/1983",60,FALSE,NA,NA
"2302",4,1983,"5SB",5,"SW",3,FALSE,"O","Lang",FALSE,126.6,NA,TRUE,"LNPK",NA,NA,75,NA,NA,NA,NA,"3/1/1983",60,FALSE,NA,NA
"2303",4,1983,"5SC",5,"SE",3,FALSE,"O","Lang",FALSE,75.5,NA,TRUE,"MLP",NA,NA,NA,NA,NA,NA,NA,"3/1/1983",60,FALSE,NA,NA
"2304",4,1983,"5SD",5,"SE",3,FALSE,"O","Lang",FALSE,NA,NA,TRUE,"MLP",NA,NA,NA,NA,NA,NA,NA,"3/1/1983",60,FALSE,NA,NA
"2305",4,1984,"3NA",3,"NW",1,TRUE,"CC","Pioneer 3377",FALSE,52,NA,FALSE,"none",NA,NA,NA,NA,NA,NA,8000,"5/11/1984",131,TRUE,NA,NA
"2306",4,1984,"3NB",3,"NW",1,TRUE,"CC","Pioneer 3377",FALSE,122.16,NA,TRUE,"LNPK",NA,NA,200,NA,NA,NA,24000,"5/11/1984",131,TRUE,NA,NA
"2307",4,1984,"3NC",3,"NE",1,TRUE,"CC","Pioneer 3377",FALSE,66.45,NA,FALSE,"none",NA,NA,NA,NA,NA,NA,8000,"5/11/1984",131,TRUE,NA,NA
"2308",4,1984,"3ND",3,"NE",1,TRUE,"CC","Pioneer 3377",FALSE,69.1,NA,FALSE,"none",NA,NA,NA,NA,NA,NA,8000,"5/11/1984",131,TRUE,NA,NA
"2309",4,1984,"3SA",3,"SW",1,TRUE,"CC","Pioneer 3377",FALSE,137.77,NA,TRUE,"LHNPK",NA,NA,300,NA,NA,NA,24000,"5/11/1984",131,TRUE,NA,NA
"2310",4,1984,"3SB",3,"SW",1,TRUE,"CC","Pioneer 3377",FALSE,142.34,NA,TRUE,"LNPK",NA,NA,200,NA,NA,NA,24000,"5/11/1984",131,TRUE,NA,NA
"2311",4,1984,"3SC",3,"SE",1,TRUE,"CC","Pioneer 3377",FALSE,101.59,NA,TRUE,"MLP",NA,NA,NA,NA,NA,NA,16000,"5/11/1984",131,TRUE,NA,NA
"2312",4,1984,"3SD",3,"SE",1,TRUE,"CC","Pioneer 3377",FALSE,90.55,NA,TRUE,"MLP",NA,NA,NA,NA,NA,NA,12000,"5/11/1984",131,TRUE,NA,NA
"2313",4,1984,"4NA",4,"NW",2,FALSE,"S","Williams",FALSE,31.54,NA,FALSE,"none",NA,NA,NA,NA,NA,NA,NA,"5/11/1984",131,TRUE,NA,NA
"2314",4,1984,"4NB",4,"NW",2,FALSE,"S","Williams",FALSE,41.27,NA,TRUE,"LNPK",NA,NA,NA,NA,NA,NA,NA,"5/11/1984",131,TRUE,NA,NA
"2315",4,1984,"4NC",4,"NE",2,FALSE,"S","Williams",FALSE,28.1,NA,FALSE,"none",NA,NA,NA,NA,NA,NA,NA,"5/11/1984",131,TRUE,NA,NA
"2316",4,1984,"4ND",4,"NE",2,FALSE,"S","Williams",FALSE,NA,NA,FALSE,"none",NA,NA,NA,NA,NA,NA,NA,"5/11/1984",131,TRUE,NA,NA
"2317",4,1984,"4SA",4,"SW",2,FALSE,"S","Williams",FALSE,39.27,NA,TRUE,"LHNPK",NA,NA,NA,NA,NA,NA,NA,"5/11/1984",131,TRUE,NA,NA
"2318",4,1984,"4SB",4,"SW",2,FALSE,"S","Williams",FALSE,35.98,NA,TRUE,"LNPK",NA,NA,NA,200,200,NA,NA,"5/11/1984",131,TRUE,NA,NA
"2319",4,1984,"4SC",4,"SE",2,FALSE,"S","Williams",FALSE,44.6,NA,TRUE,"MLP",NA,NA,NA,NA,NA,NA,NA,"5/11/1984",131,TRUE,NA,NA
"2320",4,1984,"4SD",4,"SE",2,FALSE,"S","Williams",FALSE,NA,NA,TRUE,"MLP",NA,NA,NA,NA,NA,NA,NA,"5/11/1984",131,TRUE,NA,NA
"2321",4,1984,"5NA",5,"NW",3,FALSE,"H",NA,FALSE,NA,NA,FALSE,"none",NA,NA,NA,NA,NA,NA,NA,NA,NA,TRUE,NA,NA
"2322",4,1984,"5NB",5,"NW",3,FALSE,"H",NA,FALSE,NA,1.75,TRUE,"LNPK",NA,NA,NA,NA,NA,NA,NA,NA,NA,TRUE,NA,NA
"2323",4,1984,"5NC",5,"NE",3,FALSE,"H",NA,FALSE,NA,NA,FALSE,"none",NA,NA,NA,NA,NA,NA,NA,NA,NA,TRUE,NA,NA
"2324",4,1984,"5ND",5,"NE",3,FALSE,"H",NA,FALSE,NA,NA,FALSE,"none",NA,NA,NA,NA,NA,NA,NA,NA,NA,TRUE,NA,NA
"2325",4,1984,"5SA",5,"SW",3,FALSE,"H",NA,FALSE,NA,3.17,TRUE,"LHNPK",NA,NA,NA,NA,NA,NA,NA,NA,NA,TRUE,NA,NA
"2326",4,1984,"5SB",5,"SW",3,FALSE,"H",NA,FALSE,NA,3.06,TRUE,"LNPK",NA,NA,NA,NA,NA,NA,NA,NA,NA,TRUE,NA,NA
"2327",4,1984,"5SC",5,"SE",3,FALSE,"H",NA,FALSE,NA,2.91,TRUE,"MLP",NA,NA,NA,NA,NA,NA,NA,NA,NA,TRUE,NA,NA
"2328",4,1984,"5SD",5,"SE",3,FALSE,"H",NA,FALSE,NA,NA,TRUE,"MLP",NA,NA,NA,NA,NA,NA,NA,NA,NA,TRUE,NA,NA
"2329",4,1985,"3NA",3,"NW",1,TRUE,"CC","Pioneer 3377",TRUE,59.03,NA,FALSE,"none",NA,NA,NA,NA,NA,NA,8000,"5/8/1985",128,TRUE,NA,NA
"2330",4,1985,"3NB",3,"NW",1,TRUE,"CC","Pioneer 3377",TRUE,155.78,NA,TRUE,"LNPK",NA,NA,200,NA,NA,NA,24000,"5/8/1985",128,TRUE,NA,NA
"2331",4,1985,"3NC",3,"NE",1,TRUE,"CC","Pioneer 3377",TRUE,59.47,NA,FALSE,"none",NA,NA,NA,NA,NA,NA,8000,"5/8/1985",128,TRUE,NA,NA
"2332",4,1985,"3ND",3,"NE",1,TRUE,"CC","Pioneer 3377",TRUE,63.15,NA,FALSE,"none",NA,NA,NA,NA,NA,NA,8000,"5/8/1985",128,TRUE,NA,NA
"2333",4,1985,"3SA",3,"SW",1,TRUE,"CC","Pioneer 3377",TRUE,183.74,NA,TRUE,"LHNPK",NA,NA,300,NA,NA,NA,24000,"5/8/1985",128,TRUE,NA,NA
"2334",4,1985,"3SB",3,"SW",1,TRUE,"CC","Pioneer 3377",TRUE,177.91,NA,TRUE,"LNPK",NA,NA,200,NA,NA,NA,24000,"5/8/1985",128,TRUE,NA,NA
"2335",4,1985,"3SC",3,"SE",1,TRUE,"CC","Pioneer 3377",TRUE,132.05,NA,TRUE,"MLP",600,NA,NA,NA,NA,NA,16000,"5/8/1985",128,TRUE,NA,NA
"2336",4,1985,"3SD",3,"SE",1,TRUE,"CC","Pioneer 3377",TRUE,112.1,NA,TRUE,"MLP",600,NA,NA,NA,NA,NA,12000,"5/8/1985",128,TRUE,NA,NA
"2337",4,1985,"4NA",4,"NW",2,TRUE,"C","Pioneer 3377",TRUE,110.52,NA,FALSE,"none",NA,NA,NA,NA,NA,NA,12000,"5/8/1985",128,TRUE,NA,NA
"2338",4,1985,"4NB",4,"NW",2,TRUE,"C","Pioneer 3377",TRUE,186.13,NA,TRUE,"LNPK",NA,NA,200,NA,NA,NA,24000,"5/8/1985",128,TRUE,NA,NA
"2339",4,1985,"4NC",4,"NE",2,TRUE,"C","Pioneer 3377",TRUE,95.15,NA,FALSE,"none",NA,NA,NA,NA,NA,NA,12000,"5/8/1985",128,TRUE,NA,NA
"2340",4,1985,"4ND",4,"NE",2,TRUE,"C","Pioneer 3377",TRUE,95.35,NA,FALSE,"none",NA,NA,NA,NA,NA,NA,12000,"5/8/1985",128,TRUE,NA,NA
"2341",4,1985,"4SA",4,"SW",2,TRUE,"C","Pioneer 3377",TRUE,192.06,NA,TRUE,"LHNPK",NA,NA,300,NA,200,NA,24000,"5/8/1985",128,TRUE,NA,NA
"2342",4,1985,"4SB",4,"SW",2,TRUE,"C","Pioneer 3377",TRUE,190.65,NA,TRUE,"LNPK",NA,NA,NA,NA,NA,NA,24000,"5/8/1985",128,TRUE,NA,NA
"2343",4,1985,"4SC",4,"SE",2,TRUE,"C","Pioneer 3377",TRUE,145.05,NA,TRUE,"MLP",600,NA,NA,NA,NA,NA,16000,"5/8/1985",128,TRUE,NA,NA
"2344",4,1985,"4SD",4,"SE",2,TRUE,"C","Pioneer 3377",TRUE,129.54,NA,TRUE,"MLP",600,NA,NA,NA,NA,NA,12000,"5/8/1985",128,TRUE,NA,NA
"2345",4,1985,"5NA",5,"NW",3,TRUE,"C","Pioneer 3377",TRUE,109.68,NA,FALSE,"none",NA,NA,NA,NA,NA,NA,12000,"5/8/1985",128,TRUE,NA,NA
"2346",4,1985,"5NB",5,"NW",3,TRUE,"C","Pioneer 3377",TRUE,205.28,NA,TRUE,"LNPK",NA,NA,200,200,200,NA,24000,"5/8/1985",128,TRUE,NA,NA
"2347",4,1985,"5NC",5,"NE",3,TRUE,"C","Pioneer 3377",TRUE,102.49,NA,FALSE,"none",NA,NA,NA,NA,NA,NA,12000,"5/8/1985",128,TRUE,NA,NA
"2348",4,1985,"5ND",5,"NE",3,TRUE,"C","Pioneer 3377",TRUE,106.73,NA,FALSE,"none",NA,NA,NA,NA,NA,NA,12000,"5/8/1985",128,TRUE,NA,NA
"2349",4,1985,"5SA",5,"SW",3,TRUE,"C","Pioneer 3377",TRUE,195.22,NA,TRUE,"LHNPK",NA,NA,300,200,200,NA,24000,"5/8/1985",128,TRUE,NA,NA
"2350",4,1985,"5SB",5,"SW",3,TRUE,"C","Pioneer 3377",TRUE,192.47,NA,TRUE,"LNPK",900,NA,200,NA,200,NA,24000,"5/8/1985",128,TRUE,NA,NA
"2351",4,1985,"5SC",5,"SE",3,TRUE,"C","Pioneer 3377",TRUE,152.56,NA,TRUE,"MLP",900,NA,NA,NA,NA,NA,16000,"5/8/1985",128,FALSE,NA,NA
"2352",4,1985,"5SD",5,"SE",3,TRUE,"C","Pioneer 3377",TRUE,124.26,NA,TRUE,"MLP",NA,NA,NA,NA,NA,NA,12000,"5/8/1985",128,TRUE,NA,NA
"2353",4,1986,"3NA",3,"NW",1,TRUE,"CC","Pioneer 3377",FALSE,45.92,NA,FALSE,"none",NA,NA,NA,NA,NA,NA,8000,"4/23/1986",113,TRUE,NA,NA
"2354",4,1986,"3NB",3,"NW",1,TRUE,"CC","Pioneer 3377",FALSE,157.61,NA,TRUE,"LNPK",NA,NA,200,200,200,NA,24000,"4/23/1986",113,TRUE,NA,NA
"2355",4,1986,"3NC",3,"NE",1,TRUE,"CC","Pioneer 3377",FALSE,65.61,NA,FALSE,"none",NA,NA,NA,NA,NA,NA,8000,"4/23/1986",113,TRUE,NA,NA
"2356",4,1986,"3ND",3,"NE",1,TRUE,"CC","Pioneer 3377",FALSE,59.66,NA,FALSE,"none",NA,NA,NA,NA,NA,NA,8000,"4/23/1986",113,TRUE,NA,NA
"2357",4,1986,"3SA",3,"SW",1,TRUE,"CC","Pioneer 3377",FALSE,184.04,NA,TRUE,"LHNPK",NA,NA,300,NA,200,NA,24000,"4/23/1986",113,TRUE,NA,NA
"2358",4,1986,"3SB",3,"SW",1,TRUE,"CC","Pioneer 3377",FALSE,193.11,NA,TRUE,"LNPK",NA,NA,200,NA,200,NA,24000,"4/23/1986",113,TRUE,NA,NA
"2359",4,1986,"3SC",3,"SE",1,TRUE,"CC","Pioneer 3377",FALSE,111.37,NA,TRUE,"MLP",NA,NA,NA,NA,NA,NA,16000,"4/23/1986",113,TRUE,NA,NA
"2360",4,1986,"3SD",3,"SE",1,TRUE,"CC","Pioneer 3377",FALSE,99.06,NA,TRUE,"MLP",NA,NA,NA,NA,NA,NA,12000,"4/23/1986",113,TRUE,NA,NA
"2361",4,1986,"4NA",4,"NW",2,FALSE,"S","Williams",FALSE,31,NA,FALSE,"none",NA,NA,NA,NA,NA,NA,NA,"5/10/1986",130,TRUE,NA,NA
"2362",4,1986,"4NB",4,"NW",2,FALSE,"S","Williams",FALSE,44.35,NA,TRUE,"LNPK",NA,NA,NA,200,200,NA,NA,"5/10/1986",130,TRUE,NA,NA
"2363",4,1986,"4NC",4,"NE",2,FALSE,"S","Williams",FALSE,28.6,NA,FALSE,"none",NA,NA,NA,NA,NA,NA,NA,"5/10/1986",130,TRUE,NA,NA
"2364",4,1986,"4ND",4,"NE",2,FALSE,"S","Williams",FALSE,NA,NA,FALSE,"none",NA,NA,NA,NA,NA,NA,NA,"5/10/1986",130,TRUE,NA,NA
"2365",4,1986,"4SA",4,"SW",2,FALSE,"S","Williams",FALSE,53.2,NA,TRUE,"LHNPK",NA,NA,NA,NA,200,NA,NA,"5/10/1986",130,TRUE,NA,NA
"2366",4,1986,"4SB",4,"SW",2,FALSE,"S","Williams",FALSE,51,NA,TRUE,"LNPK",NA,NA,NA,NA,200,NA,NA,"5/10/1986",130,TRUE,NA,NA
"2367",4,1986,"4SC",4,"SE",2,FALSE,"S","Williams",FALSE,40.1,NA,TRUE,"MLP",NA,NA,NA,NA,NA,NA,NA,"5/10/1986",130,TRUE,NA,NA
"2368",4,1986,"4SD",4,"SE",2,FALSE,"S","Williams",FALSE,NA,NA,TRUE,"MLP",NA,NA,NA,NA,NA,NA,NA,"5/10/1986",130,TRUE,NA,NA
"2369",4,1986,"5NA",5,"NW",3,FALSE,"O",NA,FALSE,NA,NA,FALSE,"none",NA,NA,NA,NA,NA,NA,NA,"2/28/1986",59,TRUE,NA,NA
"2370",4,1986,"5NB",5,"NW",3,FALSE,"O",NA,FALSE,NA,NA,TRUE,"LNPK",NA,NA,75,200,200,NA,NA,"2/28/1986",59,TRUE,NA,NA
"2371",4,1986,"5NC",5,"NE",3,FALSE,"O",NA,FALSE,NA,NA,FALSE,"none",NA,NA,NA,NA,NA,NA,NA,"2/28/1986",59,TRUE,NA,NA
"2372",4,1986,"5ND",5,"NE",3,FALSE,"O",NA,FALSE,NA,NA,FALSE,"none",NA,NA,NA,NA,NA,NA,NA,"2/28/1986",59,TRUE,NA,NA
"2373",4,1986,"5SA",5,"SW",3,FALSE,"O",NA,FALSE,NA,NA,TRUE,"LHNPK",NA,NA,100,NA,200,NA,NA,"2/28/1986",59,TRUE,NA,NA
"2374",4,1986,"5SB",5,"SW",3,FALSE,"O",NA,FALSE,NA,NA,TRUE,"LNPK",NA,NA,75,NA,200,NA,NA,"2/28/1986",59,TRUE,NA,NA
"2375",4,1986,"5SC",5,"SE",3,FALSE,"O",NA,FALSE,NA,NA,TRUE,"MLP",NA,NA,NA,NA,NA,NA,NA,"2/28/1986",59,TRUE,NA,NA
"2376",4,1986,"5SD",5,"SE",3,FALSE,"O",NA,FALSE,NA,NA,TRUE,"MLP",NA,NA,NA,NA,NA,NA,NA,"2/28/1986",59,TRUE,NA,NA
"2377",4,1987,"3NA",3,"NW",1,TRUE,"CC","Pioneer 3377",FALSE,45.65,NA,FALSE,"none",NA,NA,NA,NA,NA,NA,8000,"4/28/1987",118,TRUE,NA,NA
"2378",4,1987,"3NB",3,"NW",1,TRUE,"CC","Pioneer 3377",FALSE,166.98,NA,TRUE,"LNPK",NA,4,200,200,200,NA,24000,"4/28/1987",118,TRUE,NA,NA
"2379",4,1987,"3NC",3,"NE",1,TRUE,"CC","Pioneer 3377",FALSE,52.2,NA,FALSE,"none",NA,NA,NA,NA,NA,NA,8000,"4/28/1987",118,TRUE,NA,NA
"2380",4,1987,"3ND",3,"NE",1,TRUE,"CC","Pioneer 3377",FALSE,66.13,NA,FALSE,"none",NA,NA,NA,NA,NA,NA,8000,"4/28/1987",118,TRUE,NA,NA
"2381",4,1987,"3SA",3,"SW",1,TRUE,"CC","Pioneer 3377",FALSE,168.74,NA,TRUE,"LHNPK",NA,4,300,200,200,NA,24000,"4/28/1987",118,TRUE,NA,NA
"2382",4,1987,"3SB",3,"SW",1,TRUE,"CC","Pioneer 3377",FALSE,173.84,NA,TRUE,"LNPK",NA,4,200,NA,NA,NA,24000,"4/28/1987",118,TRUE,NA,NA
"2383",4,1987,"3SC",3,"SE",1,TRUE,"CC","Pioneer 3377",FALSE,118.64,NA,TRUE,"MLP",600,NA,NA,NA,NA,NA,16000,"4/28/1987",118,TRUE,NA,NA
"2384",4,1987,"3SD",3,"SE",1,TRUE,"CC","Pioneer 3377",FALSE,106.17,NA,TRUE,"MLP",600,NA,NA,NA,NA,NA,12000,"4/28/1987",118,TRUE,NA,NA
"2385",4,1987,"4NA",4,"NW",2,TRUE,"C","Pioneer 3377",FALSE,111.5,NA,FALSE,"none",NA,NA,NA,NA,NA,NA,12000,"4/28/1987",118,TRUE,NA,NA
"2386",4,1987,"4NB",4,"NW",2,TRUE,"C","Pioneer 3377",FALSE,184.01,NA,TRUE,"LNPK",NA,NA,200,NA,NA,NA,24000,"4/28/1987",118,TRUE,NA,NA
"2387",4,1987,"4NC",4,"NE",2,TRUE,"C","Pioneer 3377",FALSE,98.57,NA,FALSE,"none",NA,NA,NA,NA,NA,NA,12000,"4/28/1987",118,TRUE,NA,NA
"2388",4,1987,"4ND",4,"NE",2,TRUE,"C","Pioneer 3377",FALSE,108.28,NA,FALSE,"none",NA,NA,NA,NA,NA,NA,12000,"4/28/1987",118,TRUE,NA,NA
"2389",4,1987,"4SA",4,"SW",2,TRUE,"C","Pioneer 3377",FALSE,187.19,NA,TRUE,"LHNPK",NA,4,300,200,NA,NA,24000,"4/28/1987",118,TRUE,NA,NA
"2390",4,1987,"4SB",4,"SW",2,TRUE,"C","Pioneer 3377",FALSE,188.4,NA,TRUE,"LNPK",NA,NA,200,200,NA,NA,24000,"4/28/1987",118,TRUE,NA,NA
"2391",4,1987,"4SC",4,"SE",2,TRUE,"C","Pioneer 3377",FALSE,145.86,NA,TRUE,"MLP",600,NA,NA,NA,NA,NA,16000,"4/28/1987",118,TRUE,NA,NA
"2392",4,1987,"4SD",4,"SE",2,TRUE,"C","Pioneer 3377",FALSE,119.54,NA,TRUE,"MLP",600,NA,NA,NA,NA,NA,12000,"4/28/1987",118,TRUE,NA,NA
"2393",4,1987,"5NA",5,"NW",3,FALSE,"H",NA,FALSE,NA,NA,FALSE,"none",NA,NA,NA,NA,NA,NA,NA,NA,NA,TRUE,NA,NA
"2394",4,1987,"5NB",5,"NW",3,FALSE,"H",NA,FALSE,NA,7.66,TRUE,"LNPK",NA,NA,NA,NA,NA,NA,NA,NA,NA,TRUE,NA,NA
"2395",4,1987,"5NC",5,"NE",3,FALSE,"H",NA,FALSE,NA,NA,FALSE,"none",NA,NA,NA,NA,NA,NA,NA,NA,NA,TRUE,NA,NA
"2396",4,1987,"5ND",5,"NE",3,FALSE,"H",NA,FALSE,NA,NA,FALSE,"none",NA,NA,NA,NA,NA,NA,NA,NA,NA,TRUE,NA,NA
"2397",4,1987,"5SA",5,"SW",3,FALSE,"H",NA,FALSE,NA,6.02,TRUE,"LHNPK",NA,NA,NA,NA,NA,NA,NA,NA,NA,TRUE,NA,NA
"2398",4,1987,"5SB",5,"SW",3,FALSE,"H",NA,FALSE,NA,7.06,TRUE,"LNPK",NA,NA,NA,NA,NA,NA,NA,NA,NA,TRUE,NA,NA
"2399",4,1987,"5SC",5,"SE",3,FALSE,"H",NA,FALSE,NA,6.45,TRUE,"MLP",NA,NA,NA,NA,NA,NA,NA,NA,NA,TRUE,NA,NA
"2400",4,1987,"5SD",5,"SE",3,FALSE,"H",NA,FALSE,NA,NA,TRUE,"MLP",NA,NA,NA,NA,NA,NA,NA,NA,NA,TRUE,NA,NA
"2401",4,1988,"3NA",3,"NW",1,TRUE,"CC","Pioneer 3377",FALSE,43.82,NA,FALSE,"none",NA,NA,NA,NA,NA,NA,8000,"4/26/1988",116,TRUE,NA,NA
"2402",4,1988,"3NB",3,"NW",1,TRUE,"CC","Pioneer 3377",FALSE,73.75,NA,TRUE,"LNPK",NA,NA,200,NA,200,NA,24000,"4/26/1988",116,TRUE,NA,NA
"2403",4,1988,"3NC",3,"NE",1,TRUE,"CC","Pioneer 3377",FALSE,51.95,NA,FALSE,"none",NA,NA,NA,NA,NA,NA,8000,"4/26/1988",116,TRUE,NA,NA
"2404",4,1988,"3ND",3,"NE",1,TRUE,"CC","Pioneer 3377",FALSE,49.15,NA,FALSE,"none",NA,NA,NA,NA,NA,NA,8000,"4/26/1988",116,TRUE,NA,NA
"2405",4,1988,"3SA",3,"SW",1,TRUE,"CC","Pioneer 3377",FALSE,55.53,NA,TRUE,"LHNPK",NA,NA,300,NA,200,NA,24000,"4/26/1988",116,TRUE,NA,NA
"2406",4,1988,"3SB",3,"SW",1,TRUE,"CC","Pioneer 3377",FALSE,89.75,NA,TRUE,"LNPK",NA,NA,200,NA,200,NA,24000,"4/26/1988",116,TRUE,NA,NA
"2407",4,1988,"3SC",3,"SE",1,TRUE,"CC","Pioneer 3377",FALSE,99.46,NA,TRUE,"MLP",NA,NA,NA,NA,NA,NA,16000,"4/26/1988",116,TRUE,NA,NA
"2408",4,1988,"3SD",3,"SE",1,TRUE,"CC","Pioneer 3377",FALSE,75.3,NA,TRUE,"MLP",NA,NA,NA,NA,NA,NA,12000,"4/26/1988",116,TRUE,NA,NA
"2409",4,1988,"4NA",4,"NW",2,FALSE,"S","Williams 82",FALSE,21.2,NA,FALSE,"none",NA,NA,NA,NA,NA,NA,NA,"5/6/1988",126,TRUE,NA,NA
"2410",4,1988,"4NB",4,"NW",2,FALSE,"S","Williams 82",FALSE,22.8,NA,TRUE,"LNPK",NA,NA,NA,NA,200,NA,NA,"5/6/1988",126,TRUE,NA,NA
"2411",4,1988,"4NC",4,"NE",2,FALSE,"S","Williams 82",FALSE,19.2,NA,FALSE,"none",NA,NA,NA,NA,NA,NA,NA,"5/6/1988",126,TRUE,NA,NA
"2412",4,1988,"4ND",4,"NE",2,FALSE,"S","Williams 82",FALSE,NA,NA,FALSE,"none",NA,NA,NA,NA,NA,NA,NA,"5/6/1988",126,TRUE,NA,NA
"2413",4,1988,"4SA",4,"SW",2,FALSE,"S","Williams 82",FALSE,21.5,NA,TRUE,"LHNPK",NA,NA,NA,NA,200,NA,NA,"5/6/1988",126,TRUE,NA,NA
"2414",4,1988,"4SB",4,"SW",2,FALSE,"S","Williams 82",FALSE,22.7,NA,TRUE,"LNPK",NA,NA,NA,NA,200,NA,NA,"5/6/1988",126,TRUE,NA,NA
"2415",4,1988,"4SC",4,"SE",2,FALSE,"S","Williams 82",FALSE,28.6,NA,TRUE,"MLP",NA,NA,NA,NA,NA,NA,NA,"5/6/1988",126,TRUE,NA,NA
"2416",4,1988,"4SD",4,"SE",2,FALSE,"S","Williams 82",FALSE,NA,NA,TRUE,"MLP",NA,NA,NA,NA,NA,NA,NA,"5/6/1988",126,TRUE,NA,NA
"2417",4,1988,"5NA",5,"NW",3,TRUE,"C","Pioneer 3377",FALSE,70.27,NA,FALSE,"none",NA,NA,NA,NA,NA,NA,12000,"4/26/1988",116,TRUE,NA,NA
"2418",4,1988,"5NB",5,"NW",3,TRUE,"C","Pioneer 3377",FALSE,118.61,NA,TRUE,"LNPK",NA,NA,200,NA,200,NA,24000,"4/26/1988",116,TRUE,NA,NA
"2419",4,1988,"5NC",5,"NE",3,TRUE,"C","Pioneer 3377",FALSE,89.01,NA,FALSE,"none",NA,NA,NA,NA,NA,NA,12000,"4/26/1988",116,TRUE,NA,NA
"2420",4,1988,"5ND",5,"NE",3,TRUE,"C","Pioneer 3377",FALSE,94.57,NA,FALSE,"none",NA,NA,NA,NA,NA,NA,12000,"4/26/1988",116,TRUE,NA,NA
"2421",4,1988,"5SA",5,"SW",3,TRUE,"C","Pioneer 3377",FALSE,67.1,NA,TRUE,"LHNPK",NA,NA,300,NA,200,NA,24000,"4/26/1988",116,TRUE,NA,NA
"2422",4,1988,"5SB",5,"SW",3,TRUE,"C","Pioneer 3377",FALSE,113.52,NA,TRUE,"LNPK",NA,NA,200,NA,200,NA,24000,"4/26/1988",116,TRUE,NA,NA
"2423",4,1988,"5SC",5,"SE",3,TRUE,"C","Pioneer 3377",FALSE,111.5,NA,TRUE,"MLP",900,NA,NA,NA,NA,NA,16000,"4/26/1988",116,TRUE,NA,NA
"2424",4,1988,"5SD",5,"SE",3,TRUE,"C","Pioneer 3377",FALSE,100.1,NA,TRUE,"MLP",900,NA,NA,NA,NA,NA,12000,"4/26/1988",116,TRUE,NA,NA
"2425",4,1989,"3NA",3,"NW",1,TRUE,"CC","Pioneer 3377",FALSE,51.92,NA,FALSE,"none",NA,NA,NA,NA,NA,NA,8000,"4/25/1989",115,TRUE,NA,NA
"2426",4,1989,"3NB",3,"NW",1,TRUE,"CC","Pioneer 3377",FALSE,153.52,NA,TRUE,"LNPK",NA,NA,200,NA,NA,NA,24000,"4/25/1989",115,TRUE,NA,NA
"2427",4,1989,"3NC",3,"NE",1,TRUE,"CC","Pioneer 3377",FALSE,53.16,NA,FALSE,"none",NA,NA,NA,NA,NA,NA,8000,"4/25/1989",115,TRUE,NA,NA
"2428",4,1989,"3ND",3,"NE",1,TRUE,"CC","Pioneer 3377",FALSE,46.34,NA,FALSE,"none",NA,NA,NA,NA,NA,NA,8000,"4/25/1989",115,TRUE,NA,NA
"2429",4,1989,"3SA",3,"SW",1,TRUE,"CC","Pioneer 3377",FALSE,156.35,NA,TRUE,"LHNPK",NA,NA,300,200,NA,NA,24000,"4/25/1989",115,TRUE,NA,NA
"2430",4,1989,"3SB",3,"SW",1,TRUE,"CC","Pioneer 3377",FALSE,173,NA,TRUE,"LNPK",NA,NA,200,NA,NA,NA,24000,"4/25/1989",115,TRUE,NA,NA
"2431",4,1989,"3SC",3,"SE",1,TRUE,"CC","Pioneer 3377",FALSE,129,NA,TRUE,"MLP",600,NA,NA,NA,NA,NA,16000,"4/25/1989",115,TRUE,NA,NA
"2432",4,1989,"3SD",3,"SE",1,TRUE,"CC","Pioneer 3377",FALSE,85.01,NA,TRUE,"MLP",600,NA,NA,NA,NA,NA,12000,"4/25/1989",115,TRUE,NA,NA
"2433",4,1989,"4NA",4,"NW",2,TRUE,"C","Pioneer 3377",FALSE,105.57,NA,FALSE,"none",NA,NA,NA,NA,NA,NA,12000,"4/25/1989",115,TRUE,NA,NA
"2434",4,1989,"4NB",4,"NW",2,TRUE,"C","Pioneer 3377",FALSE,187.25,NA,TRUE,"LNPK",NA,NA,200,NA,NA,NA,24000,"4/25/1989",115,TRUE,NA,NA
"2435",4,1989,"4NC",4,"NE",2,TRUE,"C","Pioneer 3377",FALSE,96.12,NA,FALSE,"none",NA,NA,NA,NA,NA,NA,12000,"4/25/1989",115,TRUE,NA,NA
"2436",4,1989,"4ND",4,"NE",2,TRUE,"C","Pioneer 3377",FALSE,114.27,NA,FALSE,"none",NA,NA,NA,NA,NA,NA,12000,"4/25/1989",115,TRUE,NA,NA
"2437",4,1989,"4SA",4,"SW",2,TRUE,"C","Pioneer 3377",FALSE,161.89,NA,TRUE,"LHNPK",NA,NA,300,200,NA,NA,24000,"4/25/1989",115,TRUE,NA,NA
"2438",4,1989,"4SB",4,"SW",2,TRUE,"C","Pioneer 3377",FALSE,187.3,NA,TRUE,"LNPK",NA,NA,200,200,200,NA,24000,"4/25/1989",115,TRUE,NA,NA
"2439",4,1989,"4SC",4,"SE",2,TRUE,"C","Pioneer 3377",FALSE,144.83,NA,TRUE,"MLP",600,NA,NA,NA,NA,NA,16000,"4/25/1989",115,TRUE,NA,NA
"2440",4,1989,"4SD",4,"SE",2,TRUE,"C","Pioneer 3377",FALSE,115.09,NA,TRUE,"MLP",600,NA,NA,NA,NA,NA,12000,"4/25/1989",115,TRUE,NA,NA
"2441",4,1989,"5NA",5,"NW",3,FALSE,"O",NA,FALSE,72.4,NA,FALSE,"none",NA,NA,NA,NA,NA,NA,NA,"3/29/1989",88,TRUE,NA,NA
"2442",4,1989,"5NB",5,"NW",3,FALSE,"O",NA,FALSE,68.52,NA,TRUE,"LNPK",NA,NA,75,NA,200,NA,NA,"3/29/1989",88,TRUE,NA,NA
"2443",4,1989,"5NC",5,"NE",3,FALSE,"O",NA,FALSE,91.07,NA,FALSE,"none",NA,NA,NA,NA,NA,NA,NA,"3/29/1989",88,TRUE,NA,NA
"2444",4,1989,"5ND",5,"NE",3,FALSE,"O",NA,FALSE,NA,NA,FALSE,"none",NA,NA,NA,NA,NA,NA,NA,"3/29/1989",88,TRUE,NA,NA
"2445",4,1989,"5SA",5,"SW",3,FALSE,"O",NA,FALSE,93.21,NA,TRUE,"LHNPK",NA,NA,100,200,200,NA,NA,"3/29/1989",88,TRUE,NA,NA
"2446",4,1989,"5SB",5,"SW",3,FALSE,"O",NA,FALSE,92.32,NA,TRUE,"LNPK",NA,NA,75,200,200,NA,NA,"3/29/1989",88,TRUE,NA,NA
"2447",4,1989,"5SC",5,"SE",3,FALSE,"O",NA,FALSE,119.22,NA,TRUE,"MLP",NA,NA,NA,NA,NA,NA,NA,"3/29/1989",88,TRUE,NA,NA
"2448",4,1989,"5SD",5,"SE",3,FALSE,"O",NA,FALSE,NA,NA,TRUE,"MLP",NA,NA,NA,NA,NA,NA,NA,"3/29/1989",88,TRUE,NA,NA
"2449",4,1990,"3NA",3,"NW",1,TRUE,"CC","Pioneer 3377",FALSE,44.1,NA,FALSE,"none",NA,NA,NA,NA,NA,NA,8000,"5/2/1990",122,TRUE,NA,NA
"2450",4,1990,"3NB",3,"NW",1,TRUE,"CC","Pioneer 3377",FALSE,138.9,NA,TRUE,"LNPK",NA,NA,200,NA,NA,NA,24000,"5/2/1990",122,TRUE,NA,NA
"2451",4,1990,"3NC",3,"NE",1,TRUE,"CC","Pioneer 3377",FALSE,45.6,NA,FALSE,"none",NA,NA,NA,NA,NA,NA,8000,"5/2/1990",122,FALSE,NA,NA
"2452",4,1990,"3ND",3,"NE",1,TRUE,"CC","Pioneer 3377",FALSE,55,NA,FALSE,"none",NA,NA,NA,NA,NA,NA,8000,"5/2/1990",122,TRUE,NA,NA
"2453",4,1990,"3SA",3,"SW",1,TRUE,"CC","Pioneer 3377",FALSE,177.9,NA,TRUE,"LHNPK",NA,NA,300,NA,NA,NA,24000,"5/2/1990",122,TRUE,NA,NA
"2454",4,1990,"3SB",3,"SW",1,TRUE,"CC","Pioneer 3377",FALSE,174.6,NA,TRUE,"LNPK",NA,NA,200,NA,200,NA,24000,"5/2/1990",122,TRUE,NA,NA
"2455",4,1990,"3SC",3,"SE",1,TRUE,"CC","Pioneer 3377",FALSE,109.9,NA,TRUE,"MLP",NA,NA,NA,NA,NA,NA,16000,"5/2/1990",122,TRUE,NA,NA
"2456",4,1990,"3SD",3,"SE",1,TRUE,"CC","Pioneer 3377",FALSE,85.5,NA,TRUE,"MLP",NA,NA,NA,NA,NA,NA,12000,"5/2/1990",122,TRUE,NA,NA
"2457",4,1990,"4NA",4,"NW",2,FALSE,"S","Williams 82",FALSE,29.9,NA,FALSE,"none",NA,NA,NA,NA,NA,NA,NA,"5/2/1990",122,TRUE,NA,NA
"2458",4,1990,"4NB",4,"NW",2,FALSE,"S","Williams 82",FALSE,33.8,NA,TRUE,"LNPK",NA,NA,NA,NA,200,NA,NA,"5/2/1990",122,TRUE,NA,NA
"2459",4,1990,"4NC",4,"NE",2,FALSE,"S","Williams 82",FALSE,26.8,NA,FALSE,"none",NA,NA,NA,NA,NA,NA,NA,"5/2/1990",122,TRUE,NA,NA
"2460",4,1990,"4ND",4,"NE",2,FALSE,"S","Williams 82",FALSE,NA,NA,FALSE,"none",NA,NA,NA,NA,NA,NA,NA,"5/2/1990",122,TRUE,NA,NA
"2461",4,1990,"4SA",4,"SW",2,FALSE,"S","Williams 82",FALSE,34.4,NA,TRUE,"LHNPK",NA,NA,NA,NA,200,NA,NA,"5/2/1990",122,TRUE,NA,NA
"2462",4,1990,"4SB",4,"SW",2,FALSE,"S","Williams 82",FALSE,36.5,NA,TRUE,"LNPK",NA,NA,NA,NA,NA,NA,NA,"5/2/1990",122,TRUE,NA,NA
"2463",4,1990,"4SC",4,"SE",2,FALSE,"S","Williams 82",FALSE,37.3,NA,TRUE,"MLP",NA,NA,NA,NA,NA,NA,NA,"5/2/1990",122,TRUE,NA,NA
"2464",4,1990,"4SD",4,"SE",2,FALSE,"S","Williams 82",FALSE,NA,NA,TRUE,"MLP",NA,NA,NA,NA,NA,NA,NA,"5/2/1990",122,TRUE,NA,NA
"2465",4,1990,"5NA",5,"NW",3,FALSE,"H",NA,FALSE,NA,NA,FALSE,"none",NA,NA,NA,NA,NA,NA,NA,NA,NA,TRUE,NA,NA
"2466",4,1990,"5NB",5,"NW",3,FALSE,"H",NA,FALSE,NA,4.45,TRUE,"LNPK",NA,NA,NA,NA,200,NA,NA,NA,NA,TRUE,NA,NA
"2467",4,1990,"5NC",5,"NE",3,FALSE,"H",NA,FALSE,NA,NA,FALSE,"none",NA,NA,NA,NA,NA,NA,NA,NA,NA,TRUE,NA,NA
"2468",4,1990,"5ND",5,"NE",3,FALSE,"H",NA,FALSE,NA,NA,FALSE,"none",NA,NA,NA,NA,NA,NA,NA,NA,NA,TRUE,NA,NA
"2469",4,1990,"5SA",5,"SW",3,FALSE,"H",NA,FALSE,NA,4.96,TRUE,"LHNPK",NA,NA,NA,200,200,NA,NA,NA,NA,TRUE,NA,NA
"2470",4,1990,"5SB",5,"SW",3,FALSE,"H",NA,FALSE,NA,4.26,TRUE,"LNPK",NA,NA,NA,200,200,NA,NA,NA,NA,TRUE,NA,NA
"2471",4,1990,"5SC",5,"SE",3,FALSE,"H",NA,FALSE,NA,4.61,TRUE,"MLP",NA,NA,NA,NA,NA,NA,NA,NA,NA,TRUE,NA,NA
"2472",4,1990,"5SD",5,"SE",3,FALSE,"H",NA,FALSE,NA,NA,TRUE,"MLP",NA,NA,NA,NA,NA,NA,NA,NA,NA,TRUE,NA,NA
"2473",4,1991,"3NA",3,"NW",1,TRUE,"CC","Pioneer 3377",TRUE,43.4,NA,FALSE,"none",NA,NA,NA,NA,NA,NA,8000,"4/25/1991",115,TRUE,NA,NA
"2474",4,1991,"3NB",3,"NW",1,TRUE,"CC","Pioneer 3377",TRUE,109.22,NA,TRUE,"LNPK",NA,NA,200,NA,200,NA,24000,"4/25/1991",115,TRUE,NA,NA
"2475",4,1991,"3NC",3,"NE",1,TRUE,"CC","Pioneer 3377",TRUE,42.62,NA,FALSE,"none",NA,NA,NA,NA,NA,NA,8000,"4/25/1991",115,TRUE,NA,NA
"2476",4,1991,"3ND",3,"NE",1,TRUE,"CC","Pioneer 3377",TRUE,39.72,NA,FALSE,"none",NA,NA,NA,NA,NA,NA,8000,"4/25/1991",115,TRUE,NA,NA
"2477",4,1991,"3SA",3,"SW",1,TRUE,"CC","Pioneer 3377",TRUE,119.52,NA,TRUE,"LHNPK",NA,NA,300,NA,200,NA,24000,"4/25/1991",115,TRUE,NA,NA
"2478",4,1991,"3SB",3,"SW",1,TRUE,"CC","Pioneer 3377",TRUE,122.36,NA,TRUE,"LNPK",NA,NA,200,NA,NA,NA,24000,"4/25/1991",115,TRUE,NA,NA
"2479",4,1991,"3SC",3,"SE",1,TRUE,"CC","Pioneer 3377",TRUE,63.79,NA,TRUE,"MLP",600,NA,NA,NA,NA,NA,16000,"4/25/1991",115,TRUE,NA,NA
"2480",4,1991,"3SD",3,"SE",1,TRUE,"CC","Pioneer 3377",TRUE,61.81,NA,TRUE,"MLP",600,NA,NA,NA,NA,NA,12000,"4/25/1991",115,TRUE,NA,NA
"2481",4,1991,"4NA",4,"NW",2,TRUE,"C","Pioneer 3377",TRUE,80.91,NA,FALSE,"none",NA,NA,NA,NA,NA,NA,12000,"4/25/1991",115,TRUE,NA,NA
"2482",4,1991,"4NB",4,"NW",2,TRUE,"C","Pioneer 3377",TRUE,136.44,NA,TRUE,"LNPK",NA,NA,200,NA,NA,NA,24000,"4/25/1991",115,TRUE,NA,NA
"2483",4,1991,"4NC",4,"NE",2,TRUE,"C","Pioneer 3377",TRUE,79.74,NA,FALSE,"none",NA,NA,NA,NA,NA,NA,12000,"4/25/1991",115,TRUE,NA,NA
"2484",4,1991,"4ND",4,"NE",2,TRUE,"C","Pioneer 3377",TRUE,79.98,NA,FALSE,"none",NA,NA,NA,NA,NA,NA,12000,"4/25/1991",115,TRUE,NA,NA
"2485",4,1991,"4SA",4,"SW",2,TRUE,"C","Pioneer 3377",TRUE,136.64,NA,TRUE,"LHNPK",NA,NA,300,200,200,NA,24000,"4/25/1991",115,TRUE,NA,NA
"2486",4,1991,"4SB",4,"SW",2,TRUE,"C","Pioneer 3377",TRUE,137.42,NA,TRUE,"LNPK",NA,NA,200,NA,NA,NA,24000,"4/25/1991",115,TRUE,NA,NA
"2487",4,1991,"4SC",4,"SE",2,TRUE,"C","Pioneer 3377",TRUE,101.53,NA,TRUE,"MLP",600,NA,NA,NA,NA,NA,16000,"4/25/1991",115,TRUE,NA,NA
"2488",4,1991,"4SD",4,"SE",2,TRUE,"C","Pioneer 3377",TRUE,93.9,NA,TRUE,"MLP",600,NA,NA,NA,NA,NA,12000,"4/25/1991",115,TRUE,NA,NA
"2489",4,1991,"5NA",5,"NW",3,TRUE,"C","Pioneer 3377",TRUE,97.76,NA,FALSE,"none",NA,NA,NA,NA,NA,NA,12000,"4/25/1991",115,TRUE,NA,NA
"2490",4,1991,"5NB",5,"NW",3,TRUE,"C","Pioneer 3377",TRUE,151.22,NA,TRUE,"LNPK",NA,NA,200,200,200,NA,24000,"4/25/1991",115,TRUE,NA,NA
"2491",4,1991,"5NC",5,"NE",3,TRUE,"C","Pioneer 3377",TRUE,100.56,NA,FALSE,"none",NA,NA,NA,NA,NA,NA,12000,"4/25/1991",115,TRUE,NA,NA
"2492",4,1991,"5ND",5,"NE",3,TRUE,"C","Pioneer 3377",TRUE,107.72,NA,FALSE,"none",NA,NA,NA,NA,NA,NA,12000,"4/25/1991",115,TRUE,NA,NA
"2493",4,1991,"5SA",5,"SW",3,TRUE,"C","Pioneer 3377",TRUE,127.96,NA,TRUE,"LHNPK",NA,NA,300,200,200,NA,24000,"4/25/1991",115,TRUE,NA,NA
"2494",4,1991,"5SB",5,"SW",3,TRUE,"C","Pioneer 3377",TRUE,142.37,NA,TRUE,"LNPK",NA,NA,200,200,200,NA,24000,"4/25/1991",115,TRUE,NA,NA
"2495",4,1991,"5SC",5,"SE",3,TRUE,"C","Pioneer 3377",TRUE,134.31,NA,TRUE,"MLP",900,NA,NA,NA,NA,NA,16000,"4/25/1991",115,TRUE,NA,NA
"2496",4,1991,"5SD",5,"SE",3,TRUE,"C","Pioneer 3377",TRUE,107.73,NA,TRUE,"MLP",900,NA,NA,NA,NA,NA,12000,"4/25/1991",115,TRUE,NA,NA
"2497",4,1992,"3NA",3,"NW",1,TRUE,"CC","Pioneer 3377",FALSE,49.9,NA,FALSE,"none",NA,NA,NA,NA,NA,NA,8000,"5/6/1992",126,TRUE,NA,NA
"2498",4,1992,"3NB",3,"NW",1,TRUE,"CC","Pioneer 3377",FALSE,166.7,NA,TRUE,"LNPK",NA,NA,200,NA,NA,NA,24000,"5/6/1992",126,TRUE,NA,NA
"2499",4,1992,"3NC",3,"NE",1,TRUE,"CC","Pioneer 3377",FALSE,44.05,NA,FALSE,"none",NA,NA,NA,NA,NA,NA,8000,"5/6/1992",126,TRUE,NA,NA
"2500",4,1992,"3ND",3,"NE",1,TRUE,"CC","Pioneer 3377",FALSE,44.83,NA,FALSE,"none",NA,NA,NA,NA,NA,NA,8000,"5/6/1992",126,TRUE,NA,NA
"2501",4,1992,"3SA",3,"SW",1,TRUE,"CC","Pioneer 3377",FALSE,198.79,NA,TRUE,"LHNPK",NA,5,300,NA,NA,NA,24000,"5/6/1992",126,TRUE,NA,NA
"2502",4,1992,"3SB",3,"SW",1,TRUE,"CC","Pioneer 3377",FALSE,192.9,NA,TRUE,"LNPK",NA,5,200,NA,NA,NA,24000,"5/6/1992",126,TRUE,NA,NA
"2503",4,1992,"3SC",3,"SE",1,TRUE,"CC","Pioneer 3377",FALSE,108.3,NA,TRUE,"MLP",NA,NA,NA,NA,NA,NA,16000,"5/6/1992",126,TRUE,NA,NA
"2504",4,1992,"3SD",3,"SE",1,TRUE,"CC","Pioneer 3377",FALSE,92.56,NA,TRUE,"MLP",NA,NA,NA,NA,NA,NA,12000,"5/6/1992",126,TRUE,NA,NA
"2505",4,1992,"4NA",4,"NW",2,FALSE,"S","Williams 82",FALSE,43.15,NA,FALSE,"none",NA,NA,NA,NA,NA,NA,NA,"5/6/1992",126,TRUE,NA,NA
"2506",4,1992,"4NB",4,"NW",2,FALSE,"S","Williams 82",FALSE,49.26,NA,TRUE,"LNPK",NA,5,NA,NA,NA,NA,NA,"5/6/1992",126,TRUE,NA,NA
"2507",4,1992,"4NC",4,"NE",2,FALSE,"S","Williams 82",FALSE,33.03,NA,FALSE,"none",NA,NA,NA,NA,NA,NA,NA,"5/6/1992",126,TRUE,NA,NA
"2508",4,1992,"4ND",4,"NE",2,FALSE,"S","Williams 82",FALSE,NA,NA,FALSE,"none",NA,NA,NA,NA,NA,NA,NA,"5/6/1992",126,TRUE,NA,NA
"2509",4,1992,"4SA",4,"SW",2,FALSE,"S","Williams 82",FALSE,50.38,NA,TRUE,"LHNPK",NA,5,200,200,NA,NA,NA,"5/6/1992",126,TRUE,NA,NA
"2510",4,1992,"4SB",4,"SW",2,FALSE,"S","Williams 82",FALSE,46.45,NA,TRUE,"LNPK",NA,5,NA,NA,NA,NA,NA,"5/6/1992",126,TRUE,NA,NA
"2511",4,1992,"4SC",4,"SE",2,FALSE,"S","Williams 82",FALSE,51.08,NA,TRUE,"MLP",NA,NA,NA,NA,NA,NA,NA,"5/6/1992",126,TRUE,NA,NA
"2512",4,1992,"4SD",4,"SE",2,FALSE,"S","Williams 82",FALSE,NA,NA,TRUE,"MLP",NA,NA,NA,NA,NA,NA,NA,"5/6/1992",126,TRUE,NA,NA
"2513",4,1992,"5NA",5,"NW",3,FALSE,"O",NA,FALSE,75.4,NA,FALSE,"none",NA,NA,NA,NA,NA,NA,NA,"3/2/1992",61,TRUE,NA,NA
"2514",4,1992,"5NB",5,"NW",3,FALSE,"O",NA,FALSE,91.02,NA,TRUE,"LNPK",NA,5,75,200,200,NA,NA,"3/2/1992",61,TRUE,NA,NA
"2515",4,1992,"5NC",5,"NE",3,FALSE,"O",NA,FALSE,85.8,NA,FALSE,"none",NA,NA,NA,NA,NA,NA,NA,"3/2/1992",61,TRUE,NA,NA
"2516",4,1992,"5ND",5,"NE",3,FALSE,"O",NA,FALSE,NA,NA,FALSE,"none",NA,NA,NA,NA,NA,NA,NA,"3/2/1992",61,TRUE,NA,NA
"2517",4,1992,"5SA",5,"SW",3,FALSE,"O",NA,FALSE,109.4,NA,TRUE,"LHNPK",NA,5,100,NA,200,NA,NA,"3/2/1992",61,TRUE,NA,NA
"2518",4,1992,"5SB",5,"SW",3,FALSE,"O",NA,FALSE,119,NA,TRUE,"LNPK",NA,5,75,NA,200,NA,NA,"3/2/1992",61,TRUE,NA,NA
"2519",4,1992,"5SC",5,"SE",3,FALSE,"O",NA,FALSE,100.7,NA,TRUE,"MLP",NA,NA,NA,NA,NA,NA,NA,"3/2/1992",61,TRUE,NA,NA
"2520",4,1992,"5SD",5,"SE",3,FALSE,"O",NA,FALSE,NA,NA,TRUE,"MLP",NA,NA,NA,NA,NA,NA,NA,"3/2/1992",61,TRUE,NA,NA
"2521",4,1993,"3NA",3,"NW",1,TRUE,"CC","Pioneer 3357",FALSE,25.48,NA,FALSE,"none",NA,NA,NA,NA,NA,NA,8000,"5/13/1993",133,TRUE,NA,NA
"2522",4,1993,"3NB",3,"NW",1,TRUE,"CC","Pioneer 3357",FALSE,92.93,NA,TRUE,"LNPK",NA,NA,200,NA,200,NA,24000,"5/13/1993",133,TRUE,NA,NA
"2523",4,1993,"3NC",3,"NE",1,TRUE,"CC","Pioneer 3357",FALSE,NA,NA,FALSE,"none",NA,NA,NA,NA,NA,NA,8000,"5/13/1993",133,TRUE,NA,NA
"2524",4,1993,"3ND",3,"NE",1,TRUE,"CC","Pioneer 3357",FALSE,NA,NA,FALSE,"none",NA,NA,NA,NA,NA,NA,8000,"5/13/1993",133,TRUE,NA,NA
"2525",4,1993,"3SA",3,"SW",1,TRUE,"CC","Pioneer 3357",FALSE,154.48,NA,TRUE,"LHNPK",NA,NA,300,200,200,NA,24000,"5/13/1993",133,TRUE,NA,NA
"2526",4,1993,"3SB",3,"SW",1,TRUE,"CC","Pioneer 3357",FALSE,158.72,NA,TRUE,"LNPK",NA,NA,200,NA,200,NA,24000,"5/13/1993",133,TRUE,NA,NA
"2527",4,1993,"3SC",3,"SE",1,TRUE,"CC","Pioneer 3357",FALSE,47.07,NA,TRUE,"MLP",600,NA,NA,NA,NA,NA,16000,"5/13/1993",133,TRUE,NA,NA
"2528",4,1993,"3SD",3,"SE",1,TRUE,"CC","Pioneer 3357",FALSE,39.97,NA,TRUE,"MLP",600,NA,NA,NA,NA,NA,12000,"5/13/1993",133,TRUE,NA,NA
"2529",4,1993,"4NA",4,"NW",2,TRUE,"C","Pioneer 3357",FALSE,85.59,NA,FALSE,"none",NA,NA,NA,NA,NA,NA,12000,"5/13/1993",133,TRUE,NA,NA
"2530",4,1993,"4NB",4,"NW",2,TRUE,"C","Pioneer 3357",FALSE,187.26,NA,TRUE,"LNPK",NA,NA,200,NA,NA,NA,24000,"5/13/1993",133,TRUE,NA,NA
"2531",4,1993,"4NC",4,"NE",2,TRUE,"C","Pioneer 3357",FALSE,80.66,NA,FALSE,"none",NA,NA,NA,NA,NA,NA,12000,"5/13/1993",133,TRUE,NA,NA
"2532",4,1993,"4ND",4,"NE",2,TRUE,"C","Pioneer 3357",FALSE,72.74,NA,FALSE,"none",NA,NA,NA,NA,NA,NA,12000,"5/13/1993",133,TRUE,NA,NA
"2533",4,1993,"4SA",4,"SW",2,TRUE,"C","Pioneer 3357",FALSE,195.13,NA,TRUE,"LHNPK",NA,NA,300,NA,NA,NA,24000,"5/13/1993",133,TRUE,NA,NA
"2534",4,1993,"4SB",4,"SW",2,TRUE,"C","Pioneer 3357",FALSE,195.38,NA,TRUE,"LNPK",NA,NA,200,NA,NA,NA,24000,"5/13/1993",133,TRUE,NA,NA
"2535",4,1993,"4SC",4,"SE",2,TRUE,"C","Pioneer 3357",FALSE,109.53,NA,TRUE,"MLP",600,NA,NA,NA,NA,NA,16000,"5/13/1993",133,TRUE,NA,NA
"2536",4,1993,"4SD",4,"SE",2,TRUE,"C","Pioneer 3357",FALSE,95.87,NA,TRUE,"MLP",600,NA,NA,NA,NA,NA,12000,"5/13/1993",133,TRUE,NA,NA
"2537",4,1993,"5NA",5,"NW",3,FALSE,"H",NA,FALSE,NA,NA,FALSE,"none",NA,NA,NA,NA,NA,NA,NA,NA,NA,TRUE,NA,NA
"2538",4,1993,"5NB",5,"NW",3,FALSE,"H",NA,FALSE,NA,4.29,TRUE,"LNPK",NA,NA,NA,NA,NA,NA,NA,NA,NA,TRUE,NA,NA
"2539",4,1993,"5NC",5,"NE",3,FALSE,"H",NA,FALSE,NA,NA,FALSE,"none",NA,NA,NA,NA,NA,NA,NA,NA,NA,TRUE,NA,NA
"2540",4,1993,"5ND",5,"NE",3,FALSE,"H",NA,FALSE,NA,NA,FALSE,"none",NA,NA,NA,NA,NA,NA,NA,NA,NA,TRUE,NA,NA
"2541",4,1993,"5SA",5,"SW",3,FALSE,"H",NA,FALSE,NA,4.3,TRUE,"LHNPK",NA,NA,NA,NA,NA,NA,NA,NA,NA,TRUE,NA,NA
"2542",4,1993,"5SB",5,"SW",3,FALSE,"H",NA,FALSE,NA,4.3,TRUE,"LNPK",NA,NA,NA,NA,NA,NA,NA,NA,NA,TRUE,NA,NA
"2543",4,1993,"5SC",5,"SE",3,FALSE,"H",NA,FALSE,NA,4.37,TRUE,"MLP",NA,NA,NA,NA,NA,NA,NA,NA,NA,TRUE,NA,NA
"2544",4,1993,"5SD",5,"SE",3,FALSE,"H",NA,FALSE,NA,NA,TRUE,"MLP",NA,NA,NA,NA,NA,NA,NA,NA,NA,TRUE,NA,NA
"2545",4,1994,"3NA",3,"NW",1,TRUE,"CC","Pioneer 3357",FALSE,36.88,NA,FALSE,"none",NA,NA,NA,NA,NA,NA,8000,"5/17/1994",137,TRUE,NA,NA
"2546",4,1994,"3NB",3,"NW",1,TRUE,"CC","Pioneer 3357",FALSE,137.19,NA,TRUE,"LNPK",NA,NA,200,NA,NA,NA,24000,"5/17/1994",137,TRUE,NA,NA
"2547",4,1994,"3NC",3,"NE",1,TRUE,"CC","Pioneer 3357",FALSE,51.8,NA,FALSE,"none",NA,NA,NA,NA,NA,NA,8000,"5/17/1994",137,TRUE,NA,NA
"2548",4,1994,"3ND",3,"NE",1,TRUE,"CC","Pioneer 3357",FALSE,41.88,NA,FALSE,"none",NA,NA,NA,NA,NA,NA,8000,"5/17/1994",137,TRUE,NA,NA
"2549",4,1994,"3SA",3,"SW",1,TRUE,"CC","Pioneer 3357",FALSE,160.75,NA,TRUE,"LHNPK",NA,NA,300,200,200,NA,24000,"5/17/1994",137,TRUE,NA,NA
"2550",4,1994,"3SB",3,"SW",1,TRUE,"CC","Pioneer 3357",FALSE,153.69,NA,TRUE,"LNPK",NA,NA,200,200,NA,NA,24000,"5/17/1994",137,TRUE,NA,NA
"2551",4,1994,"3SC",3,"SE",1,TRUE,"CC","Pioneer 3357",FALSE,89.12,NA,TRUE,"MLP",NA,NA,NA,NA,NA,NA,16000,"5/17/1994",137,TRUE,NA,NA
"2552",4,1994,"3SD",3,"SE",1,TRUE,"CC","Pioneer 3357",FALSE,84.26,NA,TRUE,"MLP",NA,NA,NA,NA,NA,NA,12000,"5/17/1994",137,TRUE,NA,NA
"2553",4,1994,"4NA",4,"NW",2,FALSE,"S","Williams 82",FALSE,30.65,NA,FALSE,"none",NA,NA,NA,NA,NA,NA,NA,"5/17/1994",137,TRUE,NA,NA
"2554",4,1994,"4NB",4,"NW",2,FALSE,"S","Williams 82",FALSE,36.67,NA,TRUE,"LNPK",NA,NA,NA,NA,NA,NA,NA,"5/17/1994",137,TRUE,NA,NA
"2555",4,1994,"4NC",4,"NE",2,FALSE,"S","Williams 82",FALSE,23.26,NA,FALSE,"none",NA,NA,NA,NA,NA,NA,NA,"5/17/1994",137,TRUE,NA,NA
"2556",4,1994,"4ND",4,"NE",2,FALSE,"S","Williams 82",FALSE,NA,NA,FALSE,"none",NA,NA,NA,NA,NA,NA,NA,"5/17/1994",137,TRUE,NA,NA
"2557",4,1994,"4SA",4,"SW",2,FALSE,"S","Williams 82",FALSE,41.07,NA,TRUE,"LHNPK",NA,NA,NA,NA,NA,NA,NA,"5/17/1994",137,TRUE,NA,NA
"2558",4,1994,"4SB",4,"SW",2,FALSE,"S","Williams 82",FALSE,47.67,NA,TRUE,"LNPK",NA,NA,NA,NA,NA,NA,NA,"5/17/1994",137,TRUE,NA,NA
"2559",4,1994,"4SC",4,"SE",2,FALSE,"S","Williams 82",FALSE,47.54,NA,TRUE,"MLP",NA,NA,NA,NA,NA,NA,NA,"5/17/1994",137,TRUE,NA,NA
"2560",4,1994,"4SD",4,"SE",2,FALSE,"S","Williams 82",FALSE,NA,NA,TRUE,"MLP",NA,NA,NA,NA,NA,NA,NA,"5/17/1994",137,TRUE,NA,NA
"2561",4,1994,"5NA",5,"NW",3,TRUE,"C","Pioneer 3357",FALSE,117.78,NA,FALSE,"none",NA,NA,NA,NA,NA,NA,12000,"5/17/1994",137,TRUE,NA,NA
"2562",4,1994,"5NB",5,"NW",3,TRUE,"C","Pioneer 3357",FALSE,188.84,NA,TRUE,"LNPK",NA,NA,200,NA,200,NA,24000,"5/17/1994",137,TRUE,NA,NA
"2563",4,1994,"5NC",5,"NE",3,TRUE,"C","Pioneer 3357",FALSE,122.24,NA,FALSE,"none",NA,NA,NA,NA,NA,NA,12000,"5/17/1994",137,TRUE,NA,NA
"2564",4,1994,"5ND",5,"NE",3,TRUE,"C","Pioneer 3357",FALSE,119.4,NA,FALSE,"none",NA,NA,NA,NA,NA,NA,12000,"5/17/1994",137,TRUE,NA,NA
"2565",4,1994,"5SA",5,"SW",3,TRUE,"C","Pioneer 3357",FALSE,185.62,NA,TRUE,"LHNPK",NA,NA,300,200,NA,NA,24000,"5/17/1994",137,TRUE,NA,NA
"2566",4,1994,"5SB",5,"SW",3,TRUE,"C","Pioneer 3357",FALSE,184.57,NA,TRUE,"LNPK",NA,NA,200,NA,200,NA,24000,"5/17/1994",137,TRUE,NA,NA
"2567",4,1994,"5SC",5,"SE",3,TRUE,"C","Pioneer 3357",FALSE,150.36,NA,TRUE,"MLP",900,NA,NA,NA,NA,NA,16000,"5/17/1994",137,TRUE,NA,NA
"2568",4,1994,"5SD",5,"SE",3,TRUE,"C","Pioneer 3357",FALSE,119.73,NA,TRUE,"MLP",900,NA,NA,NA,NA,NA,12000,"5/17/1994",137,TRUE,NA,NA
"2569",4,1995,"3NA",3,"NW",1,TRUE,"CC","Pioneer 3581",FALSE,20.3,NA,FALSE,"none",NA,NA,NA,NA,NA,NA,8000,"5/31/1995",151,TRUE,NA,NA
"2570",4,1995,"3NB",3,"NW",1,TRUE,"CC","Pioneer 3581",FALSE,97.2,NA,TRUE,"LNPK",NA,NA,200,NA,NA,NA,24000,"5/31/1995",151,TRUE,NA,NA
"2571",4,1995,"3NC",3,"NE",1,TRUE,"CC","Pioneer 3581",FALSE,19.8,NA,FALSE,"none",NA,NA,NA,NA,NA,NA,8000,"5/31/1995",151,TRUE,NA,NA
"2572",4,1995,"3ND",3,"NE",1,TRUE,"CC","Pioneer 3581",FALSE,27.7,NA,FALSE,"none",NA,NA,NA,NA,NA,NA,8000,"5/31/1995",151,TRUE,NA,NA
"2573",4,1995,"3SA",3,"SW",1,TRUE,"CC","Pioneer 3581",FALSE,88,NA,TRUE,"LHNPK",NA,NA,300,NA,NA,NA,24000,"5/31/1995",151,TRUE,NA,NA
"2574",4,1995,"3SB",3,"SW",1,TRUE,"CC","Pioneer 3581",FALSE,101.9,NA,TRUE,"LNPK",NA,NA,200,NA,NA,NA,24000,"5/31/1995",151,TRUE,NA,NA
"2575",4,1995,"3SC",3,"SE",1,TRUE,"CC","Pioneer 3581",FALSE,62.6,NA,TRUE,"MLP",600,NA,NA,NA,NA,NA,16000,"5/31/1995",151,TRUE,NA,NA
"2576",4,1995,"3SD",3,"SE",1,TRUE,"CC","Pioneer 3581",FALSE,45.9,NA,TRUE,"MLP",600,NA,NA,NA,NA,NA,12000,"5/31/1995",151,TRUE,NA,NA
"2577",4,1995,"4NA",4,"NW",2,TRUE,"C","Pioneer 3581",FALSE,55.7,NA,FALSE,"none",NA,NA,NA,NA,NA,NA,12000,"5/31/1995",151,TRUE,NA,NA
"2578",4,1995,"4NB",4,"NW",2,TRUE,"C","Pioneer 3581",FALSE,116.5,NA,TRUE,"LNPK",NA,NA,200,NA,NA,NA,24000,"5/31/1995",151,TRUE,NA,NA
"2579",4,1995,"4NC",4,"NE",2,TRUE,"C","Pioneer 3581",FALSE,40.9,NA,FALSE,"none",NA,NA,NA,NA,NA,NA,12000,"5/31/1995",151,TRUE,NA,NA
"2580",4,1995,"4ND",4,"NE",2,TRUE,"C","Pioneer 3581",FALSE,43.7,NA,FALSE,"none",NA,NA,NA,NA,NA,NA,12000,"5/31/1995",151,TRUE,NA,NA
"2581",4,1995,"4SA",4,"SW",2,TRUE,"C","Pioneer 3581",FALSE,124.9,NA,TRUE,"LHNPK",NA,NA,300,NA,NA,NA,24000,"5/31/1995",151,TRUE,NA,NA
"2582",4,1995,"4SB",4,"SW",2,TRUE,"C","Pioneer 3581",FALSE,118.6,NA,TRUE,"LNPK",NA,NA,200,NA,NA,NA,24000,"5/31/1995",151,TRUE,NA,NA
"2583",4,1995,"4SC",4,"SE",2,TRUE,"C","Pioneer 3581",FALSE,93.5,NA,TRUE,"MLP",600,NA,NA,NA,NA,NA,16000,"5/31/1995",151,TRUE,NA,NA
"2584",4,1995,"4SD",4,"SE",2,TRUE,"C","Pioneer 3581",FALSE,67.8,NA,TRUE,"MLP",600,NA,NA,NA,NA,NA,12000,"5/31/1995",151,TRUE,NA,NA
"2585",4,1995,"5NA",5,"NW",3,FALSE,"O",NA,FALSE,55.8,NA,FALSE,"none",NA,NA,NA,NA,NA,NA,NA,"4/6/1995",96,TRUE,NA,NA
"2586",4,1995,"5NB",5,"NW",3,FALSE,"O",NA,FALSE,128.4,NA,TRUE,"LNPK",NA,NA,NA,NA,NA,NA,NA,"4/6/1995",96,TRUE,NA,NA
"2587",4,1995,"5NC",5,"NE",3,FALSE,"O",NA,FALSE,69.3,NA,FALSE,"none",NA,NA,NA,NA,NA,NA,NA,"4/6/1995",96,TRUE,NA,NA
"2588",4,1995,"5ND",5,"NE",3,FALSE,"O",NA,FALSE,74.5,NA,FALSE,"none",NA,NA,NA,NA,NA,NA,NA,"4/6/1995",96,TRUE,NA,NA
"2589",4,1995,"5SA",5,"SW",3,FALSE,"O",NA,FALSE,144.6,NA,TRUE,"LHNPK",NA,NA,NA,NA,NA,NA,NA,"4/6/1995",96,TRUE,NA,NA
"2590",4,1995,"5SB",5,"SW",3,FALSE,"O",NA,FALSE,139.2,NA,TRUE,"LNPK",NA,NA,NA,NA,NA,NA,NA,"4/6/1995",96,TRUE,NA,NA
"2591",4,1995,"5SC",5,"SE",3,FALSE,"O",NA,FALSE,121,NA,TRUE,"MLP",NA,NA,NA,NA,NA,NA,NA,"4/6/1995",96,TRUE,NA,NA
"2592",4,1995,"5SD",5,"SE",3,FALSE,"O",NA,FALSE,129.5,NA,TRUE,"MLP",NA,NA,NA,NA,NA,NA,NA,"4/6/1995",96,TRUE,NA,NA
"2593",4,1996,"3NA",3,"NW",1,TRUE,"CC","Pioneer 3489",FALSE,65,NA,FALSE,"none",NA,NA,NA,NA,NA,NA,8000,"5/23/1996",143,TRUE,NA,NA
"2594",4,1996,"3NB",3,"NW",1,TRUE,"CC","Pioneer 3489",FALSE,154.1,NA,TRUE,"LNPK",NA,NA,200,200,NA,NA,24000,"5/23/1996",143,TRUE,NA,NA
"2595",4,1996,"3NC",3,"NE",1,TRUE,"CC","Pioneer 3489",FALSE,58.4,NA,FALSE,"none",NA,NA,NA,NA,NA,NA,8000,"5/23/1996",143,TRUE,NA,NA
"2596",4,1996,"3ND",3,"NE",1,TRUE,"CC","Pioneer 3489",FALSE,76,NA,FALSE,"none",NA,NA,NA,NA,NA,NA,8000,"5/23/1996",143,TRUE,NA,NA
"2597",4,1996,"3SA",3,"SW",1,TRUE,"CC","Pioneer 3489",FALSE,163.4,NA,TRUE,"LHNPK",NA,NA,300,200,NA,NA,24000,"5/23/1996",143,TRUE,NA,NA
"2598",4,1996,"3SB",3,"SW",1,TRUE,"CC","Pioneer 3489",FALSE,164.1,NA,TRUE,"LNPK",NA,NA,200,NA,NA,NA,24000,"5/23/1996",143,TRUE,NA,NA
"2599",4,1996,"3SC",3,"SE",1,TRUE,"CC","Pioneer 3489",FALSE,127.3,NA,TRUE,"MLP",NA,NA,NA,NA,NA,NA,16000,"5/23/1996",143,TRUE,NA,NA
"2600",4,1996,"3SD",3,"SE",1,TRUE,"CC","Pioneer 3489",FALSE,112.7,NA,TRUE,"MLP",NA,NA,NA,NA,NA,NA,12000,"5/23/1996",143,TRUE,NA,NA
"2601",4,1996,"4NA",4,"NW",2,FALSE,"S","Pioneer 9394",FALSE,42,NA,FALSE,"none",NA,NA,NA,NA,NA,NA,NA,"5/23/1996",143,TRUE,NA,NA
"2602",4,1996,"4NB",4,"NW",2,FALSE,"S","Pioneer 9394",FALSE,53.6,NA,TRUE,"LNPK",NA,NA,NA,NA,NA,NA,NA,"5/23/1996",143,TRUE,NA,NA
"2603",4,1996,"4NC",4,"NE",2,FALSE,"S","Pioneer 9394",FALSE,28.6,NA,FALSE,"none",NA,NA,NA,NA,NA,NA,NA,"5/23/1996",143,TRUE,NA,NA
"2604",4,1996,"4ND",4,"NE",2,FALSE,"S","Pioneer 9394",FALSE,31.3,NA,FALSE,"none",NA,NA,NA,NA,NA,NA,NA,"5/23/1996",143,TRUE,NA,NA
"2605",4,1996,"4SA",4,"SW",2,FALSE,"S","Pioneer 9394",FALSE,48.6,NA,TRUE,"LHNPK",NA,NA,NA,200,200,NA,NA,"5/23/1996",143,TRUE,NA,NA
"2606",4,1996,"4SB",4,"SW",2,FALSE,"S","Pioneer 9394",FALSE,56.3,NA,TRUE,"LNPK",NA,NA,NA,NA,NA,NA,NA,"5/23/1996",143,FALSE,NA,NA
"2607",4,1996,"4SC",4,"SE",2,FALSE,"S","Pioneer 9394",FALSE,58,NA,TRUE,"MLP",NA,NA,NA,NA,NA,NA,NA,"5/23/1996",143,TRUE,NA,NA
"2608",4,1996,"4SD",4,"SE",2,FALSE,"S","Pioneer 9394",FALSE,56.3,NA,TRUE,"MLP",NA,NA,NA,NA,NA,NA,NA,"5/23/1996",143,TRUE,NA,NA
"2609",4,1996,"5NA",5,"NW",3,FALSE,"H",NA,FALSE,NA,NA,FALSE,"none",NA,NA,NA,NA,NA,NA,NA,NA,NA,TRUE,NA,NA
"2610",4,1996,"5NB",5,"NW",3,FALSE,"H",NA,FALSE,NA,NA,TRUE,"LNPK",NA,NA,NA,200,NA,NA,NA,NA,NA,TRUE,NA,NA
"2611",4,1996,"5NC",5,"NE",3,FALSE,"H",NA,FALSE,NA,NA,FALSE,"none",NA,NA,NA,NA,NA,NA,NA,NA,NA,TRUE,NA,NA
"2612",4,1996,"5ND",5,"NE",3,FALSE,"H",NA,FALSE,NA,NA,FALSE,"none",NA,NA,NA,NA,NA,NA,NA,NA,NA,TRUE,NA,NA
"2613",4,1996,"5SA",5,"SW",3,FALSE,"H",NA,FALSE,NA,NA,TRUE,"LHNPK",NA,NA,NA,NA,NA,NA,NA,NA,NA,TRUE,NA,NA
"2614",4,1996,"5SB",5,"SW",3,FALSE,"H",NA,FALSE,NA,NA,TRUE,"LNPK",NA,NA,NA,NA,NA,NA,NA,NA,NA,TRUE,NA,NA
"2615",4,1996,"5SC",5,"SE",3,FALSE,"H",NA,FALSE,NA,NA,TRUE,"MLP",NA,NA,NA,NA,NA,NA,NA,NA,NA,TRUE,NA,NA
"2616",4,1996,"5SD",5,"SE",3,FALSE,"H",NA,FALSE,NA,NA,TRUE,"MLP",NA,NA,NA,NA,NA,NA,NA,NA,NA,TRUE,NA,NA
"2617",4,1997,"3NA",3,"NW",1,TRUE,"CC","Pioneer 3489",TRUE,41.2,NA,FALSE,"none",NA,NA,NA,NA,NA,NA,8000,"5/7/1997",127,TRUE,NA,NA
"2618",4,1997,"3NB",3,"NW",1,TRUE,"CC","Pioneer 3489",TRUE,151,NA,TRUE,"LNPK",NA,NA,200,NA,NA,NA,24000,"5/7/1997",127,TRUE,NA,NA
"2619",4,1997,"3NC",3,"NE",1,TRUE,"CC","Pioneer 3489",TRUE,55.95,NA,FALSE,"none",NA,NA,NA,NA,NA,NA,8000,"5/7/1997",127,TRUE,NA,NA
"2620",4,1997,"3ND",3,"NE",1,TRUE,"CC","Pioneer 3489",TRUE,66.3,NA,FALSE,"none",NA,NA,NA,NA,NA,NA,8000,"5/7/1997",127,TRUE,NA,NA
"2621",4,1997,"3SA",3,"SW",1,TRUE,"CC","Pioneer 3489",TRUE,142.6,NA,TRUE,"LHNPK",NA,NA,300,NA,NA,NA,24000,"5/7/1997",127,TRUE,NA,NA
"2622",4,1997,"3SB",3,"SW",1,TRUE,"CC","Pioneer 3489",TRUE,171.1,NA,TRUE,"LNPK",NA,NA,200,NA,NA,NA,24000,"5/7/1997",127,TRUE,NA,NA
"2623",4,1997,"3SC",3,"SE",1,TRUE,"CC","Pioneer 3489",TRUE,76.44,NA,TRUE,"MLP",600,NA,NA,NA,NA,NA,16000,"5/7/1997",127,TRUE,NA,NA
"2624",4,1997,"3SD",3,"SE",1,TRUE,"CC","Pioneer 3489",TRUE,84.8,NA,TRUE,"MLP",600,NA,NA,NA,NA,NA,12000,"5/7/1997",127,TRUE,NA,NA
"2625",4,1997,"4NA",4,"NW",2,TRUE,"C","Pioneer 3489",TRUE,85.21,NA,FALSE,"none",NA,NA,NA,NA,NA,NA,12000,"5/7/1997",127,TRUE,NA,NA
"2626",4,1997,"4NB",4,"NW",2,TRUE,"C","Pioneer 3489",TRUE,190.8,NA,TRUE,"LNPK",NA,NA,200,200,200,NA,24000,"5/7/1997",127,TRUE,NA,NA
"2627",4,1997,"4NC",4,"NE",2,TRUE,"C","Pioneer 3489",TRUE,95.6,NA,FALSE,"none",NA,NA,NA,NA,NA,NA,12000,"5/7/1997",127,TRUE,NA,NA
"2628",4,1997,"4ND",4,"NE",2,TRUE,"C","Pioneer 3489",TRUE,99.7,NA,FALSE,"none",NA,NA,NA,NA,NA,NA,12000,"5/7/1997",127,TRUE,NA,NA
"2629",4,1997,"4SA",4,"SW",2,TRUE,"C","Pioneer 3489",TRUE,187.6,NA,TRUE,"LHNPK",NA,NA,300,NA,NA,NA,24000,"5/7/1997",127,TRUE,NA,NA
"2630",4,1997,"4SB",4,"SW",2,TRUE,"C","Pioneer 3489",TRUE,190.5,NA,TRUE,"LNPK",NA,NA,200,NA,200,NA,24000,"5/7/1997",127,TRUE,NA,NA
"2631",4,1997,"4SC",4,"SE",2,TRUE,"C","Pioneer 3489",TRUE,123.1,NA,TRUE,"MLP",600,NA,NA,NA,NA,NA,16000,"5/7/1997",127,TRUE,NA,NA
"2632",4,1997,"4SD",4,"SE",2,TRUE,"C","Pioneer 3489",TRUE,115.2,NA,TRUE,"MLP",600,NA,NA,NA,NA,NA,12000,"5/7/1997",127,TRUE,NA,NA
"2633",4,1997,"5NA",5,"NW",3,TRUE,"C","Pioneer 3489",TRUE,105.1,NA,FALSE,"none",NA,NA,NA,NA,NA,NA,12000,"5/7/1997",127,TRUE,NA,NA
"2634",4,1997,"5NB",5,"NW",3,TRUE,"C","Pioneer 3489",TRUE,200.2,NA,TRUE,"LNPK",NA,NA,200,200,200,NA,24000,"5/7/1997",127,TRUE,NA,NA
"2635",4,1997,"5NC",5,"NE",3,TRUE,"C","Pioneer 3489",TRUE,107.4,NA,FALSE,"none",NA,NA,NA,NA,NA,NA,12000,"5/7/1997",127,TRUE,NA,NA
"2636",4,1997,"5ND",5,"NE",3,TRUE,"C","Pioneer 3489",TRUE,116.9,NA,FALSE,"none",NA,NA,NA,NA,NA,NA,12000,"5/7/1997",127,TRUE,NA,NA
"2637",4,1997,"5SA",5,"SW",3,TRUE,"C","Pioneer 3489",TRUE,180.1,NA,TRUE,"LHNPK",NA,NA,300,200,200,NA,24000,"5/7/1997",127,TRUE,NA,NA
"2638",4,1997,"5SB",5,"SW",3,TRUE,"C","Pioneer 3489",TRUE,197.4,NA,TRUE,"LNPK",NA,NA,200,200,200,NA,24000,"5/7/1997",127,TRUE,NA,NA
"2639",4,1997,"5SC",5,"SE",3,TRUE,"C","Pioneer 3489",TRUE,164.4,NA,TRUE,"MLP",900,NA,NA,NA,NA,NA,16000,"5/7/1997",127,TRUE,NA,NA
"2640",4,1997,"5SD",5,"SE",3,TRUE,"C","Pioneer 3489",TRUE,140.7,NA,TRUE,"MLP",900,NA,NA,NA,NA,NA,12000,"5/7/1997",127,TRUE,NA,NA
"2641",5,1998,"3NA",3,"NW",1,TRUE,"CC","DeKalb 566",FALSE,30.12,NA,FALSE,"none",NA,NA,NA,NA,NA,NA,8000,"5/15/1998",134,TRUE,NA,NA
"2642",5,1998,"3NB",3,"NW",1,TRUE,"CC","DeKalb 566",FALSE,124,NA,TRUE,"LNPK",NA,NA,200,NA,NA,NA,28000,"5/15/1998",134,TRUE,NA,NA
"2643",5,1998,"3NC",3,"NE",1,TRUE,"CC","DeKalb 566",FALSE,37.56,NA,FALSE,"none",NA,NA,NA,NA,NA,NA,8000,"5/15/1998",134,TRUE,NA,NA
"2644",5,1998,"3ND",3,"NE",1,TRUE,"CC","DeKalb 566",FALSE,39.9,NA,FALSE,"none",NA,NA,NA,NA,NA,NA,8000,"5/15/1998",134,TRUE,NA,NA
"2645",5,1998,"3SA",3,"SW",1,TRUE,"CC","DeKalb 566",FALSE,143.2,NA,TRUE,"LNPK",NA,NA,200,NA,NA,NA,28000,"5/15/1998",134,TRUE,NA,NA
"2646",5,1998,"3SB",3,"SW",1,TRUE,"CC","DeKalb 566",FALSE,165.9,NA,TRUE,"LNPK",NA,NA,200,NA,NA,NA,28000,"5/15/1998",134,TRUE,NA,NA
"2647",5,1998,"3SC",3,"SE",1,TRUE,"CC","DeKalb 566",FALSE,63.9,NA,TRUE,"MLP",NA,NA,NA,NA,NA,NA,20000,"5/15/1998",134,TRUE,NA,NA
"2648",5,1998,"3SD",3,"SE",1,TRUE,"CC","DeKalb 566",FALSE,60.2,NA,TRUE,"MLP",NA,NA,NA,NA,NA,NA,16000,"5/15/1998",134,TRUE,NA,NA
"2649",5,1998,"4NA",4,"NW",2,FALSE,"S","Pioneer 9363",FALSE,48.2,NA,FALSE,"none",NA,NA,NA,NA,NA,NA,NA,"5/15/1998",134,TRUE,NA,NA
"2650",5,1998,"4NB",4,"NW",2,FALSE,"S","Pioneer 9363",FALSE,59.1,NA,TRUE,"LNPK",NA,NA,NA,NA,NA,NA,NA,"5/15/1998",134,TRUE,NA,NA
"2651",5,1998,"4NC",4,"NE",2,FALSE,"S","Pioneer 9363",FALSE,50.2,NA,FALSE,"none",NA,NA,NA,NA,NA,NA,NA,"5/15/1998",134,TRUE,NA,NA
"2652",5,1998,"4ND",4,"NE",2,FALSE,"S","Pioneer 9363",FALSE,41.9,NA,FALSE,"none",NA,NA,NA,NA,NA,NA,NA,"5/15/1998",134,TRUE,NA,NA
"2653",5,1998,"4SA",4,"SW",2,FALSE,"S","Pioneer 9363",FALSE,51.5,NA,TRUE,"LNPK",NA,NA,NA,NA,NA,NA,NA,"5/15/1998",134,TRUE,NA,NA
"2654",5,1998,"4SB",4,"SW",2,FALSE,"S","Pioneer 9363",FALSE,56.7,NA,TRUE,"LNPK",NA,NA,NA,NA,NA,NA,NA,"5/15/1998",134,TRUE,NA,NA
"2655",5,1998,"4SC",4,"SE",2,FALSE,"S","Pioneer 9363",FALSE,56.5,NA,TRUE,"MLP",NA,NA,NA,NA,NA,NA,NA,"5/15/1998",134,TRUE,NA,NA
"2656",5,1998,"4SD",4,"SE",2,FALSE,"S","Pioneer 9363",FALSE,53.2,NA,TRUE,"MLP",NA,NA,NA,NA,NA,NA,NA,"5/15/1998",134,TRUE,NA,NA
"2657",5,1998,"5NA",5,"NW",3,FALSE,"O","Ogle",FALSE,33.2,NA,FALSE,"none",NA,NA,NA,NA,NA,NA,NA,"4/13/1998",103,TRUE,NA,NA
"2658",5,1998,"5NB",5,"NW",3,FALSE,"O","Ogle",FALSE,85.1,NA,TRUE,"LNPK",NA,NA,75,NA,NA,NA,NA,"4/13/1998",103,TRUE,NA,NA
"2659",5,1998,"5NC",5,"NE",3,FALSE,"O","Ogle",FALSE,30.2,NA,FALSE,"none",NA,NA,NA,NA,NA,NA,NA,"4/13/1998",103,TRUE,NA,NA
"2660",5,1998,"5ND",5,"NE",3,FALSE,"O","Ogle",FALSE,32.7,NA,FALSE,"none",NA,NA,NA,NA,NA,NA,NA,"4/13/1998",103,TRUE,NA,NA
"2661",5,1998,"5SA",5,"SW",3,FALSE,"O","Ogle",FALSE,100.4,NA,TRUE,"LNPK",NA,NA,75,NA,NA,NA,NA,"4/13/1998",103,TRUE,NA,NA
"2662",5,1998,"5SB",5,"SW",3,FALSE,"O","Ogle",FALSE,86.8,NA,TRUE,"LNPK",NA,NA,75,NA,NA,NA,NA,"4/13/1998",103,TRUE,NA,NA
"2663",5,1998,"5SC",5,"SE",3,FALSE,"O","Ogle",FALSE,70.5,NA,TRUE,"MLP",NA,NA,NA,NA,NA,NA,NA,"4/13/1998",103,TRUE,NA,NA
"2664",5,1998,"5SD",5,"SE",3,FALSE,"O","Ogle",FALSE,63.8,NA,TRUE,"MLP",NA,NA,NA,NA,NA,NA,NA,"4/13/1998",103,TRUE,NA,NA
"2665",5,1999,"3NA",3,"NW",1,TRUE,"CC","Pioneer 3335",FALSE,44.75,NA,FALSE,"none",NA,NA,NA,NA,NA,NA,8000,"5/11/1999",131,TRUE,NA,NA
"2666",5,1999,"3NB",3,"NW",1,TRUE,"CC","Pioneer 3335",FALSE,159.9,NA,TRUE,"LNPK",NA,NA,200,NA,NA,NA,28000,"5/11/1999",131,TRUE,NA,NA
"2667",5,1999,"3NC",3,"NE",1,TRUE,"CC","Pioneer 3335",FALSE,58.3,NA,FALSE,"none",NA,NA,NA,NA,NA,NA,8000,"5/11/1999",131,TRUE,NA,NA
"2668",5,1999,"3ND",3,"NE",1,TRUE,"CC","Pioneer 3335",FALSE,72.7,NA,FALSE,"none",NA,NA,NA,NA,NA,NA,8000,"5/11/1999",131,TRUE,NA,NA
"2669",5,1999,"3SA",3,"SW",1,TRUE,"CC","Pioneer 3335",FALSE,159.4,NA,TRUE,"LNPK",NA,NA,200,200,200,NA,28000,"5/11/1999",131,TRUE,NA,NA
"2670",5,1999,"3SB",3,"SW",1,TRUE,"CC","Pioneer 3335",FALSE,173.4,NA,TRUE,"LNPK",NA,NA,200,NA,NA,NA,28000,"5/11/1999",131,TRUE,NA,NA
"2671",5,1999,"3SC",3,"SE",1,TRUE,"CC","Pioneer 3335",FALSE,97.35,NA,TRUE,"MLP",NA,NA,NA,NA,NA,NA,20000,"5/11/1999",131,TRUE,NA,NA
"2672",5,1999,"3SD",3,"SE",1,TRUE,"CC","Pioneer 3335",FALSE,79.5,NA,TRUE,"MLP",NA,NA,NA,NA,NA,NA,16000,"5/11/1999",131,TRUE,NA,NA
"2673",5,1999,"4NA",4,"NW",2,TRUE,"C","Pioneer 3335",FALSE,79.3,NA,FALSE,"none",NA,NA,NA,NA,NA,NA,16000,"5/11/1999",131,TRUE,NA,NA
"2674",5,1999,"4NB",4,"NW",2,TRUE,"C","Pioneer 3335",FALSE,211.7,NA,TRUE,"LNPK",NA,NA,200,200,200,NA,28000,"5/11/1999",131,TRUE,NA,NA
"2675",5,1999,"4NC",4,"NE",2,TRUE,"C","Pioneer 3335",FALSE,88.19,NA,FALSE,"none",NA,NA,NA,NA,NA,NA,16000,"5/11/1999",131,TRUE,NA,NA
"2676",5,1999,"4ND",4,"NE",2,TRUE,"C","Pioneer 3335",FALSE,90.95,NA,FALSE,"none",NA,NA,NA,NA,NA,NA,16000,"5/11/1999",131,TRUE,NA,NA
"2677",5,1999,"4SA",4,"SW",2,TRUE,"C","Pioneer 3335",FALSE,211.7,NA,TRUE,"LNPK",NA,NA,200,NA,NA,NA,28000,"5/11/1999",131,TRUE,NA,NA
"2678",5,1999,"4SB",4,"SW",2,TRUE,"C","Pioneer 3335",FALSE,226.3,NA,TRUE,"LNPK",NA,NA,200,200,200,NA,28000,"5/11/1999",131,TRUE,NA,NA
"2679",5,1999,"4SC",4,"SE",2,TRUE,"C","Pioneer 3335",FALSE,135.8,NA,TRUE,"MLP",NA,NA,NA,NA,NA,NA,20000,"5/11/1999",131,TRUE,NA,NA
"2680",5,1999,"4SD",4,"SE",2,TRUE,"C","Pioneer 3335",FALSE,117.5,NA,TRUE,"MLP",NA,NA,NA,NA,NA,NA,16000,"5/11/1999",131,TRUE,NA,NA
"2681",5,1999,"5NA",5,"NW",3,FALSE,"H",NA,FALSE,NA,NA,FALSE,"none",NA,NA,NA,NA,NA,NA,NA,NA,NA,TRUE,NA,NA
"2682",5,1999,"5NB",5,"NW",3,FALSE,"H",NA,FALSE,NA,NA,TRUE,"LNPK",NA,NA,NA,200,200,NA,NA,NA,NA,TRUE,NA,NA
"2683",5,1999,"5NC",5,"NE",3,FALSE,"H",NA,FALSE,NA,NA,FALSE,"none",NA,NA,NA,NA,NA,NA,NA,NA,NA,TRUE,NA,NA
"2684",5,1999,"5ND",5,"NE",3,FALSE,"H",NA,FALSE,NA,NA,FALSE,"none",NA,NA,NA,NA,NA,NA,NA,NA,NA,TRUE,NA,NA
"2685",5,1999,"5SA",5,"SW",3,FALSE,"H",NA,FALSE,NA,NA,TRUE,"LNPK",NA,NA,NA,NA,NA,NA,NA,NA,NA,FALSE,NA,NA
"2686",5,1999,"5SB",5,"SW",3,FALSE,"H",NA,FALSE,NA,NA,TRUE,"LNPK",NA,NA,NA,NA,NA,NA,NA,NA,NA,FALSE,NA,NA
"2687",5,1999,"5SC",5,"SE",3,FALSE,"H",NA,FALSE,NA,NA,TRUE,"MLP",NA,NA,NA,NA,NA,NA,NA,NA,NA,FALSE,NA,NA
"2688",5,1999,"5SD",5,"SE",3,FALSE,"H",NA,FALSE,NA,NA,TRUE,"MLP",NA,NA,NA,NA,NA,NA,NA,NA,NA,FALSE,NA,NA
"2689",5,2000,"3NA",3,"NW",1,TRUE,"CC","Pioneer 34B23",FALSE,50.1,NA,FALSE,"none",NA,NA,NA,NA,NA,NA,8000,"5/6/2000",126,TRUE,NA,NA
"2690",5,2000,"3NB",3,"NW",1,TRUE,"CC","Pioneer 34B23",FALSE,157.8,NA,TRUE,"LNPK",NA,2,200,NA,NA,NA,28000,"5/6/2000",126,TRUE,NA,NA
"2691",5,2000,"3NC",3,"NE",1,TRUE,"CC","Pioneer 34B23",FALSE,60.9,NA,FALSE,"none",NA,NA,NA,NA,NA,NA,8000,"5/6/2000",126,TRUE,NA,NA
"2692",5,2000,"3ND",3,"NE",1,TRUE,"CC","Pioneer 34B23",FALSE,62.4,NA,FALSE,"none",NA,NA,NA,NA,NA,NA,8000,"5/6/2000",126,TRUE,NA,NA
"2693",5,2000,"3SA",3,"SW",1,TRUE,"CC","Pioneer 34B23",FALSE,149.8,NA,TRUE,"LNPK",NA,NA,200,NA,NA,NA,28000,"5/6/2000",126,TRUE,NA,NA
"2694",5,2000,"3SB",3,"SW",1,TRUE,"CC","Pioneer 34B23",FALSE,169.5,NA,TRUE,"LNPK",NA,NA,200,NA,NA,NA,28000,"5/6/2000",126,TRUE,NA,NA
"2695",5,2000,"3SC",3,"SE",1,TRUE,"CC","Pioneer 34B23",FALSE,126.7,NA,TRUE,"MLP",NA,NA,NA,NA,NA,NA,20000,"5/6/2000",126,TRUE,NA,NA
"2696",5,2000,"3SD",3,"SE",1,TRUE,"CC","Pioneer 34B23",FALSE,97,NA,TRUE,"MLP",NA,NA,NA,NA,NA,NA,16000,"5/6/2000",126,TRUE,NA,NA
"2697",5,2000,"4NA",4,"NW",2,FALSE,"S","Pioneer 94B01",FALSE,34.1,NA,FALSE,"none",NA,NA,NA,NA,NA,NA,NA,"5/6/2000",126,TRUE,NA,NA
"2698",5,2000,"4NB",4,"NW",2,FALSE,"S","Pioneer 94B01",FALSE,44.5,NA,TRUE,"LNPK",NA,2,200,NA,NA,NA,NA,"5/6/2000",126,TRUE,NA,NA
"2699",5,2000,"4NC",4,"NE",2,FALSE,"S","Pioneer 94B01",FALSE,35.9,NA,FALSE,"none",NA,NA,NA,NA,NA,NA,NA,"5/6/2000",126,TRUE,NA,NA
"2700",5,2000,"4ND",4,"NE",2,FALSE,"S","Pioneer 94B01",FALSE,33.3,NA,FALSE,"none",NA,NA,NA,NA,NA,NA,NA,"5/6/2000",126,TRUE,NA,NA
"2701",5,2000,"4SA",4,"SW",2,FALSE,"S","Pioneer 94B01",FALSE,44.3,NA,TRUE,"LNPK",NA,NA,200,NA,NA,NA,NA,"5/6/2000",126,TRUE,NA,NA
"2702",5,2000,"4SB",4,"SW",2,FALSE,"S","Pioneer 94B01",FALSE,45.75,NA,TRUE,"LNPK",NA,NA,200,NA,NA,NA,NA,"5/6/2000",126,TRUE,NA,NA
"2703",5,2000,"4SC",4,"SE",2,FALSE,"S","Pioneer 94B01",FALSE,42.8,NA,TRUE,"MLP",NA,NA,NA,NA,NA,NA,NA,"5/6/2000",126,TRUE,NA,NA
"2704",5,2000,"4SD",4,"SE",2,FALSE,"S","Pioneer 94B01",FALSE,42.9,NA,TRUE,"MLP",NA,NA,NA,NA,NA,NA,NA,"5/6/2000",126,TRUE,NA,NA
"2705",5,2000,"5NA",5,"NW",3,TRUE,"C","Pioneer 34B23",FALSE,145.2,NA,FALSE,"none",NA,NA,NA,NA,NA,NA,16000,"5/6/2000",126,TRUE,NA,NA
"2706",5,2000,"5NB",5,"NW",3,TRUE,"C","Pioneer 34B23",FALSE,197.1,NA,TRUE,"LNPK",NA,NA,200,NA,NA,NA,28000,"5/6/2000",126,TRUE,NA,NA
"2707",5,2000,"5NC",5,"NE",3,TRUE,"C","Pioneer 34B23",FALSE,120.1,NA,FALSE,"none",NA,NA,NA,NA,NA,NA,16000,"5/6/2000",126,TRUE,NA,NA
"2708",5,2000,"5ND",5,"NE",3,TRUE,"C","Pioneer 34B23",FALSE,170.3,NA,FALSE,"none",NA,NA,NA,NA,NA,NA,16000,"5/6/2000",126,TRUE,NA,NA
"2709",5,2000,"5SA",5,"SW",3,TRUE,"C","Pioneer 34B23",FALSE,200.4,NA,TRUE,"LNPK",NA,NA,200,NA,NA,NA,28000,"5/6/2000",126,TRUE,NA,NA
"2710",5,2000,"5SB",5,"SW",3,TRUE,"C","Pioneer 34B23",FALSE,203.3,NA,TRUE,"LNPK",NA,NA,200,NA,NA,NA,28000,"5/6/2000",126,TRUE,NA,NA
"2711",5,2000,"5SC",5,"SE",3,TRUE,"C","Pioneer 34B23",FALSE,193,NA,TRUE,"MLP",NA,NA,NA,NA,NA,NA,20000,"5/6/2000",126,TRUE,NA,NA
"2712",5,2000,"5SD",5,"SE",3,TRUE,"C","Pioneer 34B23",FALSE,185.9,NA,TRUE,"MLP",NA,NA,NA,NA,NA,NA,16000,"5/6/2000",126,TRUE,NA,NA
"2713",5,2001,"3NA",3,"NW",1,TRUE,"CC","Pioneer 34R07",FALSE,41.1,NA,FALSE,"none",NA,NA,NA,NA,NA,NA,8000,"4/27/2001",117,TRUE,NA,NA
"2714",5,2001,"3NB",3,"NW",1,TRUE,"CC","Pioneer 34R07",FALSE,162.5,NA,TRUE,"LNPK",NA,NA,200,NA,NA,NA,28000,"4/27/2001",117,TRUE,NA,NA
"2715",5,2001,"3NC",3,"NE",1,TRUE,"CC","Pioneer 34R07",FALSE,47.7,NA,FALSE,"none",NA,NA,NA,NA,NA,NA,8000,"4/27/2001",117,TRUE,NA,NA
"2716",5,2001,"3ND",3,"NE",1,TRUE,"CC","Pioneer 34R07",FALSE,55.1,NA,FALSE,"none",NA,NA,NA,NA,NA,NA,8000,"4/27/2001",117,TRUE,NA,NA
"2717",5,2001,"3SA",3,"SW",1,TRUE,"CC","Pioneer 34R07",FALSE,119.3,NA,TRUE,"LNPK",NA,NA,200,NA,200,NA,28000,"4/27/2001",117,TRUE,NA,NA
"2718",5,2001,"3SB",3,"SW",1,TRUE,"CC","Pioneer 34R07",FALSE,173.7,NA,TRUE,"LNPK",NA,NA,200,NA,NA,NA,28000,"4/27/2001",117,TRUE,NA,NA
"2719",5,2001,"3SC",3,"SE",1,TRUE,"CC","Pioneer 34R07",FALSE,80.21,NA,TRUE,"MLP",NA,NA,NA,NA,NA,NA,20000,"4/27/2001",117,TRUE,NA,NA
"2720",5,2001,"3SD",3,"SE",1,TRUE,"CC","Pioneer 34R07",FALSE,71.96,NA,TRUE,"MLP",NA,NA,NA,NA,NA,NA,16000,"4/27/2001",117,TRUE,NA,NA
"2721",5,2001,"4NA",4,"NW",2,TRUE,"C","Pioneer 34R07",FALSE,103.52,NA,FALSE,"none",NA,NA,NA,NA,NA,NA,16000,"4/27/2001",117,TRUE,NA,NA
"2722",5,2001,"4NB",4,"NW",2,TRUE,"C","Pioneer 34R07",FALSE,180.9,NA,TRUE,"LNPK",NA,NA,200,NA,NA,NA,28000,"4/27/2001",117,TRUE,NA,NA
"2723",5,2001,"4NC",4,"NE",2,TRUE,"C","Pioneer 34R07",FALSE,89.9,NA,FALSE,"none",NA,NA,NA,NA,NA,NA,16000,"4/27/2001",117,TRUE,NA,NA
"2724",5,2001,"4ND",4,"NE",2,TRUE,"C","Pioneer 34R07",FALSE,117.2,NA,FALSE,"none",NA,NA,NA,NA,NA,NA,16000,"4/27/2001",117,TRUE,NA,NA
"2725",5,2001,"4SA",4,"SW",2,TRUE,"C","Pioneer 34R07",FALSE,160,NA,TRUE,"LNPK",NA,NA,200,NA,NA,NA,28000,"4/27/2001",117,TRUE,NA,NA
"2726",5,2001,"4SB",4,"SW",2,TRUE,"C","Pioneer 34R07",FALSE,163.6,NA,TRUE,"LNPK",NA,NA,200,NA,NA,NA,28000,"4/27/2001",117,TRUE,NA,NA
"2727",5,2001,"4SC",4,"SE",2,TRUE,"C","Pioneer 34R07",FALSE,145.8,NA,TRUE,"MLP",NA,NA,NA,NA,NA,NA,20000,"4/27/2001",117,TRUE,NA,NA
"2728",5,2001,"4SD",4,"SE",2,TRUE,"C","Pioneer 34R07",FALSE,153.1,NA,TRUE,"MLP",NA,NA,NA,NA,NA,NA,16000,"4/27/2001",117,TRUE,NA,NA
"2729",5,2001,"5NA",5,"NW",3,FALSE,"O","Blaze",FALSE,63.69125,NA,FALSE,"none",NA,NA,NA,NA,NA,NA,NA,"3/27/2001",86,TRUE,NA,NA
"2730",5,2001,"5NB",5,"NW",3,FALSE,"O","Blaze",FALSE,106.14,NA,TRUE,"LNPK",NA,NA,75,NA,200,NA,NA,"3/27/2001",86,TRUE,NA,NA
"2731",5,2001,"5NC",5,"NE",3,FALSE,"O","Blaze",FALSE,87.5075,NA,FALSE,"none",NA,NA,NA,NA,NA,NA,NA,"3/27/2001",86,TRUE,NA,NA
"2732",5,2001,"5ND",5,"NE",3,FALSE,"O","Blaze",FALSE,66.265,NA,FALSE,"none",NA,NA,NA,NA,NA,NA,NA,"3/27/2001",86,TRUE,NA,NA
"2733",5,2001,"5SA",5,"SW",3,FALSE,"O","Blaze",FALSE,105.0525,NA,TRUE,"LNPK",NA,NA,75,NA,200,NA,NA,"3/27/2001",86,TRUE,NA,NA
"2734",5,2001,"5SB",5,"SW",3,FALSE,"O","Blaze",FALSE,107.91625,NA,TRUE,"LNPK",NA,NA,75,NA,200,NA,NA,"3/27/2001",86,TRUE,NA,NA
"2735",5,2001,"5SC",5,"SE",3,FALSE,"O","Blaze",FALSE,125.2075,NA,TRUE,"MLP",NA,NA,NA,NA,NA,NA,NA,"3/27/2001",86,TRUE,NA,NA
"2736",5,2001,"5SD",5,"SE",3,FALSE,"O","Blaze",FALSE,105.0525,NA,TRUE,"MLP",NA,NA,NA,NA,NA,NA,NA,"3/27/2001",86,TRUE,NA,NA
"2737",5,2002,"3NA",3,"NW",1,TRUE,"CC","Pioneer 33Y09",FALSE,36.2,NA,FALSE,"none",NA,NA,NA,NA,NA,NA,8000,"4/26/2002",116,FALSE,NA,NA
"2738",5,2002,"3NB",3,"NW",1,TRUE,"CC","Pioneer 33Y09",FALSE,146.5,NA,TRUE,"LNPK",NA,NA,200,NA,NA,NA,28000,"4/26/2002",116,FALSE,NA,NA
"2739",5,2002,"3NC",3,"NE",1,TRUE,"CC","Pioneer 33Y09",FALSE,47.6,NA,FALSE,"none",NA,NA,NA,NA,NA,NA,8000,"4/26/2002",116,FALSE,NA,NA
"2740",5,2002,"3ND",3,"NE",1,TRUE,"CC","Pioneer 33Y09",FALSE,55.8,NA,FALSE,"none",NA,NA,NA,NA,NA,NA,8000,"4/26/2002",116,FALSE,NA,NA
"2741",5,2002,"3SA",3,"SW",1,TRUE,"CC","Pioneer 33Y09",FALSE,128.6,NA,TRUE,"LNPK",NA,NA,200,NA,NA,NA,28000,"4/26/2002",116,FALSE,NA,NA
"2742",5,2002,"3SB",3,"SW",1,TRUE,"CC","Pioneer 33Y09",FALSE,153.7,NA,TRUE,"LNPK",NA,NA,200,NA,NA,NA,28000,"4/26/2002",116,FALSE,NA,NA
"2743",5,2002,"3SC",3,"SE",1,TRUE,"CC","Pioneer 33Y09",FALSE,98.8,NA,TRUE,"MLP",NA,NA,NA,NA,NA,NA,20000,"4/26/2002",116,FALSE,NA,NA
"2744",5,2002,"3SD",3,"SE",1,TRUE,"CC","Pioneer 33Y09",FALSE,66.5,NA,TRUE,"MLP",NA,NA,NA,NA,NA,NA,16000,"4/26/2002",116,FALSE,NA,NA
"2745",5,2002,"4NA",4,"NW",2,FALSE,"S","Asgrow 3302",FALSE,18,NA,FALSE,"none",NA,NA,NA,NA,NA,NA,NA,"4/26/2002",116,FALSE,NA,NA
"2746",5,2002,"4NB",4,"NW",2,FALSE,"S","Asgrow 3302",FALSE,32.9,NA,TRUE,"LNPK",NA,NA,NA,NA,NA,NA,NA,"4/26/2002",116,FALSE,NA,NA
"2747",5,2002,"4NC",4,"NE",2,FALSE,"S","Asgrow 3302",FALSE,18.1,NA,FALSE,"none",NA,NA,NA,NA,NA,NA,NA,"4/26/2002",116,FALSE,NA,NA
"2748",5,2002,"4ND",4,"NE",2,FALSE,"S","Asgrow 3302",FALSE,17.2,NA,FALSE,"none",NA,NA,NA,NA,NA,NA,NA,"4/26/2002",116,FALSE,NA,NA
"2749",5,2002,"4SA",4,"SW",2,FALSE,"S","Asgrow 3302",FALSE,30.7,NA,TRUE,"LNPK",NA,NA,NA,NA,NA,NA,NA,"4/26/2002",116,FALSE,NA,NA
"2750",5,2002,"4SB",4,"SW",2,FALSE,"S","Asgrow 3302",FALSE,36.1,NA,TRUE,"LNPK",NA,NA,NA,NA,NA,NA,NA,"4/26/2002",116,FALSE,NA,NA
"2751",5,2002,"4SC",4,"SE",2,FALSE,"S","Asgrow 3302",FALSE,35.5,NA,TRUE,"MLP",NA,NA,NA,NA,NA,NA,NA,"4/26/2002",116,FALSE,NA,NA
"2752",5,2002,"4SD",4,"SE",2,FALSE,"S","Asgrow 3302",FALSE,30.7,NA,TRUE,"MLP",NA,NA,NA,NA,NA,NA,NA,"4/26/2002",116,FALSE,NA,NA
"2753",5,2002,"5NA",5,"NW",3,FALSE,"H",NA,FALSE,NA,2.23,FALSE,"none",NA,NA,NA,NA,NA,NA,NA,NA,NA,FALSE,NA,NA
"2754",5,2002,"5NB",5,"NW",3,FALSE,"H",NA,FALSE,NA,4.48,TRUE,"LNPK",NA,NA,NA,NA,NA,NA,NA,NA,NA,FALSE,NA,NA
"2755",5,2002,"5NC",5,"NE",3,FALSE,"H",NA,FALSE,NA,NA,FALSE,"none",NA,NA,NA,NA,NA,NA,NA,NA,NA,FALSE,NA,NA
"2756",5,2002,"5ND",5,"NE",3,FALSE,"H",NA,FALSE,NA,NA,FALSE,"none",NA,NA,NA,NA,NA,NA,NA,NA,NA,FALSE,NA,NA
"2757",5,2002,"5SA",5,"SW",3,FALSE,"H",NA,FALSE,NA,4.34,TRUE,"LNPK",NA,NA,NA,NA,NA,NA,NA,NA,NA,FALSE,NA,NA
"2758",5,2002,"5SB",5,"SW",3,FALSE,"H",NA,FALSE,NA,5.35,TRUE,"LNPK",NA,NA,NA,NA,NA,NA,NA,NA,NA,FALSE,NA,NA
"2759",5,2002,"5SC",5,"SE",3,FALSE,"H",NA,FALSE,NA,4.67,TRUE,"MLP",NA,NA,NA,NA,NA,NA,NA,NA,NA,FALSE,NA,NA
"2760",5,2002,"5SD",5,"SE",3,FALSE,"H",NA,FALSE,NA,NA,TRUE,"MLP",NA,NA,NA,NA,NA,NA,NA,NA,NA,FALSE,NA,NA
"2761",5,2003,"3NA",3,"NW",1,TRUE,"CC","Pioneer 33P67",TRUE,55,NA,FALSE,"none",NA,NA,NA,NA,NA,NA,8000,"4/28/2003",118,FALSE,NA,NA
"2762",5,2003,"3NB",3,"NW",1,TRUE,"CC","Pioneer 33P67",TRUE,169.8,NA,TRUE,"LNPK",NA,NA,200,NA,NA,NA,28000,"4/28/2003",118,FALSE,NA,NA
"2763",5,2003,"3NC",3,"NE",1,TRUE,"CC","Pioneer 33P67",TRUE,70.8,NA,FALSE,"none",NA,NA,NA,NA,NA,NA,8000,"4/28/2003",118,FALSE,NA,NA
"2764",5,2003,"3ND",3,"NE",1,TRUE,"CC","Pioneer 33P67",TRUE,63.1,NA,FALSE,"none",NA,NA,NA,NA,NA,NA,8000,"4/28/2003",118,FALSE,NA,NA
"2765",5,2003,"3SA",3,"SW",1,TRUE,"CC","Pioneer 33P67",TRUE,166.9,NA,TRUE,"LNPK",NA,NA,200,NA,NA,NA,28000,"4/28/2003",118,FALSE,NA,NA
"2766",5,2003,"3SB",3,"SW",1,TRUE,"CC","Pioneer 33P67",TRUE,213.6,NA,TRUE,"LNPK",NA,NA,200,NA,NA,NA,28000,"4/28/2003",118,FALSE,NA,NA
"2767",5,2003,"3SC",3,"SE",1,TRUE,"CC","Pioneer 33P67",TRUE,106.5,NA,TRUE,"MLP",300,NA,NA,NA,NA,NA,20000,"4/28/2003",118,FALSE,NA,NA
"2768",5,2003,"3SD",3,"SE",1,TRUE,"CC","Pioneer 33P67",TRUE,82,NA,TRUE,"MLP",300,NA,NA,NA,NA,NA,16000,"4/28/2003",118,FALSE,NA,NA
"2769",5,2003,"4NA",4,"NW",2,TRUE,"C","Pioneer 33P67",TRUE,108.1,NA,FALSE,"none",NA,NA,NA,NA,NA,NA,16000,"4/28/2003",118,FALSE,NA,NA
"2770",5,2003,"4NB",4,"NW",2,TRUE,"C","Pioneer 33P67",TRUE,206.2,NA,TRUE,"LNPK",NA,NA,200,NA,NA,NA,28000,"4/28/2003",118,FALSE,NA,NA
"2771",5,2003,"4NC",4,"NE",2,TRUE,"C","Pioneer 33P67",TRUE,109.7,NA,FALSE,"none",NA,NA,NA,NA,NA,NA,16000,"4/28/2003",118,FALSE,NA,NA
"2772",5,2003,"4ND",4,"NE",2,TRUE,"C","Pioneer 33P67",TRUE,99.7,NA,FALSE,"none",NA,NA,NA,NA,NA,NA,16000,"4/28/2003",118,FALSE,NA,NA
"2773",5,2003,"4SA",4,"SW",2,TRUE,"C","Pioneer 33P67",TRUE,204.1,NA,TRUE,"LNPK",NA,NA,200,NA,NA,NA,28000,"4/28/2003",118,FALSE,NA,NA
"2774",5,2003,"4SB",4,"SW",2,TRUE,"C","Pioneer 33P67",TRUE,207.4,NA,TRUE,"LNPK",NA,NA,200,NA,NA,NA,28000,"4/28/2003",118,FALSE,NA,NA
"2775",5,2003,"4SC",4,"SE",2,TRUE,"C","Pioneer 33P67",TRUE,166.2,NA,TRUE,"MLP",300,NA,NA,NA,NA,NA,20000,"4/28/2003",118,FALSE,NA,NA
"2776",5,2003,"4SD",4,"SE",2,TRUE,"C","Pioneer 33P67",TRUE,149.2,NA,TRUE,"MLP",300,NA,NA,NA,NA,NA,16000,"4/28/2003",118,FALSE,NA,NA
"2777",5,2003,"5NA",5,"NW",3,TRUE,"C","Pioneer 33P67",TRUE,145.3,NA,FALSE,"none",NA,NA,200,NA,NA,NA,16000,"4/28/2003",118,FALSE,NA,"treatment amount present for untreated plot"
"2778",5,2003,"5NB",5,"NW",3,TRUE,"C","Pioneer 33P67",TRUE,260.8,NA,TRUE,"LNPK",NA,NA,NA,NA,NA,NA,28000,"4/28/2003",118,FALSE,NA,NA
"2779",5,2003,"5NC",5,"NE",3,TRUE,"C","Pioneer 33P67",TRUE,186.2,NA,FALSE,"none",NA,NA,NA,NA,NA,NA,16000,"4/28/2003",118,FALSE,NA,NA
"2780",5,2003,"5ND",5,"NE",3,TRUE,"C","Pioneer 33P67",TRUE,182.9,NA,FALSE,"none",NA,NA,200,NA,NA,NA,16000,"4/28/2003",118,FALSE,NA,"treatment amount present for untreated plot"
"2781",5,2003,"5SA",5,"SW",3,TRUE,"C","Pioneer 33P67",TRUE,218.8,NA,TRUE,"LNPK",NA,NA,200,NA,NA,NA,28000,"4/28/2003",118,FALSE,NA,NA
"2782",5,2003,"5SB",5,"SW",3,TRUE,"C","Pioneer 33P67",TRUE,253.3,NA,TRUE,"LNPK",NA,NA,NA,NA,NA,NA,28000,"4/28/2003",118,FALSE,NA,NA
"2783",5,2003,"5SC",5,"SE",3,TRUE,"C","Pioneer 33P67",TRUE,264.8,NA,TRUE,"MLP",300,NA,NA,NA,NA,NA,20000,"4/28/2003",118,FALSE,NA,NA
"2784",5,2003,"5SD",5,"SE",3,TRUE,"C","Pioneer 33P67",TRUE,229.23,NA,TRUE,"MLP",300,NA,NA,NA,NA,NA,16000,"4/28/2003",118,FALSE,NA,NA
"2785",5,2004,"3NA",3,"NW",1,TRUE,"CC","Pioneer 33P67",FALSE,42.1,NA,FALSE,"none",NA,NA,NA,NA,NA,NA,8000,"5/4/2004",124,FALSE,NA,NA
"2786",5,2004,"3NB",3,"NW",1,TRUE,"CC","Pioneer 33P67",FALSE,161.4,NA,TRUE,"LNPK",NA,NA,200,200,200,NA,28000,"5/4/2004",124,FALSE,NA,NA
"2787",5,2004,"3NC",3,"NE",1,TRUE,"CC","Pioneer 33P67",FALSE,44.4,NA,FALSE,"none",NA,NA,NA,NA,NA,NA,8000,"5/4/2004",124,FALSE,NA,NA
"2788",5,2004,"3ND",3,"NE",1,TRUE,"CC","Pioneer 33P67",FALSE,38.5,NA,FALSE,"none",NA,NA,NA,NA,NA,NA,8000,"5/4/2004",124,FALSE,NA,NA
"2789",5,2004,"3SA",3,"SW",1,TRUE,"CC","Pioneer 33P67",FALSE,168.2,NA,TRUE,"LNPK",NA,NA,200,NA,NA,NA,28000,"5/4/2004",124,FALSE,NA,NA
"2790",5,2004,"3SB",3,"SW",1,TRUE,"CC","Pioneer 33P67",FALSE,218.8,NA,TRUE,"LNPK",NA,NA,200,NA,NA,NA,28000,"5/4/2004",124,FALSE,NA,NA
"2791",5,2004,"3SC",3,"SE",1,TRUE,"CC","Pioneer 33P67",FALSE,66.57,NA,TRUE,"MLP",NA,NA,NA,NA,NA,NA,20000,"5/4/2004",124,FALSE,NA,NA
"2792",5,2004,"3SD",3,"SE",1,TRUE,"CC","Pioneer 33P67",FALSE,49.9,NA,TRUE,"MLP",NA,NA,NA,NA,NA,NA,16000,"5/4/2004",124,FALSE,NA,NA
"2793",5,2004,"4NA",4,"NW",2,FALSE,"S","Pioneer 93M60",FALSE,45.1,NA,FALSE,"none",NA,NA,NA,NA,NA,NA,NA,"5/4/2004",124,FALSE,NA,NA
"2794",5,2004,"4NB",4,"NW",2,FALSE,"S","Pioneer 93M60",FALSE,61.4,NA,TRUE,"LNPK",NA,NA,NA,NA,NA,NA,NA,"5/4/2004",124,FALSE,NA,NA
"2795",5,2004,"4NC",4,"NE",2,FALSE,"S","Pioneer 93M60",FALSE,42.9,NA,FALSE,"none",NA,NA,NA,NA,NA,NA,NA,"5/4/2004",124,FALSE,NA,NA
"2796",5,2004,"4ND",4,"NE",2,FALSE,"S","Pioneer 93M60",FALSE,43.3,NA,FALSE,"none",NA,NA,NA,NA,NA,NA,NA,"5/4/2004",124,FALSE,NA,NA
"2797",5,2004,"4SA",4,"SW",2,FALSE,"S","Pioneer 93M60",FALSE,60.9,NA,TRUE,"LNPK",NA,NA,NA,NA,NA,NA,NA,"5/4/2004",124,FALSE,NA,NA
"2798",5,2004,"4SB",4,"SW",2,FALSE,"S","Pioneer 93M60",FALSE,59.9,NA,TRUE,"LNPK",NA,NA,NA,200,NA,NA,NA,"5/4/2004",124,FALSE,NA,NA
"2799",5,2004,"4SC",4,"SE",2,FALSE,"S","Pioneer 93M60",FALSE,60.4,NA,TRUE,"MLP",NA,NA,NA,NA,NA,NA,NA,"5/4/2004",124,FALSE,NA,NA
"2800",5,2004,"4SD",4,"SE",2,FALSE,"S","Pioneer 93M60",FALSE,54.9,NA,TRUE,"MLP",NA,NA,NA,NA,NA,NA,NA,"5/4/2004",124,FALSE,NA,NA
"2801",5,2004,"5NA",5,"NW",3,FALSE,"O","Chads",FALSE,39.19,NA,FALSE,"none",NA,NA,NA,NA,NA,NA,NA,"3/22/2004",81,FALSE,NA,NA
"2802",5,2004,"5NB",5,"NW",3,FALSE,"O","Chads",FALSE,85.95,NA,TRUE,"LNPK",NA,NA,75,200,200,NA,NA,"3/22/2004",81,FALSE,NA,NA
"2803",5,2004,"5NC",5,"NE",3,FALSE,"O","Chads",FALSE,54.7,NA,FALSE,"none",NA,NA,NA,NA,NA,NA,NA,"3/22/2004",81,FALSE,NA,NA
"2804",5,2004,"5ND",5,"NE",3,FALSE,"O","Chads",FALSE,46.4,NA,FALSE,"none",NA,NA,NA,NA,NA,NA,NA,"3/22/2004",81,FALSE,NA,NA
"2805",5,2004,"5SA",5,"SW",3,FALSE,"O","Chads",FALSE,100.99,NA,TRUE,"LNPK",NA,NA,75,NA,200,NA,NA,"3/22/2004",81,FALSE,NA,NA
"2806",5,2004,"5SB",5,"SW",3,FALSE,"O","Chads",FALSE,95.59,NA,TRUE,"LNPK",NA,NA,75,NA,200,NA,NA,"3/22/2004",81,FALSE,NA,NA
"2807",5,2004,"5SC",5,"SE",3,FALSE,"O","Chads",FALSE,97.85,NA,TRUE,"MLP",NA,NA,NA,NA,NA,NA,NA,"3/22/2004",81,FALSE,NA,NA
"2808",5,2004,"5SD",5,"SE",3,FALSE,"O","Chads",FALSE,80.51,NA,TRUE,"MLP",NA,NA,NA,NA,NA,NA,NA,"3/22/2004",81,FALSE,NA,NA
"2809",5,2005,"3NA",3,"NW",1,TRUE,"CC","Pioneer 33P67",FALSE,65.39,NA,FALSE,"none",NA,NA,NA,NA,NA,NA,8000,"5/4/2005",124,FALSE,NA,NA
"2810",5,2005,"3NB",3,"NW",1,TRUE,"CC","Pioneer 33P67",FALSE,150.93,NA,TRUE,"LNPK",NA,NA,200,NA,NA,NA,28000,"5/4/2005",124,FALSE,NA,NA
"2811",5,2005,"3NC",3,"NE",1,TRUE,"CC","Pioneer 33P67",FALSE,53.4,NA,FALSE,"none",NA,NA,NA,NA,NA,NA,8000,"5/4/2005",124,FALSE,NA,NA
"2812",5,2005,"3ND",3,"NE",1,TRUE,"CC","Pioneer 33P67",FALSE,61.1,NA,FALSE,"none",NA,NA,NA,NA,NA,NA,8000,"5/4/2005",124,FALSE,NA,NA
"2813",5,2005,"3SA",3,"SW",1,TRUE,"CC","Pioneer 33P67",FALSE,127.16,NA,TRUE,"LNPK",NA,NA,200,NA,NA,NA,28000,"5/4/2005",124,FALSE,NA,NA
"2814",5,2005,"3SB",3,"SW",1,TRUE,"CC","Pioneer 33P67",FALSE,156.66,NA,TRUE,"LNPK",NA,NA,200,NA,NA,NA,28000,"5/4/2005",124,FALSE,NA,NA
"2815",5,2005,"3SC",3,"SE",1,TRUE,"CC","Pioneer 33P67",FALSE,90.24,NA,TRUE,"MLP",NA,NA,NA,NA,NA,NA,20000,"5/4/2005",124,FALSE,NA,NA
"2816",5,2005,"3SD",3,"SE",1,TRUE,"CC","Pioneer 33P67",FALSE,91.33,NA,TRUE,"MLP",NA,NA,NA,NA,NA,NA,16000,"5/4/2005",124,FALSE,NA,NA
"2817",5,2005,"4NA",4,"NW",2,TRUE,"C","Pioneer 33P67",FALSE,106.3,NA,FALSE,"none",NA,NA,NA,NA,NA,NA,16000,"5/4/2005",124,FALSE,NA,NA
"2818",5,2005,"4NB",4,"NW",2,TRUE,"C","Pioneer 33P67",FALSE,181.68,NA,TRUE,"LNPK",NA,NA,200,NA,NA,NA,28000,"5/4/2005",124,FALSE,NA,NA
"2819",5,2005,"4NC",4,"NE",2,TRUE,"C","Pioneer 33P67",FALSE,91.46,NA,FALSE,"none",NA,NA,NA,NA,NA,NA,16000,"5/4/2005",124,FALSE,NA,NA
"2820",5,2005,"4ND",4,"NE",2,TRUE,"C","Pioneer 33P67",FALSE,109,NA,FALSE,"none",NA,NA,NA,NA,NA,NA,16000,"5/4/2005",124,FALSE,NA,NA
"2821",5,2005,"4SA",4,"SW",2,TRUE,"C","Pioneer 33P67",FALSE,154.26,NA,TRUE,"LNPK",NA,NA,200,NA,NA,NA,28000,"5/4/2005",124,FALSE,NA,NA
"2822",5,2005,"4SB",4,"SW",2,TRUE,"C","Pioneer 33P67",FALSE,167.52,NA,TRUE,"LNPK",NA,NA,200,NA,NA,NA,28000,"5/4/2005",124,FALSE,NA,NA
"2823",5,2005,"4SC",4,"SE",2,TRUE,"C","Pioneer 33P67",FALSE,136.87,NA,TRUE,"MLP",NA,NA,NA,NA,NA,NA,20000,"5/4/2005",124,FALSE,NA,NA
"2824",5,2005,"4SD",4,"SE",2,TRUE,"C","Pioneer 33P67",FALSE,128.7,NA,TRUE,"MLP",NA,NA,NA,NA,NA,NA,16000,"5/4/2005",124,FALSE,NA,NA
"2825",5,2005,"5NA",5,"NW",3,FALSE,"H",NA,FALSE,NA,NA,FALSE,"none",NA,NA,NA,NA,NA,NA,NA,NA,NA,FALSE,NA,NA
"2826",5,2005,"5NB",5,"NW",3,FALSE,"H",NA,FALSE,NA,NA,TRUE,"LNPK",NA,NA,NA,NA,NA,NA,NA,NA,NA,FALSE,NA,NA
"2827",5,2005,"5NC",5,"NE",3,FALSE,"H",NA,FALSE,NA,NA,FALSE,"none",NA,NA,NA,NA,NA,NA,NA,NA,NA,FALSE,NA,NA
"2828",5,2005,"5ND",5,"NE",3,FALSE,"H",NA,FALSE,NA,NA,FALSE,"none",NA,NA,NA,NA,NA,NA,NA,NA,NA,FALSE,NA,NA
"2829",5,2005,"5SA",5,"SW",3,FALSE,"H",NA,FALSE,NA,NA,TRUE,"LNPK",NA,NA,NA,NA,NA,NA,NA,NA,NA,FALSE,NA,NA
"2830",5,2005,"5SB",5,"SW",3,FALSE,"H",NA,FALSE,NA,NA,TRUE,"LNPK",NA,NA,NA,NA,NA,NA,NA,NA,NA,FALSE,NA,NA
"2831",5,2005,"5SC",5,"SE",3,FALSE,"H",NA,FALSE,NA,NA,TRUE,"MLP",NA,NA,NA,NA,NA,NA,NA,NA,NA,FALSE,NA,NA
"2832",5,2005,"5SD",5,"SE",3,FALSE,"H",NA,FALSE,NA,NA,TRUE,"MLP",NA,NA,NA,NA,NA,NA,NA,NA,NA,FALSE,NA,NA
"2833",5,2006,"3NA",3,"NW",1,TRUE,"CC","DK 5240",FALSE,56.3,NA,FALSE,"none",NA,NA,NA,NA,NA,NA,8000,"5/22/2006",142,FALSE,NA,NA
"2834",5,2006,"3NB",3,"NW",1,TRUE,"CC","DK 5240",FALSE,124.35,NA,TRUE,"LNPK",NA,NA,200,NA,NA,NA,28000,"5/22/2006",142,FALSE,NA,NA
"2835",5,2006,"3NC",3,"NE",1,TRUE,"CC","DK 5240",FALSE,46.7,NA,FALSE,"none",NA,NA,NA,NA,NA,NA,8000,"5/22/2006",142,FALSE,NA,NA
"2836",5,2006,"3ND",3,"NE",1,TRUE,"CC","DK 5240",FALSE,50.5,NA,FALSE,"none",NA,NA,NA,NA,NA,NA,8000,"5/22/2006",142,FALSE,NA,NA
"2837",5,2006,"3SA",3,"SW",1,TRUE,"CC","DK 5240",FALSE,149.73,NA,TRUE,"LNPK",NA,NA,200,NA,NA,NA,28000,"5/22/2006",142,FALSE,NA,NA
"2838",5,2006,"3SB",3,"SW",1,TRUE,"CC","DK 5240",FALSE,152.02,NA,TRUE,"LNPK",NA,NA,200,NA,NA,NA,28000,"5/22/2006",142,FALSE,NA,NA
"2839",5,2006,"3SC",3,"SE",1,TRUE,"CC","DK 5240",FALSE,101.8,NA,TRUE,"MLP",NA,NA,NA,NA,NA,NA,20000,"5/22/2006",142,FALSE,NA,NA
"2840",5,2006,"3SD",3,"SE",1,TRUE,"CC","DK 5240",FALSE,70.7,NA,TRUE,"MLP",NA,NA,NA,NA,NA,NA,16000,"5/22/2006",142,FALSE,NA,NA
"2841",5,2006,"4NA",4,"NW",2,FALSE,"S","Pioneer 93M60",FALSE,51.88,NA,FALSE,"none",NA,NA,NA,NA,NA,NA,NA,"5/22/2006",142,FALSE,NA,NA
"2842",5,2006,"4NB",4,"NW",2,FALSE,"S","Pioneer 93M60",FALSE,69.74,NA,TRUE,"LNPK",NA,NA,NA,NA,NA,NA,NA,"5/22/2006",142,FALSE,NA,NA
"2843",5,2006,"4NC",4,"NE",2,FALSE,"S","Pioneer 93M60",FALSE,52.9,NA,FALSE,"none",NA,NA,NA,NA,NA,NA,NA,"5/22/2006",142,FALSE,NA,NA
"2844",5,2006,"4ND",4,"NE",2,FALSE,"S","Pioneer 93M60",FALSE,53.4,NA,FALSE,"none",NA,NA,NA,NA,NA,NA,NA,"5/22/2006",142,FALSE,NA,NA
"2845",5,2006,"4SA",4,"SW",2,FALSE,"S","Pioneer 93M60",FALSE,59.36,NA,TRUE,"LNPK",NA,NA,NA,NA,NA,NA,NA,"5/22/2006",142,FALSE,NA,NA
"2846",5,2006,"4SB",4,"SW",2,FALSE,"S","Pioneer 93M60",FALSE,70.01,NA,TRUE,"LNPK",NA,NA,NA,NA,NA,NA,NA,"5/22/2006",142,FALSE,NA,NA
"2847",5,2006,"4SC",4,"SE",2,FALSE,"S","Pioneer 93M60",FALSE,65.82,NA,TRUE,"MLP",NA,NA,NA,NA,NA,NA,NA,"5/22/2006",142,FALSE,NA,NA
"2848",5,2006,"4SD",4,"SE",2,FALSE,"S","Pioneer 93M60",FALSE,56.3,NA,TRUE,"MLP",NA,NA,NA,NA,NA,NA,NA,"5/22/2006",142,FALSE,NA,NA
"2849",5,2006,"5NA",5,"NW",3,TRUE,"C","DK 5240",FALSE,106.12,NA,FALSE,"none",NA,NA,NA,NA,NA,NA,16000,"5/22/2006",142,FALSE,NA,NA
"2850",5,2006,"5NB",5,"NW",3,TRUE,"C","DK 5240",FALSE,142.57,NA,TRUE,"LNPK",NA,NA,200,NA,NA,NA,28000,"5/22/2006",142,FALSE,NA,NA
"2851",5,2006,"5NC",5,"NE",3,TRUE,"C","DK 5240",FALSE,109.4,NA,FALSE,"none",NA,NA,NA,NA,NA,NA,16000,"5/22/2006",142,FALSE,NA,NA
"2852",5,2006,"5ND",5,"NE",3,TRUE,"C","DK 5240",FALSE,97.2,NA,FALSE,"none",NA,NA,NA,NA,NA,NA,16000,"5/22/2006",142,FALSE,NA,NA
"2853",5,2006,"5SA",5,"SW",3,TRUE,"C","DK 5240",FALSE,144.87,NA,TRUE,"LNPK",NA,NA,200,NA,NA,NA,28000,"5/22/2006",142,FALSE,NA,NA
"2854",5,2006,"5SB",5,"SW",3,TRUE,"C","DK 5240",FALSE,166.07,NA,TRUE,"LNPK",NA,NA,200,NA,NA,NA,28000,"5/22/2006",142,FALSE,NA,NA
"2855",5,2006,"5SC",5,"SE",3,TRUE,"C","DK 5240",FALSE,148.51,NA,TRUE,"MLP",NA,NA,NA,NA,NA,NA,20000,"5/22/2006",142,FALSE,NA,NA
"2856",5,2006,"5SD",5,"SE",3,TRUE,"C","DK 5240",FALSE,84.1,NA,TRUE,"MLP",NA,NA,NA,NA,NA,NA,16000,"5/22/2006",142,FALSE,NA,NA
"2857",5,2007,"3NA",3,"NW",1,TRUE,"CC","DK 5240",FALSE,28.89,NA,FALSE,"none",NA,NA,NA,NA,NA,NA,8000,"5/31/2007",151,FALSE,NA,NA
"2858",5,2007,"3NB",3,"NW",1,TRUE,"CC","DK 5240",FALSE,156.75,NA,TRUE,"LNPK",NA,NA,200,200,200,NA,28000,"5/31/2007",151,FALSE,NA,NA
"2859",5,2007,"3NC",3,"NE",1,TRUE,"CC","DK 5240",FALSE,33.8,NA,FALSE,"none",NA,NA,NA,NA,NA,NA,8000,"5/31/2007",151,FALSE,NA,NA
"2860",5,2007,"3ND",3,"NE",1,TRUE,"CC","DK 5240",FALSE,29.5,NA,FALSE,"none",NA,NA,NA,NA,NA,NA,8000,"5/31/2007",151,FALSE,NA,NA
"2861",5,2007,"3SA",3,"SW",1,TRUE,"CC","DK 5240",FALSE,118.27,NA,TRUE,"LNPK",NA,NA,200,NA,NA,NA,28000,"5/31/2007",151,FALSE,NA,NA
"2862",5,2007,"3SB",3,"SW",1,TRUE,"CC","DK 5240",FALSE,193.88,NA,TRUE,"LNPK",NA,NA,200,NA,NA,NA,28000,"5/31/2007",151,FALSE,NA,NA
"2863",5,2007,"3SC",3,"SE",1,TRUE,"CC","DK 5240",FALSE,101.06,NA,TRUE,"MLP",NA,NA,NA,NA,NA,NA,20000,"5/31/2007",151,FALSE,NA,NA
"2864",5,2007,"3SD",3,"SE",1,TRUE,"CC","DK 5240",FALSE,38.1,NA,TRUE,"MLP",NA,NA,NA,NA,NA,NA,16000,"5/31/2007",151,FALSE,NA,NA
"2865",5,2007,"4NA",4,"NW",2,TRUE,"C","DK 5240",FALSE,103.2,NA,FALSE,"none",NA,NA,NA,NA,NA,NA,16000,"5/31/2007",151,FALSE,NA,NA
"2866",5,2007,"4NB",4,"NW",2,TRUE,"C","DK 5240",FALSE,213.42,NA,TRUE,"LNPK",NA,NA,200,200,200,NA,28000,"5/31/2007",151,FALSE,NA,NA
"2867",5,2007,"4NC",4,"NE",2,TRUE,"C","DK 5240",FALSE,107.7,NA,FALSE,"none",NA,NA,NA,NA,NA,NA,16000,"5/31/2007",151,FALSE,NA,NA
"2868",5,2007,"4ND",4,"NE",2,TRUE,"C","DK 5240",FALSE,93.2,NA,FALSE,"none",NA,NA,NA,NA,NA,NA,16000,"5/31/2007",151,FALSE,NA,NA
"2869",5,2007,"4SA",4,"SW",2,TRUE,"C","DK 5240",FALSE,170.52,NA,TRUE,"LNPK",NA,NA,200,200,200,NA,28000,"5/31/2007",151,FALSE,NA,NA
"2870",5,2007,"4SB",4,"SW",2,TRUE,"C","DK 5240",FALSE,210.1,NA,TRUE,"LNPK",NA,NA,200,200,200,NA,28000,"5/31/2007",151,FALSE,NA,NA
"2871",5,2007,"4SC",4,"SE",2,TRUE,"C","DK 5240",FALSE,164.74,NA,TRUE,"MLP",NA,NA,NA,NA,NA,NA,20000,"5/31/2007",151,FALSE,NA,NA
"2872",5,2007,"4SD",4,"SE",2,TRUE,"C","DK 5240",FALSE,150.8,NA,TRUE,"MLP",NA,NA,NA,NA,NA,NA,16000,"5/31/2007",151,FALSE,NA,NA
"2873",5,2007,"5NA",5,"NW",3,FALSE,"O","Ogle",FALSE,37.5,NA,FALSE,"none",NA,NA,NA,NA,NA,NA,NA,"3/22/2007",81,FALSE,NA,NA
"2874",5,2007,"5NB",5,"NW",3,FALSE,"O","Ogle",FALSE,78.7,NA,TRUE,"LNPK",NA,NA,75,200,200,NA,NA,"3/22/2007",81,FALSE,NA,NA
"2875",5,2007,"5NC",5,"NE",3,FALSE,"O","Ogle",FALSE,49.6,NA,FALSE,"none",NA,NA,NA,NA,NA,NA,NA,"3/22/2007",81,FALSE,NA,NA
"2876",5,2007,"5ND",5,"NE",3,FALSE,"O","Ogle",FALSE,46.4,NA,FALSE,"none",NA,NA,NA,NA,NA,NA,NA,"3/22/2007",81,FALSE,NA,NA
"2877",5,2007,"5SA",5,"SW",3,FALSE,"O","Ogle",FALSE,98.2,NA,TRUE,"LNPK",NA,NA,75,NA,NA,NA,NA,"3/22/2007",81,FALSE,NA,NA
"2878",5,2007,"5SB",5,"SW",3,FALSE,"O","Ogle",FALSE,95.6,NA,TRUE,"LNPK",NA,NA,75,NA,NA,NA,NA,"3/22/2007",81,FALSE,NA,NA
"2879",5,2007,"5SC",5,"SE",3,FALSE,"O","Ogle",FALSE,95.7,NA,TRUE,"MLP",NA,NA,NA,NA,NA,NA,NA,"3/22/2007",81,FALSE,NA,NA
"2880",5,2007,"5SD",5,"SE",3,FALSE,"O","Ogle",FALSE,79,NA,TRUE,"MLP",NA,NA,NA,NA,NA,NA,NA,"3/22/2007",81,FALSE,NA,NA
"2881",5,2008,"3NA",3,"NW",1,TRUE,"CC","Pioner 34A20",FALSE,37.76,NA,FALSE,"none",NA,NA,NA,NA,NA,NA,8000,"5/28/2008",148,FALSE,NA,NA
"2882",5,2008,"3NB",3,"NW",1,TRUE,"CC","Pioner 34A20",FALSE,99.05,NA,TRUE,"LNPK",NA,NA,200,NA,NA,NA,28000,"5/28/2008",148,FALSE,NA,NA
"2883",5,2008,"3NC",3,"NE",1,TRUE,"CC","Pioner 34A20",FALSE,56.43,NA,FALSE,"none",NA,NA,NA,NA,NA,NA,8000,"5/28/2008",148,FALSE,NA,NA
"2884",5,2008,"3ND",3,"NE",1,TRUE,"CC","Pioner 34A20",FALSE,25.58,NA,FALSE,"none",NA,NA,NA,NA,NA,NA,8000,"5/28/2008",148,FALSE,NA,NA
"2885",5,2008,"3SA",3,"SW",1,TRUE,"CC","Pioner 34A20",FALSE,95.68,NA,TRUE,"LNPK",NA,NA,200,NA,NA,NA,28000,"5/28/2008",148,FALSE,NA,NA
"2886",5,2008,"3SB",3,"SW",1,TRUE,"CC","Pioner 34A20",FALSE,113.92,NA,TRUE,"LNPK",NA,NA,200,NA,NA,NA,28000,"5/28/2008",148,FALSE,NA,NA
"2887",5,2008,"3SC",3,"SE",1,TRUE,"CC","Pioner 34A20",FALSE,63.4,NA,TRUE,"MLP",NA,NA,NA,NA,NA,NA,20000,"5/28/2008",148,FALSE,NA,NA
"2888",5,2008,"3SD",3,"SE",1,TRUE,"CC","Pioner 34A20",FALSE,51.42,NA,TRUE,"MLP",NA,NA,NA,NA,NA,NA,16000,"5/28/2008",148,FALSE,NA,NA
"2889",5,2008,"4NA",4,"NW",2,FALSE,"S","Asgrow 3402",FALSE,NA,NA,FALSE,"none",NA,NA,NA,NA,NA,NA,NA,"5/28/2008",148,FALSE,NA,NA
"2890",5,2008,"4NB",4,"NW",2,FALSE,"S","Asgrow 3402",FALSE,NA,NA,TRUE,"LNPK",NA,NA,NA,NA,NA,NA,NA,"5/28/2008",148,FALSE,NA,NA
"2891",5,2008,"4NC",4,"NE",2,FALSE,"S","Asgrow 3402",FALSE,NA,NA,FALSE,"none",NA,NA,NA,NA,NA,NA,NA,"5/28/2008",148,FALSE,NA,NA
"2892",5,2008,"4ND",4,"NE",2,FALSE,"S","Asgrow 3402",FALSE,40.63,NA,FALSE,"none",NA,NA,NA,NA,NA,NA,NA,"5/28/2008",148,FALSE,NA,NA
"2893",5,2008,"4SA",4,"SW",2,FALSE,"S","Asgrow 3402",FALSE,36.58,NA,TRUE,"LNPK",NA,NA,NA,NA,NA,NA,NA,"5/28/2008",148,FALSE,NA,NA
"2894",5,2008,"4SB",4,"SW",2,FALSE,"S","Asgrow 3402",FALSE,43.18,NA,TRUE,"LNPK",NA,NA,NA,NA,NA,NA,NA,"5/28/2008",148,FALSE,NA,NA
"2895",5,2008,"4SC",4,"SE",2,FALSE,"S","Asgrow 3402",FALSE,33.94,NA,TRUE,"MLP",NA,NA,NA,NA,NA,NA,NA,"5/28/2008",148,FALSE,NA,NA
"2896",5,2008,"4SD",4,"SE",2,FALSE,"S","Asgrow 3402",FALSE,35.94,NA,TRUE,"MLP",NA,NA,NA,NA,NA,NA,NA,"5/28/2008",148,FALSE,NA,NA
"2897",5,2008,"5NA",5,"NW",3,FALSE,"H",NA,FALSE,NA,41.56,FALSE,"none",NA,NA,NA,NA,NA,NA,NA,NA,NA,FALSE,NA,NA
"2898",5,2008,"5NB",5,"NW",3,FALSE,"H",NA,FALSE,NA,51.55,TRUE,"LNPK",NA,NA,NA,NA,NA,NA,NA,NA,NA,FALSE,NA,NA
"2899",5,2008,"5NC",5,"NE",3,FALSE,"H",NA,FALSE,NA,40.72,FALSE,"none",NA,NA,NA,NA,NA,NA,NA,NA,NA,FALSE,NA,NA
"2900",5,2008,"5ND",5,"NE",3,FALSE,"H",NA,FALSE,NA,NA,FALSE,"none",NA,NA,NA,NA,NA,NA,NA,NA,NA,FALSE,NA,NA
"2901",5,2008,"5SA",5,"SW",3,FALSE,"H",NA,FALSE,NA,NA,TRUE,"LNPK",NA,NA,NA,NA,NA,NA,NA,NA,NA,FALSE,NA,NA
"2902",5,2008,"5SB",5,"SW",3,FALSE,"H",NA,FALSE,NA,NA,TRUE,"LNPK",NA,NA,NA,NA,NA,NA,NA,NA,NA,FALSE,NA,NA
"2903",5,2008,"5SC",5,"SE",3,FALSE,"H",NA,FALSE,NA,NA,TRUE,"MLP",NA,NA,NA,NA,NA,NA,NA,NA,NA,FALSE,NA,NA
"2904",5,2008,"5SD",5,"SE",3,FALSE,"H",NA,FALSE,NA,NA,TRUE,"MLP",NA,NA,NA,NA,NA,NA,NA,NA,NA,FALSE,NA,NA
"2905",5,2009,"3NA",3,"NW",1,TRUE,"CC",NA,TRUE,54.258288,NA,FALSE,"none",NA,NA,NA,NA,NA,NA,NA,NA,NA,FALSE,NA,NA
"2906",5,2009,"3NB",3,"NW",1,TRUE,"CC",NA,TRUE,191.957931,NA,TRUE,"LNPK",NA,NA,200,NA,NA,NA,NA,NA,NA,FALSE,NA,NA
"2907",5,2009,"3NC",3,"NE",1,TRUE,"CC",NA,TRUE,37.741275,NA,FALSE,"none",NA,NA,NA,NA,NA,NA,NA,NA,NA,FALSE,"water damage",NA
"2908",5,2009,"3ND",3,"NE",1,TRUE,"CC",NA,TRUE,36.790754,NA,FALSE,"none",NA,NA,NA,NA,NA,NA,NA,NA,NA,FALSE,"water damage",NA
"2909",5,2009,"3SA",3,"SW",1,TRUE,"CC",NA,TRUE,96.19773,NA,TRUE,"LNPK",NA,NA,200,NA,NA,NA,NA,NA,NA,FALSE,"water damage",NA
"2910",5,2009,"3SB",3,"SW",1,TRUE,"CC",NA,TRUE,211.815648,NA,TRUE,"LNPK",NA,NA,200,NA,NA,NA,NA,NA,NA,FALSE,NA,NA
"2911",5,2009,"3SC",3,"SE",1,TRUE,"CC",NA,TRUE,76.179312,NA,TRUE,"MLP",NA,NA,NA,NA,NA,NA,NA,NA,NA,FALSE,NA,NA
"2912",5,2009,"3SD",3,"SE",1,TRUE,"CC",NA,TRUE,75.382454,NA,TRUE,"MLP",NA,NA,NA,NA,NA,NA,NA,NA,NA,FALSE,NA,NA
"2913",5,2009,"4NA",4,"NW",2,TRUE,"C",NA,TRUE,73.082592,NA,FALSE,"none",NA,NA,NA,NA,NA,NA,NA,NA,NA,FALSE,NA,NA
"2914",5,2009,"4NB",4,"NW",2,TRUE,"C",NA,TRUE,227.492793,NA,TRUE,"LNPK",NA,NA,200,NA,NA,NA,NA,NA,NA,FALSE,NA,NA
"2915",5,2009,"4NC",4,"NE",2,TRUE,"C",NA,TRUE,61.663437,NA,FALSE,"none",NA,NA,NA,NA,NA,NA,NA,NA,NA,FALSE,NA,NA
"2916",5,2009,"4ND",4,"NE",2,TRUE,"C",NA,TRUE,73.581508,NA,FALSE,"none",NA,NA,NA,NA,NA,NA,NA,NA,NA,FALSE,NA,NA
"2917",5,2009,"4SA",4,"SW",2,TRUE,"C",NA,TRUE,255.789072,NA,TRUE,"LNPK",NA,NA,200,NA,NA,NA,NA,NA,NA,FALSE,NA,NA
"2918",5,2009,"4SB",4,"SW",2,TRUE,"C",NA,TRUE,243.8667,NA,TRUE,"LNPK",NA,NA,200,NA,NA,NA,NA,NA,NA,FALSE,NA,NA
"2919",5,2009,"4SC",4,"SE",2,TRUE,"C",NA,TRUE,157.816593,NA,TRUE,"MLP",NA,NA,NA,NA,NA,NA,NA,NA,NA,FALSE,NA,NA
"2920",5,2009,"4SD",4,"SE",2,TRUE,"C",NA,TRUE,151.536742,NA,TRUE,"MLP",NA,NA,NA,NA,NA,NA,NA,NA,NA,FALSE,NA,NA
"2921",5,2009,"5NA",5,"NW",3,TRUE,"C",NA,TRUE,156.961476,NA,FALSE,"none",NA,NA,NA,NA,NA,NA,NA,NA,NA,FALSE,NA,NA
"2922",5,2009,"5NB",5,"NW",3,TRUE,"C",NA,TRUE,240.034509,NA,TRUE,"LNPK",NA,NA,200,NA,NA,NA,NA,NA,NA,FALSE,NA,NA
"2923",5,2009,"5NC",5,"NE",3,TRUE,"C",NA,TRUE,130.410621,NA,FALSE,"none",NA,NA,NA,NA,NA,NA,NA,NA,NA,FALSE,NA,NA
"2924",5,2009,"5ND",5,"NE",3,TRUE,"C",NA,TRUE,148.578045,NA,FALSE,"none",NA,NA,NA,NA,NA,NA,NA,NA,NA,FALSE,NA,NA
"2925",5,2009,"5SA",5,"SW",3,TRUE,"C",NA,TRUE,257.865282,NA,TRUE,"LNPK",NA,NA,200,NA,NA,NA,NA,NA,NA,FALSE,NA,NA
"2926",5,2009,"5SB",5,"SW",3,TRUE,"C",NA,TRUE,243.8667,NA,TRUE,"LNPK",NA,NA,200,NA,NA,NA,NA,NA,NA,FALSE,NA,NA
"2927",5,2009,"5SC",5,"SE",3,TRUE,"C",NA,TRUE,200.667456,NA,TRUE,"MLP",NA,NA,NA,NA,NA,NA,NA,NA,NA,FALSE,NA,NA
"2928",5,2009,"5SD",5,"SE",3,TRUE,"C",NA,TRUE,192.9585,NA,TRUE,"MLP",NA,NA,NA,NA,NA,NA,NA,NA,NA,FALSE,NA,NA
"2929",5,2010,"3NA",3,"NW",NA,NA,NA,NA,NA,NA,NA,NA,NA,NA,NA,NA,NA,NA,NA,NA,NA,NA,FALSE,NA,NA
"2930",5,2010,"3NB",3,"NW",NA,NA,NA,NA,NA,NA,NA,NA,NA,NA,NA,NA,NA,NA,NA,NA,NA,NA,FALSE,NA,NA
"2931",5,2010,"3NC",3,"NE",NA,NA,NA,NA,NA,NA,NA,NA,NA,NA,NA,NA,NA,NA,NA,NA,NA,NA,FALSE,NA,NA
"2932",5,2010,"3ND",3,"NE",NA,NA,NA,NA,NA,NA,NA,NA,NA,NA,NA,NA,NA,NA,NA,NA,NA,NA,FALSE,NA,NA
"2933",5,2010,"3SA",3,"SW",NA,NA,NA,NA,NA,NA,NA,NA,NA,NA,NA,NA,NA,NA,NA,NA,NA,NA,FALSE,NA,NA
"2934",5,2010,"3SB",3,"SW",NA,NA,NA,NA,NA,NA,NA,NA,NA,NA,NA,NA,NA,NA,NA,NA,NA,NA,FALSE,NA,NA
"2935",5,2010,"3SC",3,"SE",NA,NA,NA,NA,NA,NA,NA,NA,NA,NA,NA,NA,NA,NA,NA,NA,NA,NA,FALSE,NA,NA
"2936",5,2010,"3SD",3,"SE",NA,NA,NA,NA,NA,NA,NA,NA,NA,NA,NA,NA,NA,NA,NA,NA,NA,NA,FALSE,NA,NA
"2937",5,2010,"4NA",4,"NW",NA,NA,NA,NA,NA,NA,NA,NA,NA,NA,NA,NA,NA,NA,NA,NA,NA,NA,FALSE,NA,NA
"2938",5,2010,"4NB",4,"NW",NA,NA,NA,NA,NA,NA,NA,NA,NA,NA,NA,NA,NA,NA,NA,NA,NA,NA,FALSE,NA,NA
"2939",5,2010,"4NC",4,"NE",NA,NA,NA,NA,NA,NA,NA,NA,NA,NA,NA,NA,NA,NA,NA,NA,NA,NA,FALSE,NA,NA
"2940",5,2010,"4ND",4,"NE",NA,NA,NA,NA,NA,NA,NA,NA,NA,NA,NA,NA,NA,NA,NA,NA,NA,NA,FALSE,NA,NA
"2941",5,2010,"4SA",4,"SW",NA,NA,NA,NA,NA,NA,NA,NA,NA,NA,NA,NA,NA,NA,NA,NA,NA,NA,FALSE,NA,NA
"2942",5,2010,"4SB",4,"SW",NA,NA,NA,NA,NA,NA,NA,NA,NA,NA,NA,NA,NA,NA,NA,NA,NA,NA,FALSE,NA,NA
"2943",5,2010,"4SC",4,"SE",NA,NA,NA,NA,NA,NA,NA,NA,NA,NA,NA,NA,NA,NA,NA,NA,NA,NA,FALSE,NA,NA
"2944",5,2010,"4SD",4,"SE",NA,NA,NA,NA,NA,NA,NA,NA,NA,NA,NA,NA,NA,NA,NA,NA,NA,NA,FALSE,NA,NA
"2945",5,2010,"5NA",5,"NW",NA,NA,NA,NA,NA,NA,NA,NA,NA,NA,NA,NA,NA,NA,NA,NA,NA,NA,FALSE,NA,NA
"2946",5,2010,"5NB",5,"NW",NA,NA,NA,NA,NA,NA,NA,NA,NA,NA,NA,NA,NA,NA,NA,NA,NA,NA,FALSE,NA,NA
"2947",5,2010,"5NC",5,"NE",NA,NA,NA,NA,NA,NA,NA,NA,NA,NA,NA,NA,NA,NA,NA,NA,NA,NA,FALSE,NA,NA
"2948",5,2010,"5ND",5,"NE",NA,NA,NA,NA,NA,NA,NA,NA,NA,NA,NA,NA,NA,NA,NA,NA,NA,NA,FALSE,NA,NA
"2949",5,2010,"5SA",5,"SW",NA,NA,NA,NA,NA,NA,NA,NA,NA,NA,NA,NA,NA,NA,NA,NA,NA,NA,FALSE,NA,NA
"2950",5,2010,"5SB",5,"SW",NA,NA,NA,NA,NA,NA,NA,NA,NA,NA,NA,NA,NA,NA,NA,NA,NA,NA,FALSE,NA,NA
"2951",5,2010,"5SC",5,"SE",NA,NA,NA,NA,NA,NA,NA,NA,NA,NA,NA,NA,NA,NA,NA,NA,NA,NA,FALSE,NA,NA
"2952",5,2010,"5SD",5,"SE",NA,NA,NA,NA,NA,NA,NA,NA,NA,NA,NA,NA,NA,NA,NA,NA,NA,NA,FALSE,NA,NA
"2953",5,2011,"3NA",3,"NW",1,TRUE,"CC",NA,FALSE,19.94967,NA,FALSE,"none",NA,NA,NA,NA,NA,NA,NA,NA,NA,FALSE,NA,NA
"2954",5,2011,"3NB",3,"NW",1,TRUE,"CC",NA,FALSE,50.3410545,NA,TRUE,"LNPK",NA,NA,200,NA,NA,NA,NA,NA,NA,FALSE,NA,NA
"2955",5,2011,"3NC",3,"NE",1,TRUE,"CC",NA,FALSE,25.6211505,NA,FALSE,"none",NA,NA,NA,NA,NA,NA,NA,NA,NA,FALSE,NA,NA
"2956",5,2011,"3ND",3,"NE",1,TRUE,"CC",NA,FALSE,25.67187,NA,FALSE,"none",NA,NA,NA,NA,NA,NA,NA,NA,NA,FALSE,NA,NA
"2957",5,2011,"3SA",3,"SW",1,TRUE,"CC",NA,FALSE,92.228859,NA,TRUE,"LNPK",NA,NA,200,NA,NA,NA,NA,NA,NA,FALSE,NA,NA
"2958",5,2011,"3SB",3,"SW",1,TRUE,"CC",NA,FALSE,70.812225,NA,TRUE,"LNPK",NA,NA,200,NA,NA,NA,NA,NA,NA,FALSE,NA,NA
"2959",5,2011,"3SC",3,"SE",1,TRUE,"CC",NA,FALSE,31.929876,NA,TRUE,"MLP",NA,NA,NA,192,NA,NA,NA,NA,NA,FALSE,NA,"Manure Application:  Liquid Dairy manure applied at 10,067 gal/acre:  192 lbs of P205 applied"
"2960",5,2011,"3SD",3,"SE",1,TRUE,"CC",NA,FALSE,32.517702,NA,TRUE,"MLP",NA,NA,NA,192,NA,NA,NA,NA,NA,FALSE,NA,"Manure Application:  Liquid Dairy manure applied at 10,067 gal/acre:  192 lbs of P205 applied"
"2961",5,2011,"4NA",4,"NW",2,TRUE,"C",NA,FALSE,59.84901,NA,FALSE,"none",NA,NA,NA,NA,NA,NA,NA,NA,NA,FALSE,NA,NA
"2962",5,2011,"4NB",4,"NW",2,TRUE,"C",NA,FALSE,169.8205905,NA,TRUE,"LNPK",NA,NA,200,NA,NA,NA,NA,NA,NA,FALSE,NA,NA
"2963",5,2011,"4NC",4,"NE",2,TRUE,"C",NA,FALSE,56.5210305,NA,FALSE,"none",NA,NA,NA,NA,NA,NA,NA,NA,NA,FALSE,NA,NA
"2964",5,2011,"4ND",4,"NE",2,TRUE,"C",NA,FALSE,49.7749035,NA,FALSE,"none",NA,NA,NA,NA,NA,NA,NA,NA,NA,FALSE,NA,NA
"2965",5,2011,"4SA",4,"SW",2,TRUE,"C",NA,FALSE,157.295475,NA,TRUE,"LNPK",NA,NA,200,NA,NA,NA,NA,NA,NA,FALSE,NA,NA
"2966",5,2011,"4SB",4,"SW",2,TRUE,"C",NA,FALSE,149.9931675,NA,TRUE,"LNPK",NA,NA,200,NA,NA,NA,NA,NA,NA,FALSE,NA,NA
"2967",5,2011,"4SC",4,"SE",2,TRUE,"C",NA,FALSE,61.9285095,NA,TRUE,"MLP",NA,NA,NA,192,NA,NA,NA,NA,NA,FALSE,NA,"Manure Application:  Liquid Dairy manure applied at 10,067 gal/acre:  192 lbs of P205 applied"
"2968",5,2011,"4SD",4,"SE",2,TRUE,"C",NA,FALSE,45.2110155,NA,TRUE,"MLP",NA,NA,NA,192,NA,NA,NA,NA,NA,FALSE,NA,"Manure Application:  Liquid Dairy manure applied at 10,067 gal/acre:  192 lbs of P205 applied"
"2969",5,2011,"5NA",5,"NW",3,FALSE,"A",NA,FALSE,NA,NA,FALSE,"none",NA,NA,NA,NA,NA,NA,NA,NA,NA,FALSE,NA,NA
"2970",5,2011,"5NB",5,"NW",3,FALSE,"A",NA,FALSE,NA,NA,TRUE,"LNPK",NA,NA,200,NA,NA,NA,NA,NA,NA,FALSE,NA,NA
"2971",5,2011,"5NC",5,"NE",3,FALSE,"A",NA,FALSE,NA,NA,FALSE,"none",NA,NA,NA,NA,NA,NA,NA,NA,NA,FALSE,NA,NA
"2972",5,2011,"5ND",5,"NE",3,FALSE,"A",NA,FALSE,NA,NA,FALSE,"none",NA,NA,NA,NA,NA,NA,NA,NA,NA,FALSE,NA,NA
"2973",5,2011,"5SA",5,"SW",3,FALSE,"A",NA,FALSE,NA,NA,TRUE,"LNPK",NA,NA,200,NA,NA,NA,NA,NA,NA,FALSE,NA,NA
"2974",5,2011,"5SB",5,"SW",3,FALSE,"A",NA,FALSE,NA,NA,TRUE,"LNPK",NA,NA,200,NA,NA,NA,NA,NA,NA,FALSE,NA,NA
"2975",5,2011,"5SC",5,"SE",3,FALSE,"A",NA,FALSE,NA,NA,TRUE,"MLP",NA,NA,NA,192,NA,NA,NA,NA,NA,FALSE,NA,"Manure Application:  Liquid Dairy manure applied at 10,067 gal/acre:  192 lbs of P205 applied"
"2976",5,2011,"5SD",5,"SE",3,FALSE,"A",NA,FALSE,NA,NA,TRUE,"MLP",NA,NA,NA,192,NA,NA,NA,NA,NA,FALSE,NA,"Manure Application:  Liquid Dairy manure applied at 10,067 gal/acre:  192 lbs of P205 applied"
"2977",5,2012,"3NA",3,"NW",1,TRUE,"CC",NA,FALSE,18.58,NA,FALSE,"none",NA,NA,NA,NA,NA,NA,NA,NA,NA,FALSE,NA,NA
"2978",5,2012,"3NB",3,"NW",1,TRUE,"CC",NA,FALSE,41.03,NA,TRUE,"LNPK",NA,NA,200,NA,NA,NA,NA,NA,NA,FALSE,NA,NA
"2979",5,2012,"3NC",3,"NE",1,TRUE,"CC",NA,FALSE,15.42,NA,FALSE,"none",NA,NA,NA,NA,NA,NA,NA,NA,NA,FALSE,NA,NA
"2980",5,2012,"3ND",3,"NE",1,TRUE,"CC",NA,FALSE,16.66,NA,FALSE,"none",NA,NA,NA,NA,NA,NA,NA,NA,NA,FALSE,NA,NA
"2981",5,2012,"3SA",3,"SW",1,TRUE,"CC",NA,FALSE,49.41,NA,TRUE,"LNPK",NA,NA,200,NA,NA,NA,NA,NA,NA,FALSE,NA,NA
"2982",5,2012,"3SB",3,"SW",1,TRUE,"CC",NA,FALSE,50.17,NA,TRUE,"LNPK",NA,NA,200,NA,NA,NA,NA,NA,NA,FALSE,NA,NA
"2983",5,2012,"3SC",3,"SE",1,TRUE,"CC",NA,FALSE,33.59,NA,TRUE,"MLP",NA,NA,NA,NA,NA,NA,NA,NA,NA,FALSE,NA,NA
"2984",5,2012,"3SD",3,"SE",1,TRUE,"CC",NA,FALSE,23.35,NA,TRUE,"MLP",NA,NA,NA,NA,NA,NA,NA,NA,NA,FALSE,NA,NA
"2985",5,2012,"4NA",4,"NW",2,FALSE,"S",NA,FALSE,18.29143333,NA,FALSE,"none",NA,NA,NA,NA,NA,NA,NA,NA,NA,FALSE,NA,NA
"2986",5,2012,"4NB",4,"NW",2,FALSE,"S",NA,FALSE,21.58824701,NA,TRUE,"LNPK",NA,NA,200,NA,NA,NA,NA,NA,NA,FALSE,NA,NA
"2987",5,2012,"4NC",4,"NE",2,FALSE,"S",NA,FALSE,16.97199655,NA,FALSE,"none",NA,NA,NA,NA,NA,NA,NA,NA,NA,FALSE,NA,NA
"2988",5,2012,"4ND",4,"NE",2,FALSE,"S",NA,FALSE,17.97005937,NA,FALSE,"none",NA,NA,NA,NA,NA,NA,NA,NA,NA,FALSE,NA,NA
"2989",5,2012,"4SA",4,"SW",2,FALSE,"S",NA,FALSE,20.31818483,NA,TRUE,"LNPK",NA,NA,200,NA,NA,NA,NA,NA,NA,FALSE,NA,NA
"2990",5,2012,"4SB",4,"SW",2,FALSE,"S",NA,FALSE,20.78115126,NA,TRUE,"LNPK",NA,NA,200,NA,NA,NA,NA,NA,NA,FALSE,NA,NA
"2991",5,2012,"4SC",4,"SE",2,FALSE,"S",NA,FALSE,25.77749172,NA,TRUE,"MLP",NA,NA,NA,NA,NA,NA,NA,NA,NA,FALSE,NA,NA
"2992",5,2012,"4SD",4,"SE",2,FALSE,"S",NA,FALSE,20.36000724,NA,TRUE,"MLP",NA,NA,NA,NA,NA,NA,NA,NA,NA,FALSE,NA,NA
"2993",5,2012,"5NA",5,"NW",3,TRUE,"C",NA,FALSE,35.02,NA,FALSE,"none",NA,NA,NA,NA,NA,NA,NA,NA,NA,FALSE,NA,NA
"2994",5,2012,"5NB",5,"NW",3,TRUE,"C",NA,FALSE,47.05,NA,TRUE,"LNPK",NA,NA,200,NA,NA,NA,NA,NA,NA,FALSE,NA,NA
"2995",5,2012,"5NC",5,"NE",3,TRUE,"C",NA,FALSE,36.09,NA,FALSE,"none",NA,NA,NA,NA,NA,NA,NA,NA,NA,FALSE,NA,NA
"2996",5,2012,"5ND",5,"NE",3,TRUE,"C",NA,FALSE,32.08,NA,FALSE,"none",NA,NA,NA,NA,NA,NA,NA,NA,NA,FALSE,NA,NA
"2997",5,2012,"5SA",5,"SW",3,TRUE,"C",NA,FALSE,47.81,NA,TRUE,"LNPK",NA,NA,200,NA,NA,NA,NA,NA,NA,FALSE,NA,NA
"2998",5,2012,"5SB",5,"SW",3,TRUE,"C",NA,FALSE,54.8,NA,TRUE,"LNPK",NA,NA,200,NA,NA,NA,NA,NA,NA,FALSE,NA,NA
"2999",5,2012,"5SC",5,"SE",3,TRUE,"C",NA,FALSE,49.01,NA,TRUE,"MLP",NA,NA,NA,NA,NA,NA,NA,NA,NA,FALSE,NA,NA
"3000",5,2012,"5SD",5,"SE",3,TRUE,"C",NA,FALSE,27.76,NA,TRUE,"MLP",NA,NA,NA,NA,NA,NA,NA,NA,NA,FALSE,NA,NA
"3001",5,2013,"3NA",3,"NW",1,TRUE,"CC",NA,FALSE,43.01979586,NA,FALSE,"none",NA,NA,NA,NA,NA,NA,32000,NA,NA,FALSE,NA,NA
"3002",5,2013,"3NB",3,"NW",1,TRUE,"CC",NA,FALSE,86.42977912,NA,TRUE,"LNPK",NA,NA,200,NA,NA,NA,32000,NA,NA,FALSE,NA,NA
"3003",5,2013,"3NC",3,"NE",1,TRUE,"CC",NA,FALSE,49.28703002,NA,FALSE,"none",NA,NA,NA,NA,NA,NA,32000,NA,NA,FALSE,NA,NA
"3004",5,2013,"3ND",3,"NE",1,TRUE,"CC",NA,FALSE,36.92254989,NA,FALSE,"none",NA,NA,NA,NA,NA,NA,32000,NA,NA,FALSE,NA,NA
"3005",5,2013,"3SA",3,"SW",1,TRUE,"CC",NA,FALSE,155.6550444,NA,TRUE,"LNPK",NA,NA,200,NA,NA,NA,32000,NA,NA,FALSE,NA,NA
"3006",5,2013,"3SB",3,"SW",1,TRUE,"CC",NA,FALSE,153.5287985,NA,TRUE,"LNPK",NA,NA,200,NA,NA,NA,32000,NA,NA,FALSE,NA,NA
"3007",5,2013,"3SC",3,"SE",1,TRUE,"CC",NA,FALSE,113.311427,NA,TRUE,"MLP",NA,NA,132,84,132,NA,32000,NA,NA,FALSE,NA,"Manure Application:  Liquid Dairy manure applied at 6,000 gal/acre:  132 lbs N per acre, 84 lbs of P205, 132 lbs K2O per acre"
"3008",5,2013,"3SD",3,"SE",1,TRUE,"CC",NA,FALSE,72.70733229,NA,TRUE,"MLP",NA,NA,132,84,132,NA,32000,NA,NA,FALSE,NA,"Manure Application:  Liquid Dairy manure applied at 6,000 gal/acre:  132 lbs N per acre, 84 lbs of P205, 132 lbs K2O per acre"
"3009",5,2013,"4NA",4,"NW",2,TRUE,"C",NA,FALSE,133.3483385,NA,FALSE,"none",NA,NA,NA,NA,NA,NA,32000,NA,NA,FALSE,NA,NA
"3010",5,2013,"4NB",4,"NW",2,TRUE,"C",NA,FALSE,169.4635128,NA,TRUE,"LNPK",NA,NA,200,NA,NA,NA,32000,NA,NA,FALSE,NA,NA
"3011",5,2013,"4NC",4,"NE",2,TRUE,"C",NA,FALSE,127.6776243,NA,FALSE,"none",NA,NA,NA,NA,NA,NA,32000,NA,NA,FALSE,NA,NA
"3012",5,2013,"4ND",4,"NE",2,TRUE,"C",NA,FALSE,123.9921085,NA,FALSE,"none",NA,NA,NA,NA,NA,NA,32000,NA,NA,FALSE,NA,NA
"3013",5,2013,"4SA",4,"SW",2,TRUE,"C",NA,FALSE,171.9170244,NA,TRUE,"LNPK",NA,NA,200,NA,NA,NA,32000,NA,NA,FALSE,NA,NA
"3014",5,2013,"4SB",4,"SW",2,TRUE,"C",NA,FALSE,187.0680419,NA,TRUE,"LNPK",NA,NA,200,NA,NA,NA,32000,NA,NA,FALSE,NA,NA
"3015",5,2013,"4SC",4,"SE",2,TRUE,"C",NA,FALSE,143.1125351,NA,TRUE,"MLP",NA,NA,132,84,132,NA,32000,NA,NA,FALSE,NA,"Manure Application:  Liquid Dairy manure applied at 6,000 gal/acre:  132 lbs N per acre, 84 lbs of P205, 132 lbs K2O per acre"
"3016",5,2013,"4SD",4,"SE",2,TRUE,"C",NA,FALSE,145.9888395,NA,TRUE,"MLP",NA,NA,132,84,132,NA,32000,NA,NA,FALSE,NA,"Manure Application:  Liquid Dairy manure applied at 6,000 gal/acre:  132 lbs N per acre, 84 lbs of P205, 132 lbs K2O per acre"
"3017",5,2013,"5NA",5,"NW",3,FALSE,"O",NA,FALSE,NA,NA,FALSE,"none",NA,NA,NA,NA,NA,NA,NA,NA,NA,FALSE,NA,NA
"3018",5,2013,"5NB",5,"NW",3,FALSE,"O",NA,FALSE,NA,NA,TRUE,"LNPK",NA,NA,200,NA,NA,NA,NA,NA,NA,FALSE,NA,NA
"3019",5,2013,"5NC",5,"NE",3,FALSE,"O",NA,FALSE,NA,NA,FALSE,"none",NA,NA,NA,NA,NA,NA,NA,NA,NA,FALSE,NA,NA
"3020",5,2013,"5ND",5,"NE",3,FALSE,"O",NA,FALSE,NA,NA,FALSE,"none",NA,NA,NA,NA,NA,NA,NA,NA,NA,FALSE,NA,NA
"3021",5,2013,"5SA",5,"SW",3,FALSE,"O",NA,FALSE,NA,NA,TRUE,"LNPK",NA,NA,200,NA,NA,NA,NA,NA,NA,FALSE,NA,NA
"3022",5,2013,"5SB",5,"SW",3,FALSE,"O",NA,FALSE,NA,NA,TRUE,"LNPK",NA,NA,200,NA,NA,NA,NA,NA,NA,FALSE,NA,NA
"3023",5,2013,"5SC",5,"SE",3,FALSE,"O",NA,FALSE,NA,NA,TRUE,"MLP",NA,NA,132,84,132,NA,NA,NA,NA,FALSE,NA,"Manure Application:  Liquid Dairy manure applied at 6,000 gal/acre:  132 lbs N per acre, 84 lbs of P205, 132 lbs K2O per acre"
"3024",5,2013,"5SD",5,"SE",3,FALSE,"O",NA,FALSE,NA,NA,TRUE,"MLP",NA,NA,132,84,132,NA,NA,NA,NA,FALSE,NA,"Manure Application:  Liquid Dairy manure applied at 6,000 gal/acre:  132 lbs N per acre, 84 lbs of P205, 132 lbs K2O per acre"
"3025",5,2014,"3NA",3,"NW",NA,NA,NA,NA,NA,NA,NA,NA,NA,NA,NA,NA,NA,NA,NA,NA,NA,NA,FALSE,NA,NA
"3026",5,2014,"3NB",3,"NW",NA,NA,NA,NA,NA,NA,NA,NA,NA,NA,NA,NA,NA,NA,NA,NA,NA,NA,FALSE,NA,NA
"3027",5,2014,"3NC",3,"NE",NA,NA,NA,NA,NA,NA,NA,NA,NA,NA,NA,NA,NA,NA,NA,NA,NA,NA,FALSE,NA,NA
"3028",5,2014,"3ND",3,"NE",NA,NA,NA,NA,NA,NA,NA,NA,NA,NA,NA,NA,NA,NA,NA,NA,NA,NA,FALSE,NA,NA
"3029",5,2014,"3SA",3,"SW",NA,NA,NA,NA,NA,NA,NA,NA,NA,NA,NA,NA,NA,NA,NA,NA,NA,NA,FALSE,NA,NA
"3030",5,2014,"3SB",3,"SW",NA,NA,NA,NA,NA,NA,NA,NA,NA,NA,NA,NA,NA,NA,NA,NA,NA,NA,FALSE,NA,NA
"3031",5,2014,"3SC",3,"SE",NA,NA,NA,NA,NA,NA,NA,NA,NA,NA,NA,NA,NA,NA,NA,NA,NA,NA,FALSE,NA,NA
"3032",5,2014,"3SD",3,"SE",NA,NA,NA,NA,NA,NA,NA,NA,NA,NA,NA,NA,NA,NA,NA,NA,NA,NA,FALSE,NA,NA
"3033",5,2014,"4NA",4,"NW",NA,NA,NA,NA,NA,NA,NA,NA,NA,NA,NA,NA,NA,NA,NA,NA,NA,NA,FALSE,NA,NA
"3034",5,2014,"4NB",4,"NW",NA,NA,NA,NA,NA,NA,NA,NA,NA,NA,NA,NA,NA,NA,NA,NA,NA,NA,FALSE,NA,NA
"3035",5,2014,"4NC",4,"NE",NA,NA,NA,NA,NA,NA,NA,NA,NA,NA,NA,NA,NA,NA,NA,NA,NA,NA,FALSE,NA,NA
"3036",5,2014,"4ND",4,"NE",NA,NA,NA,NA,NA,NA,NA,NA,NA,NA,NA,NA,NA,NA,NA,NA,NA,NA,FALSE,NA,NA
"3037",5,2014,"4SA",4,"SW",NA,NA,NA,NA,NA,NA,NA,NA,NA,NA,NA,NA,NA,NA,NA,NA,NA,NA,FALSE,NA,NA
"3038",5,2014,"4SB",4,"SW",NA,NA,NA,NA,NA,NA,NA,NA,NA,NA,NA,NA,NA,NA,NA,NA,NA,NA,FALSE,NA,NA
"3039",5,2014,"4SC",4,"SE",NA,NA,NA,NA,NA,NA,NA,NA,NA,NA,NA,NA,NA,NA,NA,NA,NA,NA,FALSE,NA,NA
"3040",5,2014,"4SD",4,"SE",NA,NA,NA,NA,NA,NA,NA,NA,NA,NA,NA,NA,NA,NA,NA,NA,NA,NA,FALSE,NA,NA
"3041",5,2014,"5NA",5,"NW",NA,NA,NA,NA,NA,NA,NA,NA,NA,NA,NA,NA,NA,NA,NA,NA,NA,NA,FALSE,NA,NA
"3042",5,2014,"5NB",5,"NW",NA,NA,NA,NA,NA,NA,NA,NA,NA,NA,NA,NA,NA,NA,NA,NA,NA,NA,FALSE,NA,NA
"3043",5,2014,"5NC",5,"NE",NA,NA,NA,NA,NA,NA,NA,NA,NA,NA,NA,NA,NA,NA,NA,NA,NA,NA,FALSE,NA,NA
"3044",5,2014,"5ND",5,"NE",NA,NA,NA,NA,NA,NA,NA,NA,NA,NA,NA,NA,NA,NA,NA,NA,NA,NA,FALSE,NA,NA
"3045",5,2014,"5SA",5,"SW",NA,NA,NA,NA,NA,NA,NA,NA,NA,NA,NA,NA,NA,NA,NA,NA,NA,NA,FALSE,NA,NA
"3046",5,2014,"5SB",5,"SW",NA,NA,NA,NA,NA,NA,NA,NA,NA,NA,NA,NA,NA,NA,NA,NA,NA,NA,FALSE,NA,NA
"3047",5,2014,"5SC",5,"SE",NA,NA,NA,NA,NA,NA,NA,NA,NA,NA,NA,NA,NA,NA,NA,NA,NA,NA,FALSE,NA,NA
"3048",5,2014,"5SD",5,"SE",NA,NA,NA,NA,NA,NA,NA,NA,NA,NA,NA,NA,NA,NA,NA,NA,NA,NA,FALSE,NA,NA
"3049",5,2015,"3NA",3,"NW",1,TRUE,"CC",NA,TRUE,53.77474482,NA,FALSE,"none",NA,NA,NA,NA,NA,NA,32000,NA,NA,FALSE,NA,NA
"3050",5,2015,"3NB",3,"NW",1,TRUE,"CC",NA,TRUE,108.0372239,NA,TRUE,"LNPK",NA,NA,200,NA,NA,NA,32000,NA,NA,FALSE,NA,NA
"3051",5,2015,"3NC",3,"NE",1,TRUE,"CC",NA,TRUE,61.60878752,NA,FALSE,"none",NA,NA,NA,NA,NA,NA,32000,NA,NA,FALSE,NA,NA
"3052",5,2015,"3ND",3,"NE",1,TRUE,"CC",NA,TRUE,46.15318737,NA,FALSE,"none",NA,NA,NA,NA,NA,NA,32000,NA,NA,FALSE,NA,NA
"3053",5,2015,"3SA",3,"SW",1,TRUE,"CC",NA,TRUE,194.5688055,NA,TRUE,"LNPK",NA,NA,200,NA,NA,NA,32000,NA,NA,FALSE,NA,NA
"3054",5,2015,"3SB",3,"SW",1,TRUE,"CC",NA,TRUE,191.9109981,NA,TRUE,"LNPK",NA,NA,200,NA,NA,NA,32000,NA,NA,FALSE,NA,NA
"3055",5,2015,"3SC",3,"SE",1,TRUE,"CC",NA,TRUE,141.6392838,NA,TRUE,"MLP",NA,NA,132,84,132,NA,32000,NA,NA,FALSE,NA,"Manure Application:  Liquid Dairy manure applied at 6,000 gal/acre:  132 lbs N per acre, 84 lbs of P205, 132 lbs K2O per acre"
"3056",5,2015,"3SD",3,"SE",1,TRUE,"CC",NA,TRUE,90.88416536,NA,TRUE,"MLP",NA,NA,132,84,132,NA,32000,NA,NA,FALSE,NA,"Manure Application:  Liquid Dairy manure applied at 6,000 gal/acre:  132 lbs N per acre, 84 lbs of P205, 132 lbs K2O per acre"
"3057",5,2015,"4NA",4,"NW",2,TRUE,"C",NA,TRUE,123.8821217,NA,FALSE,"none",NA,NA,NA,NA,NA,NA,32000,NA,NA,FALSE,NA,NA
"3058",5,2015,"4NB",4,"NW",2,TRUE,"C",NA,TRUE,193.3919042,NA,TRUE,"LNPK",NA,NA,200,NA,NA,NA,32000,NA,NA,FALSE,NA,NA
"3059",5,2015,"4NC",4,"NE",2,TRUE,"C",NA,TRUE,125.3068893,NA,FALSE,"none",NA,NA,NA,NA,NA,NA,32000,NA,NA,FALSE,NA,NA
"3060",5,2015,"4ND",4,"NE",2,TRUE,"C",NA,TRUE,126.6648563,NA,FALSE,"none",NA,NA,NA,NA,NA,NA,32000,NA,NA,FALSE,NA,NA
"3061",5,2015,"4SA",4,"SW",2,TRUE,"C",NA,TRUE,182.5467033,NA,TRUE,"LNPK",NA,NA,200,NA,NA,NA,32000,NA,NA,FALSE,NA,NA
"3062",5,2015,"4SB",4,"SW",2,TRUE,"C",NA,TRUE,196.8684066,NA,TRUE,"LNPK",NA,NA,200,NA,NA,NA,32000,NA,NA,FALSE,NA,NA
"3063",5,2015,"4SC",4,"SE",2,TRUE,"C",NA,TRUE,157.5213018,NA,TRUE,"MLP",NA,NA,132,84,132,NA,32000,NA,NA,FALSE,NA,"Manure Application:  Liquid Dairy manure applied at 6,000 gal/acre:  132 lbs N per acre, 84 lbs of P205, 132 lbs K2O per acre"
"3064",5,2015,"4SD",4,"SE",2,TRUE,"C",NA,TRUE,153.0583897,NA,TRUE,"MLP",NA,NA,132,84,132,NA,32000,NA,NA,FALSE,NA,"Manure Application:  Liquid Dairy manure applied at 6,000 gal/acre:  132 lbs N per acre, 84 lbs of P205, 132 lbs K2O per acre"
"3065",5,2015,"5NA",5,"NW",3,TRUE,"C",NA,TRUE,46.806847,NA,FALSE,"none",NA,NA,NA,NA,NA,NA,32000,NA,NA,FALSE,NA,NA
"3066",5,2015,"5NB",5,"NW",3,TRUE,"C",NA,TRUE,198.0321217,NA,TRUE,"LNPK",NA,NA,200,NA,NA,NA,32000,NA,NA,FALSE,NA,NA
"3067",5,2015,"5NC",5,"NE",3,TRUE,"C",NA,TRUE,98.28573542,NA,FALSE,"none",NA,NA,NA,NA,NA,NA,32000,NA,NA,FALSE,NA,NA
"3068",5,2015,"5ND",5,"NE",3,TRUE,"C",NA,TRUE,114.9019019,NA,FALSE,"none",NA,NA,NA,NA,NA,NA,32000,NA,NA,FALSE,NA,NA
"3069",5,2015,"5SA",5,"SW",3,TRUE,"C",NA,TRUE,202.205579,NA,TRUE,"LNPK",NA,NA,200,NA,NA,NA,32000,NA,NA,FALSE,NA,NA
"3070",5,2015,"5SB",5,"SW",3,TRUE,"C",NA,TRUE,214.8330199,NA,TRUE,"LNPK",NA,NA,200,NA,NA,NA,32000,NA,NA,FALSE,NA,NA
"3071",5,2015,"5SC",5,"SE",3,TRUE,"C",NA,TRUE,152.0660186,NA,TRUE,"MLP",NA,NA,132,84,132,NA,32000,NA,NA,FALSE,NA,"Manure Application:  Liquid Dairy manure applied at 6,000 gal/acre:  132 lbs N per acre, 84 lbs of P205, 132 lbs K2O per acre"
"3072",5,2015,"5SD",5,"SE",3,TRUE,"C",NA,TRUE,135.5838335,NA,TRUE,"MLP",NA,NA,132,84,132,NA,32000,NA,NA,FALSE,NA,"Manure Application:  Liquid Dairy manure applied at 6,000 gal/acre:  132 lbs N per acre, 84 lbs of P205, 132 lbs K2O per acre"
"3073",5,2016,"3NA",3,"NW",1,TRUE,"CC",NA,FALSE,83.73214286,NA,FALSE,"none",NA,NA,NA,NA,NA,NA,32000,NA,NA,FALSE,NA,NA
"3074",5,2016,"3NB",3,"NW",1,TRUE,"CC",NA,FALSE,182.3571429,NA,TRUE,"LNPK",NA,NA,200,NA,NA,NA,32000,NA,NA,FALSE,NA,NA
"3075",5,2016,"3NC",3,"NE",1,TRUE,"CC",NA,FALSE,178.4464286,NA,FALSE,"none",NA,NA,NA,NA,NA,NA,32000,NA,NA,FALSE,NA,NA
"3076",5,2016,"3ND",3,"NE",1,TRUE,"CC",NA,FALSE,32.35714286,NA,FALSE,"none",NA,NA,NA,NA,NA,NA,32000,NA,NA,FALSE,"water damage",NA
"3077",5,2016,"3SA",3,"SW",1,TRUE,"CC",NA,FALSE,130.9285714,NA,TRUE,"LNPK",NA,NA,200,NA,NA,NA,32000,NA,NA,FALSE,NA,NA
"3078",5,2016,"3SB",3,"SW",1,TRUE,"CC",NA,FALSE,195.6964286,NA,TRUE,"LNPK",NA,NA,200,NA,NA,NA,32000,NA,NA,FALSE,NA,NA
"3079",5,2016,"3SC",3,"SE",1,TRUE,"CC",NA,FALSE,174.1071429,NA,TRUE,"MLP",NA,NA,NA,NA,NA,NA,32000,NA,NA,FALSE,NA,NA
"3080",5,2016,"3SD",3,"SE",1,TRUE,"CC",NA,FALSE,63.42857143,NA,TRUE,"MLP",NA,NA,NA,NA,NA,NA,32000,NA,NA,FALSE,NA,NA
"3081",5,2016,"4NA",4,"NW",2,FALSE,"S",NA,FALSE,26.51715,NA,FALSE,"none",NA,NA,NA,NA,NA,NA,NA,NA,NA,FALSE,NA,NA
"3082",5,2016,"4NB",4,"NW",2,FALSE,"S",NA,FALSE,31.05465,NA,TRUE,"LNPK",NA,NA,200,NA,NA,NA,NA,NA,NA,FALSE,NA,NA
"3083",5,2016,"4NC",4,"NE",2,FALSE,"S",NA,FALSE,20.4127,NA,FALSE,"none",NA,NA,NA,NA,NA,NA,NA,NA,NA,FALSE,NA,NA
"3084",5,2016,"4ND",4,"NE",2,FALSE,"S",NA,FALSE,26.02105,NA,FALSE,"none",NA,NA,NA,NA,NA,NA,NA,NA,NA,FALSE,NA,NA
"3085",5,2016,"4SA",4,"SW",2,FALSE,"S",NA,FALSE,36.4936,NA,TRUE,"LNPK",NA,NA,200,NA,NA,NA,NA,NA,NA,FALSE,NA,NA
"3086",5,2016,"4SB",4,"SW",2,FALSE,"S",NA,FALSE,35.64055,NA,TRUE,"LNPK",NA,NA,200,NA,NA,NA,NA,NA,NA,FALSE,NA,NA
"3087",5,2016,"4SC",4,"SE",2,FALSE,"S",NA,FALSE,36.784,NA,TRUE,"MLP",NA,NA,NA,NA,NA,NA,NA,NA,NA,FALSE,NA,NA
"3088",5,2016,"4SD",4,"SE",2,FALSE,"S",NA,FALSE,33.0693,NA,TRUE,"MLP",NA,NA,NA,NA,NA,NA,NA,NA,NA,FALSE,NA,NA
"3089",5,2016,"5NA",5,"NW",3,FALSE,"O",NA,FALSE,NA,NA,FALSE,"none",NA,NA,NA,NA,NA,NA,NA,NA,NA,FALSE,NA,NA
"3090",5,2016,"5NB",5,"NW",3,FALSE,"O",NA,FALSE,NA,NA,TRUE,"LNPK",NA,NA,200,NA,NA,NA,NA,NA,NA,FALSE,NA,NA
"3091",5,2016,"5NC",5,"NE",3,FALSE,"O",NA,FALSE,NA,NA,FALSE,"none",NA,NA,NA,NA,NA,NA,NA,NA,NA,FALSE,NA,NA
"3092",5,2016,"5ND",5,"NE",3,FALSE,"O",NA,FALSE,NA,NA,FALSE,"none",NA,NA,NA,NA,NA,NA,NA,NA,NA,FALSE,NA,NA
"3093",5,2016,"5SA",5,"SW",3,FALSE,"O",NA,FALSE,NA,NA,TRUE,"LNPK",NA,NA,200,NA,NA,NA,NA,NA,NA,FALSE,NA,NA
"3094",5,2016,"5SB",5,"SW",3,FALSE,"O",NA,FALSE,NA,NA,TRUE,"LNPK",NA,NA,200,NA,NA,NA,NA,NA,NA,FALSE,NA,NA
"3095",5,2016,"5SC",5,"SE",3,FALSE,"O",NA,FALSE,NA,NA,TRUE,"MLP",NA,NA,NA,NA,NA,NA,NA,NA,NA,FALSE,NA,NA
"3096",5,2016,"5SD",5,"SE",3,FALSE,"O",NA,FALSE,NA,NA,TRUE,"MLP",NA,NA,NA,NA,NA,NA,NA,NA,NA,FALSE,NA,NA
"3097",5,2017,"3NA",3,"NW",1,TRUE,"CC",NA,FALSE,77.76785714,NA,FALSE,"none",NA,NA,NA,NA,NA,NA,32000,NA,NA,FALSE,NA,NA
"3098",5,2017,"3NB",3,"NW",1,TRUE,"CC",NA,FALSE,162.0682143,NA,TRUE,"LNPK",NA,NA,200,NA,NA,NA,32000,NA,NA,FALSE,NA,NA
"3099",5,2017,"3NC",3,"NE",1,TRUE,"CC",NA,FALSE,65.325,NA,FALSE,"none",NA,NA,NA,NA,NA,NA,32000,NA,NA,FALSE,NA,NA
"3100",5,2017,"3ND",3,"NE",1,TRUE,"CC",NA,FALSE,74.65714286,NA,FALSE,"none",NA,NA,NA,NA,NA,NA,32000,NA,NA,FALSE,NA,NA
"3101",5,2017,"3SA",3,"SW",1,TRUE,"CC",NA,FALSE,185.0875,NA,TRUE,"LNPK",NA,NA,200,NA,NA,NA,32000,NA,NA,FALSE,NA,NA
"3102",5,2017,"3SB",3,"SW",1,TRUE,"CC",NA,FALSE,163.3125,NA,TRUE,"LNPK",NA,NA,200,NA,NA,NA,32000,NA,NA,FALSE,NA,NA
"3103",5,2017,"3SC",3,"SE",1,TRUE,"CC",NA,FALSE,74.65714286,NA,TRUE,"MLP",NA,NA,NA,NA,NA,NA,32000,NA,NA,FALSE,NA,NA
"3104",5,2017,"3SD",3,"SE",1,TRUE,"CC",NA,FALSE,110.4303571,NA,TRUE,"MLP",NA,NA,NA,NA,NA,NA,32000,NA,NA,FALSE,NA,NA
"3105",5,2017,"4NA",4,"NW",2,TRUE,"C",NA,FALSE,101.0982143,NA,FALSE,"none",NA,NA,NA,NA,NA,NA,32000,NA,NA,FALSE,NA,NA
"3106",5,2017,"4NB",4,"NW",2,TRUE,"C",NA,FALSE,195.975,NA,TRUE,"LNPK",NA,NA,200,NA,NA,NA,32000,NA,NA,FALSE,NA,NA
"3107",5,2017,"4NC",4,"NE",2,TRUE,"C",NA,FALSE,85.54464286,NA,FALSE,"none",NA,NA,NA,NA,NA,NA,32000,NA,NA,FALSE,NA,NA
"3108",5,2017,"4ND",4,"NE",2,TRUE,"C",NA,FALSE,87.1,NA,FALSE,"none",NA,NA,NA,NA,NA,NA,32000,NA,NA,FALSE,NA,NA
"3109",5,2017,"4SA",4,"SW",2,TRUE,"C",NA,FALSE,194.4196429,NA,TRUE,"LNPK",NA,NA,200,NA,NA,NA,32000,NA,NA,FALSE,NA,NA
"3110",5,2017,"4SB",4,"SW",2,TRUE,"C",NA,FALSE,157.0910714,NA,TRUE,"LNPK",NA,NA,200,NA,NA,NA,32000,NA,NA,FALSE,NA,NA
"3111",5,2017,"4SC",4,"SE",2,TRUE,"C",NA,FALSE,158.6464286,NA,TRUE,"MLP",NA,NA,NA,NA,NA,NA,32000,NA,NA,FALSE,NA,NA
"3112",5,2017,"4SD",4,"SE",2,TRUE,"C",NA,FALSE,180.4214286,NA,TRUE,"MLP",NA,NA,NA,NA,NA,NA,32000,NA,NA,FALSE,NA,NA
"3113",5,2017,"5NA",5,"NW",3,FALSE,"A",NA,FALSE,NA,NA,FALSE,"none",NA,NA,NA,NA,NA,NA,NA,NA,NA,FALSE,NA,NA
"3114",5,2017,"5NB",5,"NW",3,FALSE,"A",NA,FALSE,NA,NA,TRUE,"LNPK",NA,NA,200,NA,NA,NA,NA,NA,NA,FALSE,NA,NA
"3115",5,2017,"5NC",5,"NE",3,FALSE,"A",NA,FALSE,NA,NA,FALSE,"none",NA,NA,NA,NA,NA,NA,NA,NA,NA,FALSE,NA,NA
"3116",5,2017,"5ND",5,"NE",3,FALSE,"A",NA,FALSE,NA,NA,FALSE,"none",NA,NA,NA,NA,NA,NA,NA,NA,NA,FALSE,NA,NA
"3117",5,2017,"5SA",5,"SW",3,FALSE,"A",NA,FALSE,NA,NA,TRUE,"LNPK",NA,NA,200,NA,NA,NA,NA,NA,NA,FALSE,NA,NA
"3118",5,2017,"5SB",5,"SW",3,FALSE,"A",NA,FALSE,NA,NA,TRUE,"LNPK",NA,NA,200,NA,NA,NA,NA,NA,NA,FALSE,NA,NA
"3119",5,2017,"5SC",5,"SE",3,FALSE,"A",NA,FALSE,NA,NA,TRUE,"MLP",NA,NA,NA,NA,NA,NA,NA,NA,NA,FALSE,NA,NA
"3120",5,2017,"5SD",5,"SE",3,FALSE,"A",NA,FALSE,NA,NA,TRUE,"MLP",NA,NA,NA,NA,NA,NA,NA,NA,NA,FALSE,NA,NA
"3121",5,2018,"3NA",3,"NW",1,TRUE,"CC",NA,FALSE,62.21428571,NA,FALSE,"none",NA,NA,NA,NA,NA,NA,32000,NA,NA,FALSE,NA,NA
"3122",5,2018,"3NB",3,"NW",1,TRUE,"CC",NA,FALSE,63.76964286,NA,TRUE,"LNPK",NA,NA,200,NA,NA,NA,32000,NA,NA,FALSE,NA,NA
"3123",5,2018,"3NC",3,"NE",NA,NA,NA,NA,NA,NA,NA,NA,NA,NA,NA,NA,NA,NA,NA,NA,NA,NA,FALSE,NA,NA
"3124",5,2018,"3ND",3,"NE",1,TRUE,"CC",NA,FALSE,NA,NA,FALSE,"none",NA,NA,NA,NA,NA,NA,32000,NA,NA,FALSE,NA,NA
"3125",5,2018,"3SA",3,"SW",1,TRUE,"CC",NA,FALSE,195.975,NA,TRUE,"LNPK",NA,NA,200,NA,NA,NA,32000,NA,NA,FALSE,NA,NA
"3126",5,2018,"3SB",3,"SW",1,TRUE,"CC",NA,FALSE,206.5514286,NA,TRUE,"LNPK",NA,NA,200,NA,NA,NA,32000,NA,NA,FALSE,NA,NA
"3127",5,2018,"3SC",3,"SE",1,TRUE,"CC",NA,FALSE,110.4303571,NA,TRUE,"MLP",NA,NA,NA,NA,NA,NA,32000,NA,NA,FALSE,NA,NA
"3128",5,2018,"3SD",3,"SE",1,TRUE,"CC",NA,FALSE,97.36535714,NA,TRUE,"MLP",NA,NA,NA,NA,NA,NA,32000,NA,NA,FALSE,NA,NA
"3129",5,2018,"4NA",4,"NW",2,FALSE,"S",NA,FALSE,26.78215172,NA,FALSE,"none",NA,NA,NA,NA,NA,NA,NA,NA,NA,FALSE,NA,NA
"3130",5,2018,"4NB",4,"NW",2,FALSE,"S",NA,FALSE,54.11666667,NA,TRUE,"LNPK",NA,NA,200,NA,NA,NA,NA,NA,NA,FALSE,NA,NA
"3131",5,2018,"4NC",4,"NE",2,FALSE,"S",NA,FALSE,23.30156092,NA,FALSE,"none",NA,NA,NA,NA,NA,NA,NA,NA,NA,FALSE,NA,NA
"3132",5,2018,"4ND",4,"NE",2,FALSE,"S",NA,FALSE,21.72438391,NA,FALSE,"none",NA,NA,NA,NA,NA,NA,NA,NA,NA,FALSE,NA,NA
"3133",5,2018,"4SA",4,"SW",2,FALSE,"S",NA,FALSE,53.15661724,NA,TRUE,"LNPK",NA,NA,200,NA,NA,NA,NA,NA,NA,FALSE,NA,NA
"3134",5,2018,"4SB",4,"SW",2,FALSE,"S",NA,FALSE,56.02381264,NA,TRUE,"LNPK",NA,NA,200,NA,NA,NA,NA,NA,NA,FALSE,NA,NA
"3135",5,2018,"4SC",4,"SE",2,FALSE,"S",NA,FALSE,49.46307241,NA,TRUE,"MLP",NA,NA,NA,NA,NA,NA,NA,NA,NA,FALSE,NA,NA
"3136",5,2018,"4SD",4,"SE",2,FALSE,"S",NA,FALSE,44.76688736,NA,TRUE,"MLP",NA,NA,NA,NA,NA,NA,NA,NA,NA,FALSE,NA,NA
"3137",5,2018,"5NA",5,"NW",3,TRUE,"C",NA,FALSE,143.0928571,NA,FALSE,"none",NA,NA,NA,NA,NA,NA,32000,NA,NA,FALSE,NA,NA
"3138",5,2018,"5NB",5,"NW",3,TRUE,"C",NA,FALSE,272.1875,NA,TRUE,"LNPK",NA,NA,200,NA,NA,NA,32000,NA,NA,FALSE,NA,NA
"3139",5,2018,"5NC",5,"NE",3,TRUE,"C",NA,FALSE,167.9785714,NA,FALSE,"none",NA,NA,NA,NA,NA,NA,32000,NA,NA,FALSE,NA,NA
"3140",5,2018,"5ND",5,"NE",3,TRUE,"C",NA,FALSE,197.5303571,NA,FALSE,"none",NA,NA,NA,NA,NA,NA,32000,NA,NA,FALSE,NA,NA
"3141",5,2018,"5SA",5,"SW",3,TRUE,"C",NA,FALSE,242.6357143,NA,TRUE,"LNPK",NA,NA,200,NA,NA,NA,32000,NA,NA,FALSE,NA,NA
"3142",5,2018,"5SB",5,"SW",3,TRUE,"C",NA,FALSE,251.9678571,NA,TRUE,"LNPK",NA,NA,200,NA,NA,NA,32000,NA,NA,FALSE,NA,NA
"3143",5,2018,"5SC",5,"SE",3,TRUE,"C",NA,FALSE,183.5321429,NA,TRUE,"MLP",NA,NA,NA,NA,NA,NA,32000,NA,NA,FALSE,NA,NA
"3144",5,2018,"5SD",5,"SE",3,TRUE,"C",NA,FALSE,222.4160714,NA,TRUE,"MLP",NA,NA,NA,NA,NA,NA,32000,NA,NA,FALSE,NA,NA
"3145",5,2019,"3NA",3,"NW",1,TRUE,"CC",NA,FALSE,0,NA,FALSE,"none",NA,NA,NA,NA,NA,NA,32000,NA,NA,FALSE,"Destroyed by animals too thin to harvest",NA
"3146",5,2019,"3NB",3,"NW",1,TRUE,"CC","P1257AMXT Lot: D3DON11034-N",FALSE,0,NA,TRUE,"LNPK",NA,NA,NA,NA,NA,NA,32000,"5/18/2019",NA,FALSE,"Destroyed by animals too thin to harvest",NA
"3147",5,2019,"3NC",3,"NE",1,TRUE,"CC","P1257AMXT Lot: D3DON11034-N",FALSE,0,NA,FALSE,"none",NA,NA,NA,NA,NA,NA,32000,"5/18/2019",NA,FALSE,"Pollination off, 0 yield is correct",NA
"3148",5,2019,"3ND",3,"NE",1,TRUE,"CC","P1257AMXT Lot: D3DON11034-N",FALSE,0,NA,FALSE,"none",NA,NA,NA,NA,NA,NA,32000,"5/18/2019",NA,FALSE,"Pollination off, 0 yield is correct",NA
"3149",5,2019,"3SA",3,"SW",1,TRUE,"CC",NA,FALSE,0,NA,TRUE,"LNPK",NA,NA,NA,NA,NA,NA,32000,NA,NA,FALSE,"Destroyed by animals too thin to harvest",NA
"3150",5,2019,"3SB",3,"SW",1,TRUE,"CC","P1257AMXT Lot: D3DON11034-N",FALSE,124,NA,TRUE,"LNPK",NA,NA,NA,NA,NA,NA,32000,"5/18/2019",NA,FALSE,NA,NA
"3151",5,2019,"3SC",3,"SE",1,TRUE,"CC","P1257AMXT Lot: D3DON11034-N",FALSE,33,NA,TRUE,"MLP",NA,NA,NA,NA,NA,NA,32000,"5/18/2019",NA,FALSE,NA,NA
"3152",5,2019,"3SD",3,"SE",1,TRUE,"CC","P1257AMXT Lot: D3DON11034-N",FALSE,52,NA,TRUE,"MLP",NA,NA,NA,NA,NA,NA,32000,"5/18/2019",NA,FALSE,NA,NA
"3153",5,2019,"4NA",4,"NW",2,TRUE,"C","P1257AMXT Lot: D3DON11034-N",FALSE,20.70571246,NA,FALSE,"none",NA,NA,NA,NA,NA,NA,32000,"5/18/2019",NA,FALSE,NA,NA
"3154",5,2019,"4NB",4,"NW",2,TRUE,"C","P1257AMXT Lot: D3DON11034-N",FALSE,161.5854526,NA,TRUE,"LNPK",NA,NA,NA,NA,NA,NA,32000,"5/18/2019",NA,FALSE,NA,NA
"3155",5,2019,"4NC",4,"NE",2,TRUE,"C","P1257AMXT Lot: D3DON11034-N",FALSE,42.14352668,NA,FALSE,"none",NA,NA,NA,NA,NA,NA,32000,"5/18/2019",NA,FALSE,NA,NA
"3156",5,2019,"4ND",4,"NE",2,TRUE,"C","P1257AMXT Lot: D3DON11034-N",FALSE,50.21303665,NA,FALSE,"none",NA,NA,NA,NA,NA,NA,32000,"5/18/2019",NA,FALSE,NA,NA
"3157",5,2019,"4SA",4,"SW",2,TRUE,"C","P1257AMXT Lot: D3DON11034-N",FALSE,151,NA,TRUE,"LNPK",NA,NA,NA,NA,NA,NA,32000,"5/18/2019",NA,FALSE,NA,NA
"3158",5,2019,"4SB",4,"SW",2,TRUE,"C","P1257AMXT Lot: D3DON11034-N",FALSE,154.5017476,NA,TRUE,"LNPK",NA,NA,NA,NA,NA,NA,32000,"5/18/2019",NA,FALSE,NA,NA
"3159",5,2019,"4SC",4,"SE",2,TRUE,"C","P1257AMXT Lot: D3DON11034-N",FALSE,70.98724416,NA,TRUE,"MLP",NA,NA,NA,NA,NA,NA,32000,"5/18/2019",NA,FALSE,NA,NA
"3160",5,2019,"4SD",4,"SE",2,TRUE,"C","P1257AMXT Lot: D3DON11034-N",FALSE,87.25740781,NA,TRUE,"MLP",NA,NA,NA,NA,NA,NA,32000,"5/18/2019",NA,FALSE,NA,NA
"3161",5,2019,"5NA",5,"NW",3,FALSE,"O","REINS Lot # WC18",FALSE,NA,NA,FALSE,"none",NA,NA,NA,NA,NA,NA,100,"5/6/2019",NA,FALSE,NA,NA
"3162",5,2019,"5NB",5,"NW",3,FALSE,"O","REINS Lot # WC18",FALSE,NA,NA,TRUE,"LNPK",NA,NA,NA,NA,NA,NA,100,"5/6/2019",NA,FALSE,NA,NA
"3163",5,2019,"5NC",5,"NE",3,FALSE,"O","REINS Lot # WC18",FALSE,NA,NA,FALSE,"none",NA,NA,NA,NA,NA,NA,100,"5/6/2019",NA,FALSE,NA,NA
"3164",5,2019,"5ND",5,"NE",3,FALSE,"O","REINS Lot # WC18",FALSE,NA,NA,FALSE,"none",NA,NA,NA,NA,NA,NA,100,"5/6/2019",NA,FALSE,NA,NA
"3165",5,2019,"5SA",5,"SW",3,FALSE,"O","REINS Lot # WC18",FALSE,NA,NA,TRUE,"LNPK",NA,NA,NA,NA,NA,NA,100,"5/6/2019",NA,FALSE,NA,NA
"3166",5,2019,"5SB",5,"SW",3,FALSE,"O","REINS Lot # WC18",FALSE,NA,NA,TRUE,"LNPK",NA,NA,NA,NA,NA,NA,100,"5/6/2019",NA,FALSE,NA,NA
"3167",5,2019,"5SC",5,"SE",3,FALSE,"O","REINS Lot # WC18",FALSE,48.49662436,NA,TRUE,"MLP",NA,NA,NA,NA,NA,NA,100,"5/6/2019",NA,FALSE,NA,"SC and SD Harvested together"
"3168",5,2019,"5SD",5,"SE",3,FALSE,"O","REINS Lot # WC18",FALSE,48.49662436,NA,TRUE,"MLP",NA,NA,NA,NA,NA,NA,100,"5/6/2019",NA,FALSE,NA,"SC and SD Harvested together"
"3169",5,2020,"3NA",3,"NW",1,TRUE,"CC",NA,FALSE,113,NA,FALSE,"none",NA,NA,NA,NA,NA,NA,34364,NA,NA,FALSE,"Had to replanted due to field getting flooded on June 3rd","Population, plants/ac numbers based on stand counts from hand harvesting"
"3170",5,2020,"3NB",3,"NW",1,TRUE,"CC",NA,FALSE,207,NA,TRUE,"LNPK",NA,NA,200,43.54,40.97577296,NA,32670,NA,NA,FALSE,"Had to replanted due to field getting flooded on June 3rd","Population, plants/ac numbers based on stand counts from hand harvesting"
"3171",5,2020,"3NC",3,"NE",1,TRUE,"CC",NA,FALSE,84,NA,FALSE,"none",NA,NA,NA,NA,NA,NA,32359,NA,NA,FALSE,"Had to replanted due to field getting flooded on June 3rd","Population, plants/ac numbers based on stand counts from hand harvesting"
"3172",5,2020,"3ND",3,"NE",1,TRUE,"CC",NA,FALSE,84,NA,FALSE,"none",NA,NA,NA,NA,NA,NA,33686,NA,NA,FALSE,"Had to replanted due to field getting flooded on June 3rd","Population, plants/ac numbers based on stand counts from hand harvesting"
"3173",5,2020,"3SA",3,"SW",1,TRUE,"CC",NA,FALSE,118,NA,TRUE,"LNPK",NA,NA,200,43.54,40.975773,NA,32732,NA,NA,FALSE,"Had to replanted due to field getting flooded on June 3rd","Population, plants/ac numbers based on stand counts from hand harvesting"
"3174",5,2020,"3SB",3,"SW",1,TRUE,"CC",NA,FALSE,168,NA,TRUE,"LNPK",NA,NA,200,43.54,40.975773,NA,37171,NA,NA,FALSE,"Had to replanted due to field getting flooded on June 3rd","Population, plants/ac numbers based on stand counts from hand harvesting"
"3175",5,2020,"3SC",3,"SE",1,TRUE,"CC",NA,FALSE,81,NA,TRUE,"MLP",NA,NA,NA,NA,NA,NA,36663,NA,NA,FALSE,"Had to replanted due to field getting flooded on June 3rd","Population, plants/ac numbers based on stand counts from hand harvesting"
"3176",5,2020,"3SD",3,"SE",1,TRUE,"CC",NA,FALSE,62,NA,TRUE,"MLP",NA,NA,NA,NA,NA,NA,32525,NA,NA,FALSE,"Had to replanted due to field getting flooded on June 3rd","Population, plants/ac numbers based on stand counts from hand harvesting"
"3177",5,2020,"4NA",4,"NW",2,FALSE,"S",NA,FALSE,51,NA,FALSE,"none",NA,NA,NA,NA,NA,NA,175000,NA,NA,FALSE,NA,NA
"3178",5,2020,"4NB",4,"NW",2,FALSE,"S",NA,FALSE,59,NA,TRUE,"LNPK",NA,NA,200,56.76,53.4166786,NA,175000,NA,NA,FALSE,NA,NA
"3179",5,2020,"4NC",4,"NE",2,FALSE,"S",NA,FALSE,35,NA,FALSE,"none",NA,NA,NA,NA,NA,NA,175000,NA,NA,FALSE,NA,NA
"3180",5,2020,"4ND",4,"NE",2,FALSE,"S",NA,FALSE,40,NA,FALSE,"none",NA,NA,NA,NA,NA,NA,175000,NA,NA,FALSE,NA,NA
"3181",5,2020,"4SA",4,"SW",2,FALSE,"S",NA,FALSE,49,NA,TRUE,"LNPK",NA,NA,200,52.96,49.8458308,NA,175000,NA,NA,FALSE,NA,NA
"3182",5,2020,"4SB",4,"SW",2,FALSE,"S",NA,FALSE,64,NA,TRUE,"LNPK",NA,NA,200,54.27,51.0749579,NA,175000,NA,NA,FALSE,NA,NA
"3183",5,2020,"4SC",4,"SE",2,FALSE,"S",NA,FALSE,53,NA,TRUE,"MLP",NA,NA,NA,NA,NA,NA,175000,NA,NA,FALSE,NA,NA
"3184",5,2020,"4SD",4,"SE",2,FALSE,"S",NA,FALSE,56,NA,TRUE,"MLP",NA,NA,NA,NA,NA,NA,175000,NA,NA,FALSE,NA,NA
"3185",5,2020,"5NA",5,"NW",3,FALSE,"A",NA,FALSE,0,NA,FALSE,"none",NA,NA,NA,NA,NA,NA,NA,NA,NA,FALSE,NA,"No alfalfa harvested, mowed as green manure"
"3186",5,2020,"5NB",5,"NW",3,FALSE,"A",NA,FALSE,0,NA,TRUE,"LNPK",NA,NA,NA,NA,NA,NA,NA,NA,NA,FALSE,NA,"No alfalfa harvested, mowed as green manure"
"3187",5,2020,"5NC",5,"NE",3,FALSE,"A",NA,FALSE,0,NA,FALSE,"none",NA,NA,NA,NA,NA,NA,NA,NA,NA,FALSE,NA,"No alfalfa harvested, mowed as green manure"
"3188",5,2020,"5ND",5,"NE",3,FALSE,"A",NA,FALSE,0,NA,FALSE,"none",NA,NA,NA,NA,NA,NA,NA,NA,NA,FALSE,NA,"No alfalfa harvested, mowed as green manure"
"3189",5,2020,"5SA",5,"SW",3,FALSE,"A",NA,FALSE,0,NA,TRUE,"LNPK",NA,NA,NA,NA,NA,NA,NA,NA,NA,FALSE,NA,"No alfalfa harvested, mowed as green manure"
"3190",5,2020,"5SB",5,"SW",3,FALSE,"A",NA,FALSE,0,NA,TRUE,"LNPK",NA,NA,NA,NA,NA,NA,NA,NA,NA,FALSE,NA,"No alfalfa harvested, mowed as green manure"
"3191",5,2020,"5SC",5,"SE",3,FALSE,"A",NA,FALSE,0,NA,TRUE,"MLP",NA,NA,NA,NA,NA,NA,NA,NA,NA,FALSE,NA,"No alfalfa harvested, mowed as green manure"
"3192",5,2020,"5SD",5,"SE",3,FALSE,"A",NA,FALSE,0,NA,TRUE,"MLP",NA,NA,NA,NA,NA,NA,NA,NA,NA,FALSE,NA,"No alfalfa harvested, mowed as green manure"
"3193",5,2021,"3NA",3,"NW",1,TRUE,"CC",NA,TRUE,0,NA,FALSE,"none",NA,NA,NA,NA,NA,NA,NA,NA,NA,TRUE,"No data, critter and bird damaged plots",NA
"3194",5,2021,"3NB",3,"NW",1,TRUE,"CC",NA,TRUE,0,NA,TRUE,"LNPK",NA,NA,200,60.088,60.088,NA,NA,NA,NA,TRUE,"No data, critter and bird damaged plots","Target rate of 200#N/A from manure; Target lbs/plot was 473.94 lbs/A due to half of N being available during first year"
"3195",5,2021,"3NC",3,"NE",1,TRUE,"CC",NA,TRUE,20,NA,FALSE,"none",NA,NA,NA,NA,NA,NA,34074,NA,NA,TRUE,NA,"Population, plants/ac numbers based on stand counts from hand harvesting"
"3196",5,2021,"3ND",3,"NE",1,TRUE,"CC",NA,TRUE,23,NA,FALSE,"none",NA,NA,NA,NA,NA,NA,31363,NA,NA,TRUE,NA,"Population, plants/ac numbers based on stand counts from hand harvesting"
"3197",5,2021,"3SA",3,"SW",1,TRUE,"CC",NA,TRUE,209,NA,TRUE,"LNPK",NA,NA,200,51.408,51.408,NA,23522,NA,NA,TRUE,NA,"(Urea for N+14:14:14) based on grain removal of previous crop and used limiting P or K value; Population, plants/ac numbers based on stand counts from hand harvesting"
"3198",5,2021,"3SB",3,"SW",1,TRUE,"CC",NA,TRUE,327,NA,TRUE,"LNPK",NA,NA,200,59.192,59.192,NA,31944,NA,NA,TRUE,NA,"(Urea for N+14:14:14) based on grain removal of previous crop and used limiting P or K value; Population, plants/ac numbers based on stand counts from hand harvesting"
"3199",5,2021,"3SC",3,"SE",1,TRUE,"CC",NA,TRUE,247,NA,TRUE,"MLP",410,NA,NA,NA,NA,NA,32912,NA,NA,TRUE,NA,"Target rate of 200#N/A from manure; Target lbs/plot was 473.94 lbs/A due to half of N being available during first year.; Population, plants/ac numbers based on stand counts from hand harvesting"
"3200",5,2021,"3SD",3,"SE",1,TRUE,"CC",NA,TRUE,245,NA,TRUE,"MLP",410,NA,NA,NA,NA,NA,35235,NA,NA,TRUE,NA,"Target rate of 200#N/A from manure; Target lbs/plot was 473.94 lbs/A due to half of N being available during first year.; Population, plants/ac numbers based on stand counts from hand harvesting"
"3201",5,2021,"4NA",4,"NW",2,TRUE,"C",NA,TRUE,119,NA,FALSE,"none",NA,NA,NA,NA,NA,NA,35719,NA,NA,TRUE,NA,"Population, plants/ac numbers based on stand counts from hand harvesting"
"3202",5,2021,"4NB",4,"NW",2,TRUE,"C",NA,TRUE,260,NA,TRUE,"LNPK",NA,NA,200,69.328,69.328,NA,30202,NA,NA,TRUE,NA,"(Urea for N+14:14:14) based on grain removal of previous crop and used limiting P or K value; Population, plants/ac numbers based on stand counts from hand harvesting"
"3203",5,2021,"4NC",4,"NE",2,TRUE,"C",NA,TRUE,84,NA,FALSE,"none",NA,NA,NA,NA,NA,NA,32234,NA,NA,TRUE,NA,"Population, plants/ac numbers based on stand counts from hand harvesting"
"3204",5,2021,"4ND",4,"NE",2,TRUE,"C",NA,TRUE,86,NA,FALSE,"none",NA,NA,NA,NA,NA,NA,33977,NA,NA,TRUE,NA,"Population, plants/ac numbers based on stand counts from hand harvesting"
"3205",5,2021,"4SA",4,"SW",2,TRUE,"C",NA,TRUE,311,NA,TRUE,"LNPK",NA,NA,200,57.512,57.512,NA,34848,NA,NA,TRUE,NA,"(Urea for N+14:14:14) based on grain removal of previous crop and used limiting P or K value; Population, plants/ac numbers based on stand counts from hand harvesting"
"3206",5,2021,"4SB",4,"SW",2,TRUE,"C",NA,TRUE,289,NA,TRUE,"LNPK",NA,NA,200,75.208,75.208,NA,33686,NA,NA,TRUE,NA,"(Urea for N+14:14:14) based on grain removal of previous crop and used limiting P or K value; Population, plants/ac numbers based on stand counts from hand harvesting"
"3207",5,2021,"4SC",4,"SE",2,TRUE,"C",NA,TRUE,285,NA,TRUE,"MLP",500,NA,NA,NA,NA,NA,36300,NA,NA,TRUE,NA,"Target rate of 200#N/A from manure; Target lbs/plot was 473.94 lbs/A due to half of N being available during first year.; Population, plants/ac numbers based on stand counts from hand harvesting"
"3208",5,2021,"4SD",4,"SE",2,TRUE,"C",NA,TRUE,260,NA,TRUE,"MLP",500,NA,NA,NA,NA,NA,33977,NA,NA,TRUE,NA,"Target rate of 200#N/A from manure; Target lbs/plot was 473.94 lbs/A due to half of N being available during first year.; Population, plants/ac numbers based on stand counts from hand harvesting"
"3209",5,2021,"5NA",5,"NW",3,TRUE,"C",NA,TRUE,130,NA,FALSE,"none",NA,NA,NA,NA,NA,NA,33106,NA,NA,TRUE,NA,"Population, plants/ac numbers based on stand counts from hand harvesting"
"3210",5,2021,"5NB",5,"NW",3,TRUE,"C",NA,TRUE,295,NA,TRUE,"LNPK",NA,NA,200,NA,NA,NA,33686,NA,NA,TRUE,NA,"Population, plants/ac numbers based on stand counts from hand harvesting"
"3211",5,2021,"5NC",5,"NE",3,TRUE,"C",NA,TRUE,114,NA,FALSE,"none",NA,NA,NA,NA,NA,NA,32815,NA,NA,TRUE,NA,"Population, plants/ac numbers based on stand counts from hand harvesting"
"3212",5,2021,"5ND",5,"NE",3,TRUE,"C",NA,TRUE,126,NA,FALSE,"none",NA,NA,NA,NA,NA,NA,35719,NA,NA,TRUE,NA,"Population, plants/ac numbers based on stand counts from hand harvesting"
"3213",5,2021,"5SA",5,"SW",3,TRUE,"C",NA,TRUE,290,NA,TRUE,"LNPK",NA,NA,200,NA,NA,NA,33106,NA,NA,TRUE,NA,"Population, plants/ac numbers based on stand counts from hand harvesting"
"3214",5,2021,"5SB",5,"SW",3,TRUE,"C",NA,TRUE,279,NA,TRUE,"LNPK",NA,NA,200,NA,NA,NA,32525,NA,NA,TRUE,NA,"Population, plants/ac numbers based on stand counts from hand harvesting"
"3215",5,2021,"5SC",5,"SE",3,TRUE,"C",NA,TRUE,296,NA,TRUE,"MLP",570,NA,NA,NA,NA,NA,35429,NA,NA,TRUE,NA,"Target rate of 200#N/A from manure; Target lbs/plot was 473.94 lbs/A due to half of N being available during first year.; Population, plants/ac numbers based on stand counts from hand harvesting"
"3216",5,2021,"5SD",5,"SE",3,TRUE,"C",NA,TRUE,285,NA,TRUE,"MLP",570,NA,NA,NA,NA,NA,32525,NA,NA,TRUE,NA,"Target rate of 200#N/A from manure; Target lbs/plot was 473.94 lbs/A due to half of N being available during first year.; Population, plants/ac numbers based on stand counts from hand harvesting"
